transaction_id,customer_id,amount,payment_method,failure_reason,previous_recoveries,status,timestamp,recovery_amount,email
TXN0000001,CUST000052,125.48,Debit Card,Insufficient Funds,0,failed,2026-07-06 10:41:21,0.0,relaysupport.ai@gmail.com
TXN0000002,CUST000179,3357.33,ACH,Account Inactive,1,failed,2025-12-12 13:27:21,866.25,relaysupport.ai@gmail.com
TXN0000003,CUST001467,328.91,Digital Wallet,,0,success,2026-05-07 17:51:21,0.0,relaysupport.ai@gmail.com
TXN0000004,CUST000052,1500.93,Credit Card,,0,success,2026-06-07 10:01:21,0.0,relaysupport.ai@gmail.com
TXN0000005,CUST000319,956.18,Credit Card,,0,success,2026-07-07 06:04:21,0.0,relaysupport.ai@gmail.com
TXN0000006,CUST001467,37.72,Debit Card,,0,success,2026-08-05 08:59:21,0.0,relaysupport.ai@gmail.com
TXN0000007,CUST001993,145.58,Credit Card,Card Declined,0,failed,2025-10-10 12:32:21,0.0,relaysupport.ai@gmail.com
TXN0000008,CUST001183,1065.68,Debit Card,Daily Limit Exceeded,0,failed,2026-04-02 05:34:21,0.0
TXN0000009,CUST000179,30922.27,Credit Card,,1,success,2026-01-07 11:35:21,0.0
TXN0000010,CUST000759,1201.53,Credit Card,,0,success,2025-09-02 10:47:21,0.0
TXN0000011,CUST001467,270.32,Bank Transfer,,0,success,2026-04-25 02:59:21,0.0
TXN0000012,CUST001896,2754.96,Credit Card,,0,success,2025-09-11 21:35:21,0.0
TXN0000013,CUST000115,143.69,Bank Transfer,Insufficient Funds,0,failed,2026-07-26 01:30:21,0.0
TXN0000014,CUST001795,521.84,Debit Card,Insufficient Funds,3,failed,2025-10-02 18:19:21,386.83
TXN0000015,CUST000052,99.72,Credit Card,,0,success,2025-11-25 23:41:21,0.0
TXN0000016,CUST001839,3422.03,Debit Card,,0,success,2026-06-18 15:57:21,0.0
TXN0000017,CUST000179,923.3,Debit Card,,1,success,2026-06-10 12:18:21,0.0
TXN0000018,CUST000865,5894.42,ACH,,0,success,2025-10-26 17:55:21,0.0
TXN0000019,CUST000865,146.4,Credit Card,,0,success,2026-08-22 10:42:21,0.0
TXN0000020,CUST000865,61.87,Credit Card,,0,success,2025-10-03 22:21:21,0.0
TXN0000021,CUST001467,88.23,Digital Wallet,,0,success,2026-04-15 15:40:21,0.0
TXN0000022,CUST000052,177.53,Debit Card,,0,success,2026-03-28 11:56:21,0.0
TXN0000023,CUST000314,1592.7,Credit Card,Insufficient Funds,0,failed,2025-11-30 07:50:21,0.0
TXN0000024,CUST000040,2519.01,Digital Wallet,,0,success,2026-03-24 01:25:21,0.0
TXN0000025,CUST000865,188.89,Credit Card,,0,success,2026-07-15 08:57:21,0.0
TXN0000026,CUST001558,1791.46,ACH,Account Closed,0,failed,2026-06-04 23:55:21,0.0
TXN0000027,CUST000867,324.16,Bank Transfer,,0,success,2025-09-09 01:43:21,0.0
TXN0000028,CUST001376,503.46,Credit Card,,0,success,2025-12-06 18:21:21,0.0
TXN0000029,CUST001467,2250.23,Credit Card,,0,pending,2025-10-30 15:14:21,0.0
TXN0000030,CUST000015,9473.37,ACH,,0,success,2026-05-03 05:31:21,0.0
TXN0000031,CUST001467,1144.19,Debit Card,Daily Limit Exceeded,1,failed,2025-09-19 17:15:21,325.43
TXN0000032,CUST001482,252.73,Digital Wallet,,0,success,2025-12-29 00:38:21,0.0
TXN0000033,CUST000834,13.07,Debit Card,Insufficient Funds,0,failed,2026-01-23 18:59:21,0.0
TXN0000034,CUST000111,2282.11,Credit Card,,0,success,2026-07-09 07:03:21,0.0
TXN0000035,CUST001640,79.19,Credit Card,Expired Card,3,failed,2026-01-11 04:01:21,40.91
TXN0000036,CUST000015,3177.14,Credit Card,,0,success,2026-07-20 17:37:21,0.0
TXN0000037,CUST001128,203.59,Debit Card,,0,success,2025-11-25 08:23:21,0.0
TXN0000038,CUST001739,2029.55,Credit Card,,0,success,2025-12-25 01:33:21,0.0
TXN0000039,CUST000121,1411.17,Credit Card,CVV Mismatch,0,failed,2026-01-07 23:01:21,0.0
TXN0000040,CUST001497,3779.25,Digital Wallet,,0,success,2025-12-22 04:16:21,0.0
TXN0000041,CUST000052,769.4,Credit Card,,0,success,2025-11-24 06:41:21,0.0
TXN0000042,CUST000103,2844.0,Digital Wallet,,0,success,2025-11-30 03:25:21,0.0
TXN0000043,CUST000165,1209.48,ACH,Account Inactive,0,failed,2026-04-29 20:21:21,0.0
TXN0000044,CUST001167,406.88,Credit Card,,0,success,2025-10-15 06:02:21,0.0
TXN0000045,CUST001158,1037.1,Debit Card,,0,success,2026-05-15 10:43:21,0.0
TXN0000046,CUST000544,983.96,Credit Card,,0,success,2026-03-27 18:08:21,0.0
TXN0000047,CUST001917,79.59,Debit Card,,0,success,2025-11-13 05:24:21,0.0
TXN0000048,CUST001037,353.91,Credit Card,,0,success,2026-07-24 01:05:21,0.0
TXN0000049,CUST001467,522.21,Credit Card,,1,success,2025-09-01 22:49:21,0.0
TXN0000050,CUST001653,1219.35,Debit Card,Daily Limit Exceeded,0,failed,2026-03-27 11:22:21,0.0
TXN0000051,CUST000276,646.89,Debit Card,,0,success,2025-11-18 04:11:21,0.0
TXN0000052,CUST001795,54.04,Credit Card,,3,success,2026-05-15 10:48:21,0.0
TXN0000053,CUST001036,775.51,Credit Card,,0,success,2026-08-02 05:48:21,0.0
TXN0000054,CUST000567,347.61,Debit Card,,0,success,2026-06-22 12:12:21,0.0
TXN0000055,CUST001467,1361.89,Credit Card,,1,success,2026-01-21 15:28:21,0.0
TXN0000056,CUST001158,451.0,Credit Card,,0,success,2025-11-22 06:35:21,0.0
TXN0000057,CUST001132,1107.36,Credit Card,Card Declined,1,failed,2026-08-07 21:15:21,453.21
TXN0000058,CUST001366,657.82,Digital Wallet,,0,success,2026-01-31 12:41:21,0.0
TXN0000059,CUST001839,199.79,Credit Card,,0,success,2026-05-29 19:27:21,0.0
TXN0000060,CUST000052,5302.98,Bank Transfer,,0,success,2026-01-29 10:33:21,0.0
TXN0000061,CUST000509,177.51,Bank Transfer,,0,success,2026-07-03 19:33:21,0.0
TXN0000062,CUST001467,746.46,Digital Wallet,Device Not Verified,0,failed,2026-05-04 01:27:21,0.0
TXN0000063,CUST000817,772.38,Credit Card,,0,success,2026-04-07 20:47:21,0.0
TXN0000064,CUST001392,312.56,Bank Transfer,,0,success,2026-08-14 04:32:21,0.0
TXN0000065,CUST000366,64.98,Credit Card,,0,success,2026-08-09 04:50:21,0.0
TXN0000066,CUST001493,737.19,Bank Transfer,,0,success,2025-12-10 05:04:21,0.0
TXN0000067,CUST000390,167.48,Credit Card,,0,success,2026-08-27 15:29:21,0.0
TXN0000068,CUST001407,11498.07,ACH,,0,success,2025-09-19 02:05:21,0.0
TXN0000069,CUST001944,205.43,Credit Card,,0,pending,2026-03-20 10:34:21,0.0
TXN0000070,CUST000121,1768.59,ACH,,0,success,2025-09-20 19:08:21,0.0
TXN0000071,CUST000606,5505.58,ACH,Account Closed,0,failed,2026-05-30 12:52:21,0.0
TXN0000072,CUST001123,104.97,Digital Wallet,Funding Source Declined,1,failed,2025-11-04 12:47:21,26.2
TXN0000073,CUST000905,408.82,Debit Card,Daily Limit Exceeded,3,failed,2026-06-02 11:23:21,168.26
TXN0000074,CUST000165,488.43,Bank Transfer,Routing Error,0,failed,2026-05-05 02:19:21,0.0
TXN0000075,CUST001482,4670.84,Credit Card,,0,success,2025-10-20 05:59:21,0.0
TXN0000076,CUST001290,1025.42,ACH,,0,success,2026-02-12 17:03:21,0.0
TXN0000077,CUST000052,4526.21,ACH,,0,success,2026-07-04 19:14:21,0.0
TXN0000078,CUST000390,4128.24,Credit Card,,0,success,2025-11-16 00:30:21,0.0
TXN0000079,CUST000935,933.96,Credit Card,,0,success,2025-11-29 14:50:21,0.0
TXN0000080,CUST001547,2371.08,Credit Card,,0,success,2025-12-12 18:35:21,0.0
TXN0000081,CUST000914,864.58,Credit Card,,0,success,2025-12-27 18:12:21,0.0
TXN0000082,CUST001721,107.2,Bank Transfer,,0,success,2025-12-04 16:48:21,0.0
TXN0000083,CUST001132,2001.7,Bank Transfer,Insufficient Funds,0,failed,2026-03-09 21:31:21,0.0
TXN0000084,CUST000284,158.9,Credit Card,,0,success,2026-06-10 10:15:21,0.0
TXN0000085,CUST001036,2821.61,Digital Wallet,,0,success,2026-01-01 19:25:21,0.0
TXN0000086,CUST000567,1235.43,Bank Transfer,,0,success,2025-11-01 10:27:21,0.0
TXN0000087,CUST001568,460.32,Bank Transfer,,0,success,2026-02-28 22:40:21,0.0
TXN0000088,CUST001827,214.73,Credit Card,,0,pending,2025-11-21 12:31:21,0.0
TXN0000089,CUST001467,592.5,Credit Card,CVV Mismatch,1,failed,2026-02-09 21:46:21,246.63
TXN0000090,CUST000829,1109.57,Digital Wallet,,0,success,2026-06-23 12:54:21,0.0
TXN0000091,CUST000276,447.2,Debit Card,,0,success,2025-09-23 08:23:21,0.0
TXN0000092,CUST000278,39350.1,Credit Card,Insufficient Funds,0,failed,2026-03-14 01:59:21,0.0
TXN0000093,CUST001559,133.44,Credit Card,CVV Mismatch,0,failed,2026-01-24 23:35:21,0.0
TXN0000094,CUST001467,8768.9,Wire Transfer,,1,success,2026-08-01 21:14:21,0.0
TXN0000095,CUST001600,2155.69,ACH,Account Inactive,0,failed,2026-05-18 07:49:21,0.0
TXN0000096,CUST000179,11949.07,Wire Transfer,,1,success,2026-06-30 14:15:21,0.0
TXN0000097,CUST000525,2855.62,Wire Transfer,Routing Error,0,failed,2026-06-05 23:22:21,0.0
TXN0000098,CUST001903,2133.62,Debit Card,,0,success,2026-02-16 19:43:21,0.0
TXN0000099,CUST001290,966.76,ACH,,0,success,2025-10-11 01:22:21,0.0
TXN0000100,CUST000618,308.14,Bank Transfer,,0,success,2026-06-27 13:38:21,0.0
TXN0000101,CUST001944,4582.84,ACH,,0,success,2026-02-20 05:56:21,0.0
TXN0000102,CUST000026,9361.92,Credit Card,,0,success,2026-07-04 19:05:21,0.0
TXN0000103,CUST001698,3249.11,Bank Transfer,Routing Error,0,failed,2025-09-28 23:49:21,0.0
TXN0000104,CUST001103,718.41,Digital Wallet,,0,success,2025-10-29 00:08:21,0.0
TXN0000105,CUST001702,157.83,Bank Transfer,Daily Limit Exceeded,0,failed,2026-01-02 13:49:21,0.0
TXN0000106,CUST000689,5287.0,Digital Wallet,,0,success,2026-05-26 17:15:21,0.0
TXN0000107,CUST000530,1440.25,Digital Wallet,,0,success,2025-09-02 23:53:21,0.0
TXN0000108,CUST000865,50000.0,Digital Wallet,Device Not Verified,1,failed,2026-04-26 09:58:21,18980.43
TXN0000109,CUST001006,942.41,Digital Wallet,Session Expired,0,failed,2025-09-08 01:09:21,133.08
TXN0000110,CUST000756,866.33,Debit Card,,0,success,2026-01-22 08:53:21,0.0
TXN0000111,CUST001440,321.16,Credit Card,,0,pending,2026-05-02 04:42:21,0.0
TXN0000112,CUST001839,752.06,Debit Card,,0,success,2025-09-09 03:16:21,0.0
TXN0000113,CUST001467,1861.97,Debit Card,Insufficient Funds,0,failed,2025-12-02 13:10:21,0.0
TXN0000114,CUST001706,59.2,Credit Card,,0,pending,2026-05-28 23:28:21,0.0
TXN0000115,CUST000260,174.22,Digital Wallet,,0,success,2025-11-17 22:44:21,0.0
TXN0000116,CUST001307,402.53,Debit Card,,0,success,2026-08-21 14:10:21,0.0
TXN0000117,CUST000903,1516.81,Digital Wallet,,0,success,2026-04-20 17:21:21,0.0
TXN0000118,CUST000821,98.86,Credit Card,,0,success,2025-09-11 07:19:21,0.0
TXN0000119,CUST000905,23945.94,Credit Card,,3,success,2026-07-16 01:21:21,0.0
TXN0000120,CUST000853,10563.08,Bank Transfer,,0,success,2026-05-04 16:04:21,0.0
TXN0000121,CUST000907,680.42,Digital Wallet,,0,success,2026-01-20 22:52:21,0.0
TXN0000122,CUST001249,1290.92,Credit Card,Insufficient Funds,0,failed,2025-10-12 02:12:21,0.0
TXN0000123,CUST000322,202.6,Credit Card,,0,success,2026-06-09 08:02:21,0.0
TXN0000124,CUST001217,559.98,Credit Card,Address Mismatch,2,failed,2026-04-05 09:33:21,184.84
TXN0000125,CUST001408,109.9,Bank Transfer,,0,pending,2025-10-11 13:46:21,0.0
TXN0000126,CUST000406,402.72,Credit Card,,0,success,2025-10-01 03:30:21,0.0
TXN0000127,CUST000865,9397.33,Credit Card,Insufficient Funds,0,failed,2026-03-23 12:41:21,0.0
TXN0000128,CUST001887,7990.26,Wire Transfer,Amount Limit Exceeded,0,failed,2026-04-10 15:54:21,0.0
TXN0000129,CUST000165,16046.31,Digital Wallet,,0,success,2026-01-18 09:08:21,0.0
TXN0000130,CUST000053,3129.72,Debit Card,,0,success,2025-11-06 14:27:21,0.0
TXN0000131,CUST001377,4448.7,Credit Card,,0,success,2026-05-30 16:55:21,0.0
TXN0000132,CUST001877,230.1,Credit Card,,0,success,2026-01-16 11:36:21,0.0
TXN0000133,CUST000187,1294.3,Credit Card,,0,success,2026-03-16 11:22:21,0.0
TXN0000134,CUST000676,2125.9,Debit Card,,0,success,2025-09-22 19:36:21,0.0
TXN0000135,CUST000076,10.0,Credit Card,,0,pending,2026-03-16 04:39:21,0.0
TXN0000136,CUST001054,143.08,Credit Card,Expired Card,0,failed,2026-01-03 19:25:21,0.0
TXN0000137,CUST001559,6731.82,Debit Card,,0,success,2025-12-15 12:00:21,0.0
TXN0000138,CUST000417,4841.09,Credit Card,Expired Card,1,failed,2025-09-04 17:21:21,1556.36
TXN0000139,CUST001467,1221.05,Debit Card,,1,success,2026-03-21 15:28:21,0.0
TXN0000140,CUST000191,2603.49,Credit Card,,0,success,2026-06-30 18:21:21,0.0
TXN0000141,CUST000316,490.94,Credit Card,,0,success,2025-12-10 10:11:21,0.0
TXN0000142,CUST000989,728.76,Bank Transfer,Routing Error,3,failed,2025-10-25 15:41:21,355.52
TXN0000143,CUST001770,7179.79,Bank Transfer,,0,success,2026-01-27 21:29:21,0.0
TXN0000144,CUST000548,103.88,Debit Card,Card Declined,3,failed,2025-10-31 13:46:21,42.84
TXN0000145,CUST000305,1013.83,Debit Card,,0,success,2026-03-10 14:40:21,0.0
TXN0000146,CUST000933,261.37,Credit Card,,0,success,2025-09-05 00:52:21,0.0
TXN0000147,CUST001754,274.78,Credit Card,Card Declined,0,failed,2025-08-31 20:04:21,0.0
TXN0000148,CUST001623,2378.92,Bank Transfer,,0,success,2025-12-18 07:20:21,0.0
TXN0000149,CUST001209,1144.84,Bank Transfer,Daily Limit Exceeded,2,failed,2026-01-07 07:42:21,439.43
TXN0000150,CUST001497,1590.77,Credit Card,Card Declined,0,failed,2026-04-14 21:49:21,0.0
TXN0000151,CUST001331,45.54,Digital Wallet,,0,success,2025-09-16 15:04:21,0.0
TXN0000152,CUST001284,106.61,Digital Wallet,,0,success,2025-11-24 06:49:21,0.0
TXN0000153,CUST000165,6831.43,Credit Card,,0,success,2026-07-12 19:22:21,0.0
TXN0000154,CUST001442,344.03,Digital Wallet,,0,success,2025-09-06 22:31:21,0.0
TXN0000155,CUST000284,677.37,Credit Card,,0,success,2026-03-30 21:05:21,0.0
TXN0000156,CUST000501,2687.59,Digital Wallet,,0,success,2026-05-28 03:17:21,0.0
TXN0000157,CUST001903,464.59,Credit Card,,0,success,2026-04-26 16:30:21,0.0
TXN0000158,CUST000476,2394.58,Credit Card,,0,pending,2026-04-19 11:28:21,0.0
TXN0000159,CUST000953,1861.17,ACH,,0,success,2026-06-09 06:00:21,0.0
TXN0000160,CUST001204,2354.98,Wire Transfer,,0,success,2025-09-08 23:59:21,0.0
TXN0000161,CUST000408,48765.64,Wire Transfer,,0,success,2026-07-05 01:04:21,0.0
TXN0000162,CUST001178,3287.36,Debit Card,,0,success,2026-08-16 11:03:21,0.0
TXN0000163,CUST000305,4053.7,Credit Card,,0,success,2026-08-02 12:41:21,0.0
TXN0000164,CUST001852,110.5,Digital Wallet,,0,success,2026-05-02 12:37:21,0.0
TXN0000165,CUST001304,233.06,Digital Wallet,,0,pending,2025-09-24 10:35:21,0.0
TXN0000166,CUST000865,656.4,Debit Card,,1,success,2025-10-02 07:09:21,0.0
TXN0000167,CUST000069,418.37,Debit Card,,0,success,2026-07-12 23:08:21,0.0
TXN0000168,CUST000360,2221.01,Credit Card,,0,success,2026-02-21 15:56:21,0.0
TXN0000169,CUST001701,1670.31,Credit Card,,0,success,2025-12-24 22:41:21,0.0
TXN0000170,CUST001648,5099.11,Credit Card,,0,success,2026-06-17 00:33:21,0.0
TXN0000171,CUST001382,347.25,Credit Card,,0,success,2025-11-15 21:23:21,0.0
TXN0000172,CUST000029,903.01,Digital Wallet,Session Expired,0,failed,2025-09-17 23:51:21,159.29
TXN0000173,CUST001308,3757.58,Digital Wallet,Funding Source Declined,3,failed,2025-10-14 15:08:21,1598.73
TXN0000174,CUST000454,2771.49,Wire Transfer,,0,success,2026-01-02 10:09:21,0.0
TXN0000175,CUST000239,226.41,Digital Wallet,,0,success,2026-03-25 17:21:21,0.0
TXN0000176,CUST000417,482.91,Digital Wallet,Device Not Verified,1,failed,2025-09-05 15:02:21,111.69
TXN0000177,CUST001489,422.64,Debit Card,,0,success,2026-07-08 16:49:21,0.0
TXN0000178,CUST001949,660.6,Debit Card,,0,success,2026-05-08 18:00:21,0.0
TXN0000179,CUST001752,4476.99,Credit Card,,0,success,2026-02-20 14:31:21,0.0
TXN0000180,CUST000735,2113.91,Bank Transfer,,0,success,2026-06-26 18:23:21,0.0
TXN0000181,CUST001315,867.2,Wire Transfer,,0,success,2026-08-02 22:13:21,0.0
TXN0000182,CUST001612,1049.28,ACH,Amount Limit Exceeded,0,failed,2026-04-30 21:39:21,243.83
TXN0000183,CUST000165,738.4,Credit Card,Address Mismatch,0,failed,2026-06-15 03:54:21,0.0
TXN0000184,CUST001158,2908.1,Credit Card,Expired Card,0,failed,2026-06-22 08:06:21,0.0
TXN0000185,CUST000488,50000.0,Wire Transfer,Amount Limit Exceeded,1,failed,2026-01-24 16:21:21,14253.33
TXN0000186,CUST000976,1223.34,Debit Card,,0,success,2025-10-29 05:00:21,0.0
TXN0000187,CUST001937,2461.39,Bank Transfer,,0,success,2025-09-24 16:09:21,0.0
TXN0000188,CUST001975,875.69,Credit Card,,0,success,2026-02-03 18:45:21,0.0
TXN0000189,CUST000165,17760.01,Credit Card,,0,success,2026-07-22 06:08:21,0.0
TXN0000190,CUST000135,197.86,Credit Card,,0,success,2025-11-01 14:43:21,0.0
TXN0000191,CUST001224,27.5,Credit Card,,0,success,2025-10-22 19:22:21,0.0
TXN0000192,CUST000235,302.28,Bank Transfer,,0,success,2025-11-18 08:33:21,0.0
TXN0000193,CUST001307,1110.58,Credit Card,,0,success,2026-01-28 21:36:21,0.0
TXN0000194,CUST000852,11095.07,Credit Card,,0,pending,2026-03-20 11:12:21,0.0
TXN0000195,CUST000313,172.84,Digital Wallet,,0,success,2026-07-13 06:23:21,0.0
TXN0000196,CUST001525,3991.49,ACH,,0,success,2025-11-17 06:51:21,0.0
TXN0000197,CUST001151,91.8,Digital Wallet,Session Expired,0,failed,2026-01-23 09:25:21,10.97
TXN0000198,CUST001230,15236.65,ACH,Amount Limit Exceeded,3,failed,2025-12-25 00:34:21,6768.41
TXN0000199,CUST001770,595.61,Credit Card,,0,success,2026-04-07 14:14:21,0.0
TXN0000200,CUST001731,435.58,Digital Wallet,,0,success,2025-10-13 12:45:21,0.0
TXN0000201,CUST000054,7006.36,Wire Transfer,,0,success,2025-09-07 00:27:21,0.0
TXN0000202,CUST000735,128.25,Debit Card,,0,success,2026-03-07 21:28:21,0.0
TXN0000203,CUST001128,6841.5,Wire Transfer,,0,success,2026-02-04 06:19:21,0.0
TXN0000204,CUST001991,1010.38,Debit Card,,0,success,2026-05-09 20:02:21,0.0
TXN0000205,CUST000323,565.13,Debit Card,,0,success,2025-11-10 13:23:21,0.0
TXN0000206,CUST000319,2308.87,ACH,Account Inactive,0,failed,2026-04-10 17:46:21,0.0
TXN0000207,CUST001244,6466.24,Digital Wallet,,0,pending,2025-12-09 05:06:21,0.0
TXN0000208,CUST000581,3335.77,ACH,,0,success,2025-12-01 11:09:21,0.0
TXN0000209,CUST000026,415.91,Digital Wallet,,0,success,2026-07-31 08:15:21,0.0
TXN0000210,CUST000433,60.42,Credit Card,,0,success,2026-04-01 22:21:21,0.0
TXN0000211,CUST000235,951.17,Wire Transfer,,0,success,2026-06-22 19:54:21,0.0
TXN0000212,CUST001025,1485.1,Bank Transfer,,0,success,2026-02-28 06:03:21,0.0
TXN0000213,CUST000087,192.13,Bank Transfer,,0,success,2026-07-19 21:52:21,0.0
TXN0000214,CUST000829,421.66,Bank Transfer,,0,success,2026-01-26 23:21:21,0.0
TXN0000215,CUST001979,790.2,Debit Card,,0,success,2025-10-15 17:35:21,0.0
TXN0000216,CUST000742,11513.35,ACH,,0,success,2026-04-25 18:51:21,0.0
TXN0000217,CUST000162,3102.21,Bank Transfer,,0,success,2026-03-08 01:07:21,0.0
TXN0000218,CUST000157,853.32,Debit Card,Insufficient Funds,0,failed,2026-03-02 20:42:21,0.0
TXN0000219,CUST001322,1751.21,Credit Card,Insufficient Funds,0,failed,2026-05-19 02:50:21,0.0
TXN0000220,CUST000313,5182.01,Credit Card,,0,success,2026-05-29 11:57:21,0.0
TXN0000221,CUST001155,3253.99,Credit Card,,0,success,2025-11-11 11:48:21,0.0
TXN0000222,CUST000662,47.56,Debit Card,,0,success,2026-06-11 18:24:21,0.0
TXN0000223,CUST001294,444.03,Debit Card,,0,pending,2026-07-30 20:56:21,0.0
TXN0000224,CUST000905,1951.42,Debit Card,,3,success,2026-07-29 20:35:21,0.0
TXN0000225,CUST000865,7653.54,Digital Wallet,,1,success,2026-07-12 12:50:21,0.0
TXN0000226,CUST000948,613.94,ACH,,0,success,2026-08-06 17:30:21,0.0
TXN0000227,CUST001335,444.35,ACH,,0,success,2025-12-15 04:25:21,0.0
TXN0000228,CUST001661,611.97,Debit Card,,0,pending,2025-08-28 05:56:21,0.0
TXN0000229,CUST000081,411.2,Wire Transfer,,0,success,2026-01-15 15:55:21,0.0
TXN0000230,CUST000746,581.91,Bank Transfer,,0,pending,2026-01-30 21:45:21,0.0
TXN0000231,CUST001617,1152.74,Credit Card,,0,pending,2026-03-13 04:53:21,0.0
TXN0000232,CUST000582,162.42,Credit Card,,0,success,2025-10-24 04:07:21,0.0
TXN0000233,CUST001648,605.46,Credit Card,Insufficient Funds,0,failed,2025-09-26 09:46:21,0.0
TXN0000234,CUST001219,2786.98,Credit Card,Card Declined,0,failed,2025-10-02 21:36:21,0.0
TXN0000235,CUST000735,195.73,Credit Card,,0,success,2025-09-11 16:23:21,0.0
TXN0000236,CUST000868,287.57,Credit Card,Card Declined,1,failed,2026-05-10 21:39:21,121.54
TXN0000237,CUST000464,725.03,Credit Card,Insufficient Funds,0,failed,2026-07-07 15:39:21,0.0
TXN0000238,CUST001513,21.67,Digital Wallet,Session Expired,0,failed,2025-10-16 03:50:21,0.0
TXN0000239,CUST000333,2385.18,Bank Transfer,,0,success,2025-10-13 02:42:21,0.0
TXN0000240,CUST000842,262.29,Digital Wallet,,0,success,2026-01-12 13:10:21,0.0
TXN0000241,CUST001606,292.68,Credit Card,,0,success,2026-03-22 16:31:21,0.0
TXN0000242,CUST000754,105.42,Debit Card,,0,success,2026-01-14 17:39:21,0.0
TXN0000243,CUST001903,259.88,Bank Transfer,,0,success,2026-01-26 02:36:21,0.0
TXN0000244,CUST000284,24.82,Digital Wallet,Session Expired,0,failed,2025-12-24 20:53:21,0.0
TXN0000245,CUST001457,1579.46,Credit Card,,0,success,2026-04-05 05:40:21,0.0
TXN0000246,CUST001307,1060.9,Debit Card,,0,success,2026-06-13 19:23:21,0.0
TXN0000247,CUST000455,549.01,Debit Card,,0,success,2026-08-14 19:25:21,0.0
TXN0000248,CUST000766,158.65,Debit Card,,0,success,2026-02-18 01:27:21,0.0
TXN0000249,CUST000203,213.89,Credit Card,,0,success,2026-06-15 04:26:21,0.0
TXN0000250,CUST000087,78.78,Credit Card,,0,success,2026-06-17 09:58:21,0.0
TXN0000251,CUST000011,252.18,Credit Card,Card Declined,3,failed,2026-06-12 14:42:21,98.94
TXN0000252,CUST000867,131.33,Bank Transfer,Insufficient Funds,1,failed,2026-06-27 07:13:21,46.48
TXN0000253,CUST001626,179.3,Digital Wallet,Device Not Verified,0,failed,2026-08-19 11:56:21,0.0
TXN0000254,CUST001472,661.86,Debit Card,,0,success,2025-10-17 21:13:21,0.0
TXN0000255,CUST000384,343.52,Bank Transfer,Insufficient Funds,0,failed,2025-12-01 14:56:21,0.0
TXN0000256,CUST001040,7137.07,Credit Card,,0,success,2025-12-31 06:48:21,0.0
TXN0000257,CUST000765,2668.49,Debit Card,Insufficient Funds,0,failed,2026-03-05 00:42:21,0.0
TXN0000258,CUST000213,48596.17,Wire Transfer,,0,success,2026-03-11 04:26:21,0.0
TXN0000259,CUST000694,386.78,Bank Transfer,Daily Limit Exceeded,0,failed,2025-12-25 12:17:21,80.72
TXN0000260,CUST000130,465.1,Credit Card,,0,success,2026-08-09 23:16:21,0.0
TXN0000261,CUST001698,375.08,Credit Card,,0,success,2026-03-19 22:56:21,0.0
TXN0000262,CUST001670,357.75,Credit Card,Card Declined,0,failed,2026-05-22 23:06:21,0.0
TXN0000263,CUST000098,2561.94,ACH,,0,pending,2026-06-25 21:01:21,0.0
TXN0000264,CUST001523,191.25,Debit Card,,0,success,2026-03-08 02:57:21,0.0
TXN0000265,CUST000753,3689.56,Wire Transfer,,0,success,2026-07-16 09:01:21,0.0
TXN0000266,CUST001559,1653.95,Wire Transfer,,0,success,2026-03-17 05:23:21,0.0
TXN0000267,CUST000606,1370.91,ACH,,0,pending,2025-10-23 10:01:21,0.0
TXN0000268,CUST001661,2065.42,Credit Card,,0,pending,2026-08-06 08:33:21,0.0
TXN0000269,CUST001260,772.01,Bank Transfer,Account Closed,1,failed,2025-10-05 20:05:21,239.23
TXN0000270,CUST001536,2053.05,Credit Card,,0,success,2026-06-15 12:45:21,0.0
TXN0000271,CUST000072,285.19,Digital Wallet,,0,pending,2025-10-01 21:05:21,0.0
TXN0000272,CUST001162,147.96,Debit Card,Card Declined,0,failed,2026-02-19 21:00:21,0.0
TXN0000273,CUST001176,981.99,Credit Card,,0,success,2026-03-20 12:11:21,0.0
TXN0000274,CUST001839,171.32,Credit Card,Expired Card,0,failed,2025-12-05 19:30:21,0.0
TXN0000275,CUST000537,250.2,Debit Card,,0,success,2026-05-10 13:10:21,0.0
TXN0000276,CUST001006,714.15,Credit Card,Card Declined,0,failed,2026-07-21 18:17:21,0.0
TXN0000277,CUST000912,16441.29,Wire Transfer,,0,success,2026-03-17 11:06:21,0.0
TXN0000278,CUST001127,279.96,Credit Card,,0,success,2026-06-08 09:43:21,0.0
TXN0000279,CUST001307,1472.48,Bank Transfer,Insufficient Funds,1,failed,2026-06-27 01:38:21,548.05
TXN0000280,CUST001626,5781.12,Debit Card,Insufficient Funds,0,failed,2026-02-20 17:37:21,0.0
TXN0000281,CUST000266,3537.4,ACH,Routing Error,3,failed,2025-12-25 16:02:21,1413.65
TXN0000282,CUST001687,268.81,Credit Card,Card Declined,2,failed,2026-07-21 17:59:21,114.19
TXN0000283,CUST000706,555.7,Bank Transfer,,0,success,2025-11-18 11:51:21,0.0
TXN0000284,CUST000390,788.86,Digital Wallet,,0,success,2026-07-31 04:55:21,0.0
TXN0000285,CUST001036,412.52,Credit Card,CVV Mismatch,0,failed,2026-05-04 20:55:21,0.0
TXN0000286,CUST001733,412.16,Bank Transfer,,0,pending,2025-11-19 00:20:21,0.0
TXN0000287,CUST001259,2456.98,Debit Card,,0,success,2026-06-02 13:51:21,0.0
TXN0000288,CUST001308,407.88,Debit Card,,3,success,2025-11-13 06:36:21,0.0
TXN0000289,CUST000167,31.27,Digital Wallet,,0,success,2025-11-05 23:47:21,0.0
TXN0000290,CUST000829,146.62,Debit Card,,0,success,2026-08-12 16:32:21,0.0
TXN0000291,CUST000594,683.77,Credit Card,,0,pending,2026-04-24 11:03:21,0.0
TXN0000292,CUST001739,8222.72,Credit Card,,0,success,2026-06-08 18:02:21,0.0
TXN0000293,CUST000418,5593.75,ACH,Routing Error,0,failed,2026-03-04 20:20:21,0.0
TXN0000294,CUST001055,267.43,ACH,,0,pending,2026-01-02 05:11:21,0.0
TXN0000295,CUST000289,72.39,Bank Transfer,,0,success,2026-02-12 13:02:21,0.0
TXN0000296,CUST001721,3698.31,Credit Card,,0,success,2025-11-05 09:08:21,0.0
TXN0000297,CUST001721,1718.44,Digital Wallet,,0,success,2025-12-07 17:57:21,0.0
TXN0000298,CUST001019,23639.94,ACH,,0,success,2025-12-12 18:13:21,0.0
TXN0000299,CUST001315,333.94,Digital Wallet,Session Expired,0,failed,2025-09-27 10:58:21,69.83
TXN0000300,CUST000319,185.9,Digital Wallet,,0,success,2026-01-20 03:32:21,0.0
TXN0000301,CUST001975,6403.86,Credit Card,,0,success,2026-02-22 07:03:21,0.0
TXN0000302,CUST001308,3648.37,ACH,Routing Error,0,failed,2025-12-12 17:40:21,0.0
TXN0000303,CUST001691,443.72,Digital Wallet,,0,success,2026-06-29 04:22:21,0.0
TXN0000304,CUST001628,153.22,Digital Wallet,,0,success,2026-02-22 04:16:21,0.0
TXN0000305,CUST000823,2070.37,Credit Card,Insufficient Funds,1,failed,2026-03-10 16:55:21,649.72
TXN0000306,CUST001242,166.79,Bank Transfer,Insufficient Funds,1,failed,2025-10-16 08:35:21,39.38
TXN0000307,CUST001308,135.97,Credit Card,,3,success,2025-12-10 14:57:21,0.0
TXN0000308,CUST000614,1461.31,ACH,Routing Error,0,failed,2026-01-26 14:09:21,0.0
TXN0000309,CUST001486,174.82,Bank Transfer,,0,success,2025-10-26 17:12:21,0.0
TXN0000310,CUST001604,238.72,ACH,,0,success,2026-05-03 09:25:21,0.0
TXN0000311,CUST000350,872.01,Credit Card,,0,success,2026-02-15 03:36:21,0.0
TXN0000312,CUST000065,35078.98,Bank Transfer,,0,success,2026-05-23 08:00:21,0.0
TXN0000313,CUST000311,9635.85,Credit Card,CVV Mismatch,0,failed,2025-10-18 16:33:21,0.0
TXN0000314,CUST001490,1612.29,Digital Wallet,Funding Source Declined,0,failed,2025-09-22 16:55:21,0.0
TXN0000315,CUST001960,11192.92,Credit Card,,0,success,2026-03-05 15:06:21,0.0
TXN0000316,CUST001777,5004.69,Debit Card,,0,success,2025-09-07 23:49:21,0.0
TXN0000317,CUST001961,150.75,Digital Wallet,,0,success,2026-05-04 22:39:21,0.0
TXN0000318,CUST000530,4226.19,Wire Transfer,,0,success,2025-12-20 21:58:21,0.0
TXN0000319,CUST001913,723.13,Digital Wallet,,0,success,2026-04-03 04:52:21,0.0
TXN0000320,CUST000778,3433.33,Bank Transfer,,0,pending,2026-03-05 04:10:21,0.0
TXN0000321,CUST000052,524.78,Debit Card,,0,pending,2026-01-13 12:12:21,0.0
TXN0000322,CUST000439,350.61,Digital Wallet,,0,success,2025-11-13 10:11:21,0.0
TXN0000323,CUST001777,145.74,Credit Card,,0,success,2026-04-28 01:25:21,0.0
TXN0000324,CUST001088,55.57,Debit Card,,0,pending,2026-07-07 19:07:21,0.0
TXN0000325,CUST000206,671.85,ACH,Amount Limit Exceeded,2,failed,2025-12-27 16:47:21,246.37
TXN0000326,CUST001623,95.33,Debit Card,,0,pending,2025-10-02 06:30:21,0.0
TXN0000327,CUST001336,122.96,Credit Card,,0,success,2026-08-09 03:02:21,0.0
TXN0000328,CUST000361,531.89,Credit Card,Expired Card,0,failed,2025-12-18 02:29:21,0.0
TXN0000329,CUST001787,470.41,Debit Card,,0,success,2026-08-23 22:52:21,0.0
TXN0000330,CUST001902,1889.96,Bank Transfer,Daily Limit Exceeded,0,failed,2026-06-20 15:59:21,0.0
TXN0000331,CUST001366,444.37,Bank Transfer,,0,success,2026-01-05 12:12:21,0.0
TXN0000332,CUST000029,126.5,Credit Card,,0,success,2026-03-29 13:45:21,0.0
TXN0000333,CUST000360,50000.0,Wire Transfer,,0,success,2025-10-04 19:36:21,0.0
TXN0000334,CUST000672,726.93,Credit Card,,0,success,2026-05-26 03:58:21,0.0
TXN0000335,CUST000509,895.27,Digital Wallet,Device Not Verified,0,failed,2026-04-13 22:09:21,0.0
TXN0000336,CUST001174,535.64,Credit Card,,0,success,2025-09-08 01:25:21,0.0
TXN0000337,CUST000954,31410.27,Credit Card,,0,success,2025-12-13 09:39:21,0.0
TXN0000338,CUST000241,126.39,Credit Card,,0,success,2026-02-20 13:14:21,0.0
TXN0000339,CUST001944,5339.43,Digital Wallet,,0,success,2026-01-07 08:50:21,0.0
TXN0000340,CUST001438,12.32,Debit Card,,0,success,2025-11-25 10:36:21,0.0
TXN0000341,CUST000865,113.72,Debit Card,,1,success,2025-10-27 05:55:21,0.0
TXN0000342,CUST001442,902.85,Credit Card,,0,pending,2025-11-13 05:25:21,0.0
TXN0000343,CUST001850,2100.9,ACH,,0,success,2026-06-13 03:08:21,0.0
TXN0000344,CUST000905,1467.99,Credit Card,Insufficient Funds,1,failed,2025-11-02 17:23:21,609.38
TXN0000345,CUST000913,1377.43,Credit Card,,0,success,2025-12-08 18:59:21,0.0
TXN0000346,CUST001145,208.72,Bank Transfer,,0,success,2026-08-16 20:12:21,0.0
TXN0000347,CUST001528,231.2,Credit Card,Insufficient Funds,0,failed,2025-09-04 05:54:21,0.0
TXN0000348,CUST001915,223.08,Credit Card,,0,success,2025-12-30 07:10:21,0.0
TXN0000349,CUST001575,302.84,Credit Card,,0,success,2025-10-01 19:05:21,0.0
TXN0000350,CUST000784,1385.84,Bank Transfer,,0,success,2026-02-15 20:23:21,0.0
TXN0000351,CUST001356,463.83,Credit Card,Insufficient Funds,0,failed,2026-06-29 02:54:21,0.0
TXN0000352,CUST000261,1677.7,ACH,Account Inactive,0,failed,2026-03-28 17:45:21,0.0
TXN0000353,CUST000869,7860.42,Digital Wallet,,0,success,2026-04-23 18:06:21,0.0
TXN0000354,CUST000525,146.84,Credit Card,,0,success,2026-07-02 06:37:21,0.0
TXN0000355,CUST001260,54.34,Credit Card,,1,success,2026-08-20 01:15:21,0.0
TXN0000356,CUST000823,14252.49,ACH,Account Inactive,2,failed,2026-08-05 20:00:21,6111.75
TXN0000357,CUST001839,231.25,Credit Card,,0,success,2026-07-31 03:56:21,0.0
TXN0000358,CUST000480,80.42,Bank Transfer,,0,success,2026-03-17 13:50:21,0.0
TXN0000359,CUST001677,97.45,Credit Card,,0,success,2026-06-15 10:55:21,0.0
TXN0000360,CUST001442,9248.27,Bank Transfer,Routing Error,1,failed,2026-01-21 14:57:21,2702.02
TXN0000361,CUST001489,2857.59,Credit Card,,0,success,2025-09-18 19:38:21,0.0
TXN0000362,CUST001427,634.96,Digital Wallet,Device Not Verified,1,failed,2025-11-25 17:13:21,226.99
TXN0000363,CUST000616,1055.43,Credit Card,Insufficient Funds,0,failed,2026-07-29 15:02:21,113.35
TXN0000364,CUST001142,51.15,Credit Card,,0,success,2026-04-20 02:07:21,0.0
TXN0000365,CUST001889,683.79,Digital Wallet,,0,success,2025-11-26 08:35:21,0.0
TXN0000366,CUST000417,1120.32,Credit Card,,1,success,2025-10-22 13:26:21,0.0
TXN0000367,CUST000386,892.27,Credit Card,,0,success,2025-09-18 15:15:21,0.0
TXN0000368,CUST001781,153.31,Credit Card,Expired Card,0,failed,2026-05-12 01:41:21,0.0
TXN0000369,CUST001307,329.07,Bank Transfer,,1,success,2025-09-05 12:43:21,0.0
TXN0000370,CUST000322,1466.17,Credit Card,,0,success,2026-04-05 19:59:21,0.0
TXN0000371,CUST000736,7561.31,Credit Card,,0,success,2025-12-16 18:22:21,0.0
TXN0000372,CUST001480,7014.55,Bank Transfer,,0,success,2026-05-15 21:08:21,0.0
TXN0000373,CUST001153,524.71,Credit Card,,0,success,2026-08-19 23:53:21,0.0
TXN0000374,CUST001187,2230.3,Debit Card,,0,pending,2026-05-19 22:14:21,0.0
TXN0000375,CUST001707,394.64,Debit Card,,0,success,2025-09-11 22:12:21,0.0
TXN0000376,CUST001001,895.91,Bank Transfer,,0,success,2025-12-19 18:18:21,0.0
TXN0000377,CUST000722,67.62,Credit Card,,0,success,2025-12-21 02:30:21,0.0
TXN0000378,CUST001315,200.81,Debit Card,,0,success,2025-12-03 06:35:21,0.0
TXN0000379,CUST001936,1573.33,Digital Wallet,Account Suspended,1,failed,2025-10-10 01:24:21,596.38
TXN0000380,CUST000019,47.93,Bank Transfer,,0,success,2026-07-28 12:48:21,0.0
TXN0000381,CUST001263,1034.47,ACH,,0,success,2026-08-20 07:54:21,0.0
TXN0000382,CUST000025,1901.63,Credit Card,,0,success,2025-11-26 23:27:21,0.0
TXN0000383,CUST001430,280.49,Credit Card,,0,success,2026-05-29 04:30:21,0.0
TXN0000384,CUST000052,798.72,Debit Card,Card Declined,0,failed,2026-04-20 21:11:21,0.0
TXN0000385,CUST000162,392.19,Credit Card,,0,success,2026-02-01 17:52:21,0.0
TXN0000386,CUST001839,956.98,Credit Card,Insufficient Funds,0,failed,2026-07-17 11:34:21,0.0
TXN0000387,CUST000065,259.71,Debit Card,Insufficient Funds,2,failed,2025-11-18 17:25:21,108.06
TXN0000388,CUST001440,10083.67,Digital Wallet,Device Not Verified,0,failed,2025-10-01 21:52:21,0.0
TXN0000389,CUST001995,1690.39,Bank Transfer,,0,success,2026-08-07 01:15:21,0.0
TXN0000390,CUST001418,63.1,Debit Card,,0,success,2026-08-05 05:45:21,0.0
TXN0000391,CUST001842,594.87,Credit Card,,0,success,2026-05-28 22:27:21,0.0
TXN0000392,CUST001203,1687.51,Credit Card,,0,success,2026-02-06 06:09:21,0.0
TXN0000393,CUST001217,1176.5,Debit Card,,2,success,2026-02-09 10:31:21,0.0
TXN0000394,CUST000787,1662.17,Digital Wallet,Account Suspended,1,failed,2026-03-04 07:22:21,671.71
TXN0000395,CUST001718,336.76,Bank Transfer,,0,success,2025-10-17 13:03:21,0.0
TXN0000396,CUST000669,1718.85,Debit Card,,0,success,2026-01-09 17:14:21,0.0
TXN0000397,CUST001928,2270.44,Credit Card,Card Declined,0,failed,2026-02-15 05:39:21,0.0
TXN0000398,CUST001635,813.03,Bank Transfer,Insufficient Funds,0,failed,2025-08-28 12:19:21,0.0
TXN0000399,CUST000649,7548.24,ACH,Routing Error,0,failed,2026-04-12 05:20:21,0.0
TXN0000400,CUST001155,589.56,Digital Wallet,,0,success,2025-11-16 16:02:21,0.0
TXN0000401,CUST000544,80.82,Credit Card,,0,success,2026-07-11 12:50:21,0.0
TXN0000402,CUST001769,1410.29,Credit Card,,0,pending,2026-02-11 05:42:21,0.0
TXN0000403,CUST001854,139.25,Credit Card,Insufficient Funds,0,failed,2025-09-11 20:18:21,0.0
TXN0000404,CUST000284,4522.82,Credit Card,,0,success,2026-06-15 06:18:21,0.0
TXN0000405,CUST000863,250.67,Debit Card,,0,success,2026-02-25 00:13:21,0.0
TXN0000406,CUST001016,3182.17,Bank Transfer,Account Closed,3,failed,2026-08-24 20:07:21,1963.21
TXN0000407,CUST000779,752.52,Bank Transfer,,0,pending,2026-03-09 18:36:21,0.0
TXN0000408,CUST001334,7083.2,ACH,Routing Error,2,failed,2025-09-07 01:58:21,2612.57
TXN0000409,CUST001976,21328.62,Wire Transfer,,0,success,2025-09-06 11:57:21,0.0
TXN0000410,CUST001602,238.62,Debit Card,,0,success,2026-02-07 21:21:21,0.0
TXN0000411,CUST000410,2643.19,Debit Card,,0,success,2025-09-12 15:27:21,0.0
TXN0000412,CUST000946,7162.64,Wire Transfer,Amount Limit Exceeded,0,failed,2026-07-23 18:45:21,1882.84
TXN0000413,CUST001298,53.37,Digital Wallet,,0,pending,2026-06-10 10:01:21,0.0
TXN0000414,CUST000152,47.57,Digital Wallet,,0,success,2025-11-02 19:54:21,0.0
TXN0000415,CUST001885,423.88,Credit Card,,0,success,2026-08-09 20:44:21,0.0
TXN0000416,CUST001100,198.9,Credit Card,,0,success,2026-07-04 00:46:21,0.0
TXN0000417,CUST000341,36.58,Credit Card,Insufficient Funds,0,failed,2025-09-15 12:03:21,0.0
TXN0000418,CUST000680,108.73,Credit Card,,0,success,2026-08-23 05:12:21,0.0
TXN0000419,CUST001430,6531.05,ACH,,0,success,2025-11-03 09:52:21,0.0
TXN0000420,CUST000235,1970.44,ACH,,0,pending,2025-09-14 13:44:21,0.0
TXN0000421,CUST000707,123.46,Debit Card,,0,success,2026-03-29 18:30:21,0.0
TXN0000422,CUST000238,7776.73,Wire Transfer,,0,success,2026-03-02 23:07:21,0.0
TXN0000423,CUST000424,853.78,Credit Card,,0,success,2026-07-09 17:42:21,0.0
TXN0000424,CUST000654,1392.25,Bank Transfer,Account Closed,1,failed,2026-03-05 12:22:21,534.15
TXN0000425,CUST000337,306.04,Credit Card,,0,success,2025-12-07 02:53:21,0.0
TXN0000426,CUST001259,270.86,Credit Card,,0,success,2026-01-04 00:37:21,0.0
TXN0000427,CUST000378,316.1,Digital Wallet,,0,success,2026-02-07 07:41:21,0.0
TXN0000428,CUST000405,4016.89,Wire Transfer,,0,success,2026-08-25 10:15:21,0.0
TXN0000429,CUST001839,1680.09,ACH,,0,success,2026-07-26 14:22:21,0.0
TXN0000430,CUST001100,114.39,Digital Wallet,Session Expired,1,failed,2026-06-30 23:46:21,41.08
TXN0000431,CUST001081,290.52,Credit Card,Card Declined,1,failed,2026-02-08 14:21:21,109.99
TXN0000432,CUST001732,1718.83,Bank Transfer,Insufficient Funds,0,failed,2025-10-30 05:45:21,195.65
TXN0000433,CUST000509,265.29,Bank Transfer,,0,pending,2026-06-30 03:05:21,0.0
TXN0000434,CUST001047,1656.23,ACH,,0,success,2025-11-06 20:01:21,0.0
TXN0000435,CUST001623,6926.01,Wire Transfer,,0,success,2025-10-02 02:53:21,0.0
TXN0000436,CUST001623,1098.48,Bank Transfer,Insufficient Funds,0,failed,2025-10-15 06:33:21,0.0
TXN0000437,CUST000020,510.09,Bank Transfer,Daily Limit Exceeded,0,failed,2025-12-12 11:57:21,0.0
TXN0000438,CUST001008,200.85,Debit Card,,0,success,2025-12-21 03:23:21,0.0
TXN0000439,CUST001630,632.9,Credit Card,Card Declined,0,failed,2025-11-25 23:18:21,113.56
TXN0000440,CUST001159,9816.67,Bank Transfer,,0,success,2025-11-19 16:21:21,0.0
TXN0000441,CUST000549,648.96,Credit Card,,0,success,2026-02-21 14:36:21,0.0
TXN0000442,CUST001557,3954.42,Debit Card,,0,success,2026-01-23 04:41:21,0.0
TXN0000443,CUST001539,319.21,Bank Transfer,,0,success,2026-08-11 18:12:21,0.0
TXN0000444,CUST001673,3185.11,Bank Transfer,,0,success,2026-06-29 01:15:21,0.0
TXN0000445,CUST001205,1597.02,Bank Transfer,,0,success,2025-10-19 12:01:21,0.0
TXN0000446,CUST001123,388.02,Digital Wallet,,1,success,2026-05-15 06:52:21,0.0
TXN0000447,CUST000576,2277.25,Bank Transfer,Insufficient Funds,1,failed,2026-04-13 15:31:21,791.54
TXN0000448,CUST000196,1423.55,Bank Transfer,,0,success,2026-01-30 07:11:21,0.0
TXN0000449,CUST000260,251.19,Bank Transfer,,0,success,2026-06-22 01:19:21,0.0
TXN0000450,CUST001697,3946.41,ACH,,0,success,2026-02-07 17:19:21,0.0
TXN0000451,CUST000551,1685.26,ACH,,0,success,2026-07-20 11:38:21,0.0
TXN0000452,CUST000191,190.5,Digital Wallet,,0,success,2026-04-07 09:29:21,0.0
TXN0000453,CUST000932,1245.61,Credit Card,Expired Card,0,failed,2026-07-11 08:59:21,0.0
TXN0000454,CUST001429,1212.72,Credit Card,Insufficient Funds,0,failed,2026-05-08 18:36:21,0.0
TXN0000455,CUST000417,961.19,Wire Transfer,,1,success,2026-04-04 21:53:21,0.0
TXN0000456,CUST001160,2037.3,Bank Transfer,,0,success,2025-09-13 07:26:21,0.0
TXN0000457,CUST001769,419.19,Debit Card,,0,success,2026-08-20 04:29:21,0.0
TXN0000458,CUST000904,924.01,Digital Wallet,,0,success,2026-01-21 01:44:21,0.0
TXN0000459,CUST001807,576.55,Debit Card,Card Declined,0,failed,2026-04-10 05:47:21,89.63
TXN0000460,CUST000169,3226.08,ACH,,0,success,2026-06-05 07:03:21,0.0
TXN0000461,CUST001487,865.51,Credit Card,Card Declined,0,failed,2025-09-02 05:28:21,144.04
TXN0000462,CUST001497,1227.54,Credit Card,Insufficient Funds,0,failed,2025-09-13 18:28:21,0.0
TXN0000463,CUST000417,3994.09,Bank Transfer,,1,success,2026-01-23 10:20:21,0.0
TXN0000464,CUST000469,67.71,Credit Card,,0,success,2026-07-07 05:08:21,0.0
TXN0000465,CUST000613,1395.6,ACH,,0,success,2026-06-20 11:45:21,0.0
TXN0000466,CUST001162,1171.24,Digital Wallet,,0,success,2025-10-19 12:18:21,0.0
TXN0000467,CUST001480,6962.45,Credit Card,Insufficient Funds,0,failed,2026-01-29 12:45:21,0.0
TXN0000468,CUST000445,602.67,Debit Card,Insufficient Funds,0,failed,2025-10-30 09:04:21,0.0
TXN0000469,CUST000880,864.7,Wire Transfer,Amount Limit Exceeded,0,failed,2026-04-22 14:50:21,0.0
TXN0000470,CUST001245,24.58,Credit Card,,0,success,2026-08-14 10:32:21,0.0
TXN0000471,CUST001061,143.76,Digital Wallet,Device Not Verified,0,failed,2026-08-01 00:57:21,39.52
TXN0000472,CUST000494,1924.72,Bank Transfer,,0,success,2025-12-01 08:05:21,0.0
TXN0000473,CUST000271,476.46,Bank Transfer,,0,success,2026-01-24 20:54:21,0.0
TXN0000474,CUST001563,775.14,ACH,,0,success,2026-07-22 07:51:21,0.0
TXN0000475,CUST000076,105.54,Debit Card,Insufficient Funds,0,failed,2026-02-05 16:10:21,0.0
TXN0000476,CUST001027,36032.06,Wire Transfer,,0,success,2026-02-04 05:48:21,0.0
TXN0000477,CUST001262,463.19,Debit Card,Insufficient Funds,0,failed,2026-05-16 03:54:21,0.0
TXN0000478,CUST001202,1127.87,Bank Transfer,,0,success,2025-09-13 12:24:21,0.0
TXN0000479,CUST000896,588.03,Debit Card,,0,success,2026-07-30 01:23:21,0.0
TXN0000480,CUST000238,18783.89,Wire Transfer,,0,success,2025-10-21 07:09:21,0.0
TXN0000481,CUST001348,1112.19,Credit Card,Insufficient Funds,0,failed,2025-09-03 08:18:21,149.97
TXN0000482,CUST000711,1319.66,Digital Wallet,,0,success,2026-04-18 03:05:21,0.0
TXN0000483,CUST001155,161.33,Digital Wallet,,0,success,2026-06-29 08:07:21,0.0
TXN0000484,CUST000558,1080.16,Credit Card,,0,pending,2025-11-05 12:24:21,0.0
TXN0000485,CUST001047,8511.74,ACH,,0,success,2025-12-15 14:18:21,0.0
TXN0000486,CUST000523,1390.07,Debit Card,,0,success,2025-09-16 09:21:21,0.0
TXN0000487,CUST001698,1167.32,Credit Card,Expired Card,0,failed,2026-08-22 01:26:21,0.0
TXN0000488,CUST000785,213.56,Credit Card,Expired Card,0,failed,2026-08-09 14:37:21,0.0
TXN0000489,CUST001517,61.12,Credit Card,Insufficient Funds,0,failed,2026-03-17 23:36:21,0.0
TXN0000490,CUST001224,1551.61,Debit Card,Insufficient Funds,0,failed,2026-08-02 03:14:21,0.0
TXN0000491,CUST000095,337.49,Credit Card,Insufficient Funds,0,failed,2026-04-05 23:08:21,0.0
TXN0000492,CUST001219,17.53,Bank Transfer,Routing Error,3,failed,2026-03-25 08:49:21,8.99
TXN0000493,CUST000165,641.45,Digital Wallet,,0,success,2025-12-19 01:42:21,0.0
TXN0000494,CUST001558,282.45,Credit Card,,0,success,2026-06-12 07:29:21,0.0
TXN0000495,CUST000478,24417.11,Credit Card,,0,success,2025-09-07 08:07:21,0.0
TXN0000496,CUST000954,642.97,Digital Wallet,,0,success,2026-03-24 05:15:21,0.0
TXN0000497,CUST000488,178.67,Bank Transfer,,1,success,2026-07-29 03:43:21,0.0
TXN0000498,CUST000314,703.8,Debit Card,,0,success,2025-12-04 18:44:21,0.0
TXN0000499,CUST000939,508.51,Credit Card,Card Declined,1,failed,2026-06-20 11:36:21,146.03
TXN0000500,CUST001213,221.89,Bank Transfer,,0,success,2026-06-23 01:10:21,0.0
TXN0000501,CUST001178,317.29,Digital Wallet,,0,success,2026-02-07 09:35:21,0.0
TXN0000502,CUST000652,341.22,Credit Card,Insufficient Funds,0,failed,2026-06-19 14:22:21,93.14
TXN0000503,CUST001036,727.38,Digital Wallet,,0,success,2026-03-20 19:21:21,0.0
TXN0000504,CUST001976,252.04,Digital Wallet,,0,success,2026-01-08 22:59:21,0.0
TXN0000505,CUST001467,5974.13,ACH,Routing Error,0,failed,2025-09-05 13:26:21,0.0
TXN0000506,CUST001630,1724.61,Credit Card,,0,pending,2026-07-12 10:13:21,0.0
TXN0000507,CUST000812,4798.66,Digital Wallet,,0,success,2026-04-17 03:27:21,0.0
TXN0000508,CUST001751,894.62,Debit Card,,0,success,2026-04-23 04:59:21,0.0
TXN0000509,CUST000779,8990.7,Bank Transfer,Account Closed,0,failed,2026-05-07 04:16:21,0.0
TXN0000510,CUST000763,895.04,Credit Card,,0,success,2026-07-15 13:51:21,0.0
TXN0000511,CUST000341,141.55,Credit Card,Insufficient Funds,0,failed,2026-05-18 12:00:21,0.0
TXN0000512,CUST000189,300.68,Bank Transfer,,0,success,2026-03-12 05:26:21,0.0
TXN0000513,CUST000104,8877.85,Debit Card,,0,success,2026-02-06 17:27:21,0.0
TXN0000514,CUST000874,1279.83,Credit Card,,0,pending,2026-05-25 00:11:21,0.0
TXN0000515,CUST000305,5144.09,Wire Transfer,Account Closed,0,failed,2025-12-15 18:32:21,0.0
TXN0000516,CUST000125,796.36,Credit Card,,0,success,2026-01-26 01:47:21,0.0
TXN0000517,CUST001077,452.11,Bank Transfer,,0,success,2025-11-23 08:04:21,0.0
TXN0000518,CUST000736,460.09,ACH,,0,success,2025-12-22 20:30:21,0.0
TXN0000519,CUST000659,322.22,Digital Wallet,Session Expired,0,failed,2026-08-13 00:25:21,0.0
TXN0000520,CUST000967,7051.39,Credit Card,,0,success,2026-05-01 03:22:21,0.0
TXN0000521,CUST000455,931.39,Debit Card,Card Declined,0,failed,2026-07-31 00:52:21,0.0
TXN0000522,CUST001634,3199.17,Digital Wallet,,0,success,2026-06-01 03:13:21,0.0
TXN0000523,CUST001652,57.43,Debit Card,,0,pending,2025-10-30 07:43:21,0.0
TXN0000524,CUST001941,281.7,Bank Transfer,Routing Error,0,failed,2025-12-18 15:09:21,0.0
TXN0000525,CUST000121,4158.29,ACH,Amount Limit Exceeded,0,failed,2026-08-17 15:58:21,0.0
TXN0000526,CUST001244,101.42,Bank Transfer,,0,success,2026-03-06 10:17:21,0.0
TXN0000527,CUST001730,1214.93,Digital Wallet,Funding Source Declined,3,failed,2026-06-17 04:34:21,738.78
TXN0000528,CUST000748,237.84,Credit Card,,0,pending,2025-09-22 19:51:21,0.0
TXN0000529,CUST001604,640.13,Credit Card,Card Declined,0,failed,2026-01-16 11:57:21,116.28
TXN0000530,CUST000357,7885.09,ACH,,0,success,2025-10-17 21:14:21,0.0
TXN0000531,CUST001669,23.3,Debit Card,,0,success,2025-09-09 23:20:21,0.0
TXN0000532,CUST000179,946.53,Bank Transfer,,1,success,2025-11-07 19:34:21,0.0
TXN0000533,CUST001977,1166.1,Credit Card,Card Declined,1,failed,2025-10-19 00:48:21,380.08
TXN0000534,CUST001919,583.9,Credit Card,,0,success,2026-07-20 01:06:21,0.0
TXN0000535,CUST000344,64.47,Digital Wallet,,0,success,2025-08-30 10:48:21,0.0
TXN0000536,CUST000688,442.04,Credit Card,,0,pending,2026-04-22 10:24:21,0.0
TXN0000537,CUST001612,28.71,Credit Card,CVV Mismatch,1,failed,2026-02-11 17:42:21,12.18
TXN0000538,CUST000341,973.85,Credit Card,,0,success,2025-12-18 20:06:21,0.0
TXN0000539,CUST000208,189.13,Bank Transfer,,0,success,2025-11-05 11:40:21,0.0
TXN0000540,CUST000334,1452.43,Credit Card,,0,success,2026-08-10 23:27:21,0.0
TXN0000541,CUST001950,2369.94,Credit Card,,0,success,2026-02-17 02:42:21,0.0
TXN0000542,CUST000179,4162.0,Debit Card,,1,pending,2025-10-17 16:43:21,0.0
TXN0000543,CUST001701,1145.94,Digital Wallet,,0,success,2026-01-18 03:25:21,0.0
TXN0000544,CUST000235,8944.0,ACH,,0,success,2026-01-30 09:53:21,0.0
TXN0000545,CUST001495,407.35,Credit Card,,0,success,2026-03-29 01:22:21,0.0
TXN0000546,CUST001036,291.07,Credit Card,Expired Card,3,failed,2026-01-22 06:10:21,144.76
TXN0000547,CUST001281,546.55,Credit Card,CVV Mismatch,0,failed,2026-06-01 12:10:21,88.7
TXN0000548,CUST000970,140.83,Debit Card,Insufficient Funds,0,failed,2025-12-20 11:12:21,0.0
TXN0000549,CUST001928,5809.28,Wire Transfer,Sender Unverified,3,failed,2026-01-12 07:12:21,3000.6
TXN0000550,CUST000540,1311.34,Debit Card,,0,pending,2026-07-28 03:40:21,0.0
TXN0000551,CUST000199,15253.47,Debit Card,,0,success,2025-11-23 18:40:21,0.0
TXN0000552,CUST001134,539.49,Credit Card,,0,success,2025-12-03 18:54:21,0.0
TXN0000553,CUST001918,3506.15,Credit Card,,0,success,2025-12-27 23:23:21,0.0
TXN0000554,CUST001749,139.79,Credit Card,,0,success,2025-12-06 13:45:21,0.0
TXN0000555,CUST000302,260.95,Bank Transfer,,0,success,2026-06-01 03:15:21,0.0
TXN0000556,CUST000259,16548.18,ACH,Account Closed,0,failed,2025-10-11 03:35:21,0.0
TXN0000557,CUST000655,635.03,Bank Transfer,,0,success,2026-07-25 06:04:21,0.0
TXN0000558,CUST001131,13428.18,Bank Transfer,,0,pending,2026-01-06 07:38:21,0.0
TXN0000559,CUST001204,1557.88,ACH,,0,success,2026-01-26 05:02:21,0.0
TXN0000560,CUST001698,2611.03,ACH,,0,success,2025-11-13 04:38:21,0.0
TXN0000561,CUST001928,132.29,Bank Transfer,,3,success,2026-01-30 00:04:21,0.0
TXN0000562,CUST001172,1812.77,Bank Transfer,Insufficient Funds,0,failed,2025-10-15 12:45:21,0.0
TXN0000563,CUST000080,1047.28,Bank Transfer,,0,success,2025-09-09 01:25:21,0.0
TXN0000564,CUST001886,1987.97,Wire Transfer,,0,success,2026-03-08 23:09:21,0.0
TXN0000565,CUST001976,604.13,Credit Card,,0,success,2025-09-12 04:33:21,0.0
TXN0000566,CUST000614,3390.6,ACH,,0,success,2026-01-13 22:11:21,0.0
TXN0000567,CUST001239,7484.33,Digital Wallet,Funding Source Declined,0,failed,2026-01-31 08:57:21,0.0
TXN0000568,CUST001777,3841.18,ACH,,0,pending,2026-07-30 15:38:21,0.0
TXN0000569,CUST001913,3960.82,Debit Card,,0,success,2026-02-03 03:39:21,0.0
TXN0000570,CUST001801,105.49,Digital Wallet,Funding Source Declined,0,failed,2026-04-23 06:59:21,13.99
TXN0000571,CUST000322,425.67,Digital Wallet,,0,success,2026-04-09 20:36:21,0.0
TXN0000572,CUST000813,5237.29,Digital Wallet,Account Suspended,0,failed,2025-12-20 13:00:21,573.05
TXN0000573,CUST000523,97.8,Debit Card,,0,success,2026-03-01 21:18:21,0.0
TXN0000574,CUST000530,56.51,Bank Transfer,,0,success,2025-09-10 06:10:21,0.0
TXN0000575,CUST000276,64.77,Debit Card,Insufficient Funds,0,failed,2026-05-11 00:47:21,0.0
TXN0000576,CUST001025,421.87,Credit Card,,0,pending,2026-01-30 16:27:21,0.0
TXN0000577,CUST001981,7808.93,Credit Card,Insufficient Funds,0,failed,2025-10-01 02:50:21,2203.5
TXN0000578,CUST000459,3025.18,Debit Card,,0,success,2026-03-24 09:43:21,0.0
TXN0000579,CUST000868,726.84,Debit Card,,1,success,2026-03-02 18:12:21,0.0
TXN0000580,CUST001604,3601.75,Debit Card,,0,success,2025-10-12 19:51:21,0.0
TXN0000581,CUST001941,117.32,Credit Card,,0,success,2026-02-17 14:47:21,0.0
TXN0000582,CUST000579,66.74,Debit Card,Card Declined,1,failed,2026-04-08 12:08:21,18.69
TXN0000583,CUST000535,1844.49,Bank Transfer,,0,success,2025-09-28 23:16:21,0.0
TXN0000584,CUST000455,1576.88,Digital Wallet,,0,success,2025-10-24 19:46:21,0.0
TXN0000585,CUST000287,3629.24,Wire Transfer,,0,success,2026-03-29 23:30:21,0.0
TXN0000586,CUST000796,3612.24,ACH,,0,success,2025-11-09 02:07:21,0.0
TXN0000587,CUST000456,501.02,Credit Card,,0,success,2025-12-27 11:06:21,0.0
TXN0000588,CUST001732,1524.79,Credit Card,Expired Card,0,failed,2025-11-16 03:10:21,253.24
TXN0000589,CUST001877,150.97,Credit Card,,0,success,2025-11-15 02:45:21,0.0
TXN0000590,CUST001341,127.05,Digital Wallet,,0,success,2026-03-23 18:38:21,0.0
TXN0000591,CUST000762,2637.2,Debit Card,,0,success,2026-06-28 17:25:21,0.0
TXN0000592,CUST001196,63.07,Digital Wallet,,0,success,2025-12-30 01:56:21,0.0
TXN0000593,CUST001842,152.36,Credit Card,,0,success,2026-01-29 06:33:21,0.0
TXN0000594,CUST000282,474.87,Credit Card,Insufficient Funds,0,failed,2026-01-06 04:08:21,0.0
TXN0000595,CUST000370,10614.11,Credit Card,,0,success,2025-10-09 03:08:21,0.0
TXN0000596,CUST000010,928.36,Credit Card,Expired Card,0,failed,2025-11-06 02:57:21,0.0
TXN0000597,CUST001597,645.83,Credit Card,,0,success,2025-10-07 19:03:21,0.0
TXN0000598,CUST000978,1523.45,Digital Wallet,Funding Source Declined,0,failed,2026-08-20 21:40:21,0.0
TXN0000599,CUST000391,802.58,Bank Transfer,Routing Error,4,failed,2026-03-04 23:20:21,565.67
TXN0000600,CUST000125,349.29,Bank Transfer,,0,success,2026-06-04 05:36:21,0.0
TXN0000601,CUST001019,434.45,Digital Wallet,,0,success,2025-12-04 12:55:21,0.0
TXN0000602,CUST001819,1214.14,Credit Card,Insufficient Funds,0,failed,2025-12-20 20:40:21,174.97
TXN0000603,CUST000152,102.95,Debit Card,Daily Limit Exceeded,0,failed,2026-06-22 01:42:21,0.0
TXN0000604,CUST001077,235.25,Digital Wallet,Session Expired,0,failed,2026-08-08 19:32:21,0.0
TXN0000605,CUST001580,242.2,Debit Card,Card Declined,0,failed,2025-09-24 04:47:21,0.0
TXN0000606,CUST000099,1010.79,Debit Card,,0,success,2026-02-15 04:53:21,0.0
TXN0000607,CUST001903,1460.51,Bank Transfer,Account Closed,3,failed,2025-09-24 04:46:21,817.58
TXN0000608,CUST001276,220.88,Credit Card,Card Declined,0,failed,2026-07-05 15:42:21,0.0
TXN0000609,CUST000579,4175.03,Credit Card,Expired Card,0,failed,2026-05-18 13:16:21,0.0
TXN0000610,CUST001703,7593.86,Debit Card,Card Declined,0,failed,2026-03-30 03:26:21,0.0
TXN0000611,CUST001865,199.24,Debit Card,,0,success,2026-03-12 01:28:21,0.0
TXN0000612,CUST000278,7775.05,Debit Card,,0,success,2025-11-07 10:57:21,0.0
TXN0000613,CUST001559,1561.61,Digital Wallet,,0,success,2026-07-20 08:42:21,0.0
TXN0000614,CUST000098,7651.03,Credit Card,,0,success,2026-01-06 23:12:21,0.0
TXN0000615,CUST000205,277.96,Credit Card,,0,success,2026-04-01 20:37:21,0.0
TXN0000616,CUST000873,145.16,Credit Card,Expired Card,0,failed,2026-08-05 07:34:21,0.0
TXN0000617,CUST000239,213.03,Credit Card,,0,success,2026-01-15 13:11:21,0.0
TXN0000618,CUST000191,699.38,Digital Wallet,,0,success,2026-03-06 03:21:21,0.0
TXN0000619,CUST001971,3123.14,Credit Card,,0,success,2025-09-08 16:37:21,0.0
TXN0000620,CUST001815,782.75,Bank Transfer,Account Closed,0,failed,2026-06-08 05:02:21,0.0
TXN0000621,CUST000989,114.56,Debit Card,,3,success,2025-09-14 18:17:21,0.0
TXN0000622,CUST001596,104.56,Bank Transfer,Routing Error,0,failed,2025-12-22 04:32:21,0.0
TXN0000623,CUST000095,11316.28,Wire Transfer,Amount Limit Exceeded,2,failed,2025-09-14 15:39:21,6475.93
TXN0000624,CUST001483,12330.29,Debit Card,,0,success,2025-09-19 21:55:21,0.0
TXN0000625,CUST001435,1536.85,Credit Card,,0,success,2026-04-22 17:06:21,0.0
TXN0000626,CUST001314,745.46,Credit Card,,0,success,2025-11-15 13:25:21,0.0
TXN0000627,CUST000408,857.52,Bank Transfer,,0,success,2025-12-30 16:33:21,0.0
TXN0000628,CUST001976,79.79,Credit Card,,0,success,2026-03-12 00:25:21,0.0
TXN0000629,CUST001128,220.68,Debit Card,,0,success,2026-02-03 01:23:21,0.0
TXN0000630,CUST001641,4247.73,Bank Transfer,Daily Limit Exceeded,2,failed,2026-06-28 16:41:21,2412.61
TXN0000631,CUST000211,1430.95,ACH,Account Inactive,0,failed,2025-10-22 12:48:21,0.0
TXN0000632,CUST001042,80.58,Credit Card,,0,success,2026-01-06 22:05:21,0.0
TXN0000633,CUST001673,5364.7,Wire Transfer,,0,pending,2026-01-07 21:53:21,0.0
TXN0000634,CUST001229,2143.33,Digital Wallet,,0,success,2026-01-09 05:22:21,0.0
TXN0000635,CUST000455,216.21,Debit Card,Daily Limit Exceeded,0,failed,2025-10-07 22:53:21,60.97
TXN0000636,CUST001438,932.64,Digital Wallet,Funding Source Declined,2,failed,2026-01-31 05:12:21,475.27
TXN0000637,CUST000385,204.59,Digital Wallet,,0,success,2026-05-09 17:36:21,0.0
TXN0000638,CUST001468,90.3,Credit Card,,0,success,2026-08-04 11:35:21,0.0
TXN0000639,CUST000253,389.08,ACH,,0,success,2025-09-24 13:56:21,0.0
TXN0000640,CUST000341,1425.09,Debit Card,Card Declined,0,failed,2025-11-17 18:35:21,169.08
TXN0000641,CUST001894,2332.01,Bank Transfer,,0,success,2026-05-29 09:51:21,0.0
TXN0000642,CUST001877,697.08,Debit Card,Account Locked,0,failed,2025-10-21 21:56:21,0.0
TXN0000643,CUST000858,2648.71,ACH,,0,success,2026-04-23 00:03:21,0.0
TXN0000644,CUST001988,573.45,Debit Card,,0,success,2026-06-18 18:50:21,0.0
TXN0000645,CUST001533,3188.78,ACH,,0,success,2025-11-20 21:43:21,0.0
TXN0000646,CUST001134,1077.66,Digital Wallet,,0,success,2026-05-18 01:49:21,0.0
TXN0000647,CUST001407,511.61,Credit Card,,0,pending,2025-09-18 03:43:21,0.0
TXN0000648,CUST001963,214.09,Credit Card,,0,success,2025-10-05 21:43:21,0.0
TXN0000649,CUST001489,693.86,Bank Transfer,,0,success,2025-11-02 13:46:21,0.0
TXN0000650,CUST001381,656.11,Bank Transfer,,0,success,2026-04-03 18:37:21,0.0
TXN0000651,CUST000756,640.63,Digital Wallet,Funding Source Declined,1,failed,2026-07-31 02:11:21,222.1
TXN0000652,CUST000330,2267.99,Digital Wallet,,0,success,2026-06-15 06:44:21,0.0
TXN0000653,CUST000418,15.05,Credit Card,,0,success,2026-08-11 20:36:21,0.0
TXN0000654,CUST001262,732.11,Credit Card,,0,success,2025-11-14 00:41:21,0.0
TXN0000655,CUST000797,1424.59,Debit Card,,0,success,2025-09-05 22:44:21,0.0
TXN0000656,CUST001898,721.25,Debit Card,,0,success,2025-09-11 21:53:21,0.0
TXN0000657,CUST000213,10.0,Credit Card,Card Declined,0,failed,2026-01-14 00:30:21,0.0
TXN0000658,CUST001454,1032.67,Bank Transfer,,0,success,2025-11-21 08:50:21,0.0
TXN0000659,CUST001770,6608.59,Credit Card,,0,success,2026-05-29 11:24:21,0.0
TXN0000660,CUST001949,4138.72,Credit Card,,0,success,2026-06-27 20:26:21,0.0
TXN0000661,CUST001140,482.91,Credit Card,Card Declined,0,failed,2026-08-25 21:59:21,0.0
TXN0000662,CUST000318,29403.57,Wire Transfer,,0,success,2025-10-27 06:39:21,0.0
TXN0000663,CUST001261,285.58,Credit Card,Card Declined,0,failed,2025-11-19 21:24:21,0.0
TXN0000664,CUST000651,359.1,Credit Card,,0,success,2025-12-05 05:38:21,0.0
TXN0000665,CUST000852,371.57,Credit Card,,0,success,2026-02-03 06:06:21,0.0
TXN0000666,CUST001322,858.88,Debit Card,,0,success,2026-03-11 21:10:21,0.0
TXN0000667,CUST001229,8302.61,Wire Transfer,,0,success,2025-11-13 12:28:21,0.0
TXN0000668,CUST001260,3967.81,Credit Card,,1,success,2025-10-03 12:30:21,0.0
TXN0000669,CUST001964,14.43,Bank Transfer,,0,success,2026-02-14 05:04:21,0.0
TXN0000670,CUST000829,2701.28,Credit Card,CVV Mismatch,1,failed,2026-02-17 15:37:21,802.74
TXN0000671,CUST000997,114.99,Credit Card,,0,success,2026-05-21 21:56:21,0.0
TXN0000672,CUST001290,44.57,Digital Wallet,Account Suspended,0,failed,2026-05-12 10:48:21,0.0
TXN0000673,CUST001772,280.12,Digital Wallet,,0,success,2026-05-14 14:35:21,0.0
TXN0000674,CUST002000,13.65,Credit Card,,0,success,2026-07-22 08:45:21,0.0
TXN0000675,CUST001061,293.14,Credit Card,,0,success,2026-08-09 06:24:21,0.0
TXN0000676,CUST000213,1197.16,Debit Card,,0,success,2025-11-07 00:30:21,0.0
TXN0000677,CUST001635,650.04,Credit Card,,0,success,2026-02-01 19:08:21,0.0
TXN0000678,CUST001249,1585.95,Credit Card,,0,success,2025-10-03 08:49:21,0.0
TXN0000679,CUST000125,4003.23,Debit Card,Insufficient Funds,0,failed,2026-02-25 16:22:21,0.0
TXN0000680,CUST001486,524.37,Debit Card,,0,success,2026-04-05 18:04:21,0.0
TXN0000681,CUST001354,3836.54,Credit Card,,0,pending,2026-05-08 03:41:21,0.0
TXN0000682,CUST001634,182.3,Debit Card,,0,success,2026-03-29 12:19:21,0.0
TXN0000683,CUST000651,179.07,Debit Card,,0,success,2026-08-22 14:33:21,0.0
TXN0000684,CUST000253,21.88,Digital Wallet,Device Not Verified,3,failed,2026-07-15 23:15:21,10.33
TXN0000685,CUST001851,2201.98,Wire Transfer,Account Closed,1,failed,2026-05-06 12:35:21,870.03
TXN0000686,CUST000821,3164.84,Debit Card,Insufficient Funds,0,failed,2026-07-31 14:59:21,0.0
TXN0000687,CUST000150,16915.11,Digital Wallet,Account Suspended,1,failed,2025-11-03 17:07:21,6975.18
TXN0000688,CUST001375,1331.8,ACH,Account Inactive,0,failed,2026-03-18 17:00:21,0.0
TXN0000689,CUST001351,254.49,Bank Transfer,,0,success,2025-11-11 14:05:21,0.0
TXN0000690,CUST001964,856.28,Debit Card,,0,success,2026-08-25 22:13:21,0.0
TXN0000691,CUST001459,759.74,Credit Card,,0,success,2026-02-25 03:45:21,0.0
TXN0000692,CUST001798,8806.04,Bank Transfer,,0,success,2026-03-24 16:53:21,0.0
TXN0000693,CUST000318,949.03,Credit Card,,0,success,2026-04-07 03:31:21,0.0
TXN0000694,CUST000540,336.22,Credit Card,,0,success,2025-10-12 05:42:21,0.0
TXN0000695,CUST000865,199.59,Credit Card,,1,success,2025-10-09 07:36:21,0.0
TXN0000696,CUST000830,4666.74,Credit Card,Card Declined,2,failed,2026-04-16 14:31:21,2611.98
TXN0000697,CUST000967,337.95,Bank Transfer,,0,success,2026-06-12 21:03:21,0.0
TXN0000698,CUST001077,345.82,Credit Card,,0,success,2026-04-02 03:59:21,0.0
TXN0000699,CUST000186,205.91,Bank Transfer,,0,success,2025-09-23 00:34:21,0.0
TXN0000700,CUST001258,2488.38,Credit Card,,0,success,2026-06-17 18:18:21,0.0
TXN0000701,CUST001604,1653.58,Credit Card,,0,success,2026-06-14 08:42:21,0.0
TXN0000702,CUST000735,4753.98,Debit Card,Insufficient Funds,0,failed,2026-05-02 06:12:21,0.0
TXN0000703,CUST000088,4877.03,Credit Card,,0,success,2026-02-24 19:58:21,0.0
TXN0000704,CUST001806,1532.02,Bank Transfer,,0,success,2026-03-16 04:43:21,0.0
TXN0000705,CUST001298,253.34,Debit Card,,0,success,2026-04-15 13:54:21,0.0
TXN0000706,CUST000772,14964.08,Wire Transfer,,0,success,2025-09-28 05:55:21,0.0
TXN0000707,CUST000081,6586.01,Bank Transfer,,0,success,2026-02-28 20:57:21,0.0
TXN0000708,CUST001817,1424.75,Digital Wallet,,0,success,2026-06-17 18:18:21,0.0
TXN0000709,CUST001730,384.74,Bank Transfer,,3,success,2026-05-12 04:17:21,0.0
TXN0000710,CUST000239,1054.47,ACH,,0,success,2026-06-28 11:14:21,0.0
TXN0000711,CUST000677,138.77,Credit Card,,0,success,2025-12-25 17:15:21,0.0
TXN0000712,CUST001326,34.83,Debit Card,Card Declined,3,failed,2025-11-07 14:18:21,13.85
TXN0000713,CUST000121,477.29,Credit Card,CVV Mismatch,0,failed,2026-07-31 03:12:21,0.0
TXN0000714,CUST001059,439.12,Bank Transfer,,0,success,2025-11-12 12:27:21,0.0
TXN0000715,CUST001491,1049.63,Credit Card,,0,pending,2026-07-16 02:00:21,0.0
TXN0000716,CUST000966,991.13,Digital Wallet,Device Not Verified,3,failed,2025-11-03 02:49:21,455.09
TXN0000717,CUST000542,458.04,Credit Card,,0,success,2026-01-07 12:51:21,0.0
TXN0000718,CUST001440,7413.21,Digital Wallet,,0,success,2026-07-04 08:16:21,0.0
TXN0000719,CUST001863,1797.81,Digital Wallet,,0,success,2026-06-12 13:22:21,0.0
TXN0000720,CUST001641,3866.91,Credit Card,,2,success,2025-11-28 15:40:21,0.0
TXN0000721,CUST001558,1211.4,Debit Card,,0,success,2025-10-23 14:36:21,0.0
TXN0000722,CUST000865,250.38,Digital Wallet,,1,success,2025-12-03 19:05:21,0.0
TXN0000723,CUST001429,4261.71,Credit Card,,0,success,2026-05-02 16:38:21,0.0
TXN0000724,CUST000718,686.71,Digital Wallet,,0,success,2025-09-05 14:22:21,0.0
TXN0000725,CUST000522,954.44,Debit Card,Insufficient Funds,0,failed,2026-04-04 12:32:21,0.0
TXN0000726,CUST000528,32942.69,Bank Transfer,,0,success,2026-08-24 13:55:21,0.0
TXN0000727,CUST001183,1088.96,Bank Transfer,,0,success,2026-05-14 09:37:21,0.0
TXN0000728,CUST000742,2566.61,Digital Wallet,Device Not Verified,0,failed,2026-04-20 23:34:21,0.0
TXN0000729,CUST001157,456.82,Credit Card,,0,pending,2025-09-13 19:40:21,0.0
TXN0000730,CUST000614,645.85,Credit Card,,0,success,2025-12-24 03:05:21,0.0
TXN0000731,CUST000991,4591.55,Digital Wallet,,0,success,2026-03-04 10:03:21,0.0
TXN0000732,CUST001752,352.76,Credit Card,,0,success,2026-06-28 09:14:21,0.0
TXN0000733,CUST001433,1958.15,Bank Transfer,Daily Limit Exceeded,0,failed,2025-11-19 12:44:21,0.0
TXN0000734,CUST000107,5824.08,Credit Card,,0,success,2026-08-26 05:36:21,0.0
TXN0000735,CUST000205,1009.26,Debit Card,,0,success,2026-07-27 00:14:21,0.0
TXN0000736,CUST001248,5897.1,Credit Card,,0,success,2026-02-03 12:47:21,0.0
TXN0000737,CUST001458,75.58,Digital Wallet,Funding Source Declined,0,failed,2026-01-16 08:16:21,0.0
TXN0000738,CUST001907,126.54,Credit Card,CVV Mismatch,4,failed,2025-10-25 15:55:21,102.44
TXN0000739,CUST001260,8870.14,Debit Card,Daily Limit Exceeded,1,failed,2026-04-27 12:28:21,2903.95
TXN0000740,CUST000178,365.24,Debit Card,,0,success,2026-02-28 11:03:21,0.0
TXN0000741,CUST000411,67.46,Debit Card,,0,success,2026-07-24 05:53:21,0.0
TXN0000742,CUST000523,4419.92,Digital Wallet,,0,success,2026-03-02 20:36:21,0.0
TXN0000743,CUST000989,290.68,Credit Card,,3,success,2026-01-07 19:52:21,0.0
TXN0000744,CUST000735,30862.56,Bank Transfer,,0,success,2026-07-04 15:24:21,0.0
TXN0000745,CUST000697,6722.16,Credit Card,,0,success,2026-04-18 14:36:21,0.0
TXN0000746,CUST000513,13482.39,Bank Transfer,,0,success,2025-11-12 16:39:21,0.0
TXN0000747,CUST001915,3090.52,Bank Transfer,,0,success,2026-01-05 10:59:21,0.0
TXN0000748,CUST001766,1617.75,Credit Card,CVV Mismatch,1,failed,2025-10-08 00:45:21,595.14
TXN0000749,CUST001639,515.29,Credit Card,,0,success,2025-12-06 15:28:21,0.0
TXN0000750,CUST000540,337.03,Digital Wallet,,0,pending,2026-07-11 19:45:21,0.0
TXN0000751,CUST000701,759.46,Digital Wallet,,0,success,2025-12-27 22:06:21,0.0
TXN0000752,CUST001732,6101.53,Debit Card,,0,pending,2025-09-13 01:57:21,0.0
TXN0000753,CUST000481,226.96,Credit Card,,0,success,2026-05-15 01:16:21,0.0
TXN0000754,CUST001713,40.46,Credit Card,Card Declined,1,failed,2026-07-18 10:46:21,16.77
TXN0000755,CUST000014,143.13,Digital Wallet,,0,success,2026-08-06 17:05:21,0.0
TXN0000756,CUST001009,10733.65,Bank Transfer,,0,success,2025-11-06 23:57:21,0.0
TXN0000757,CUST001941,473.56,Digital Wallet,,0,pending,2026-05-06 14:20:21,0.0
TXN0000758,CUST001047,157.72,Digital Wallet,,0,success,2025-11-25 06:56:21,0.0
TXN0000759,CUST001763,11236.01,Debit Card,Insufficient Funds,0,failed,2025-09-04 15:59:21,0.0
TXN0000760,CUST000018,6733.6,Debit Card,,0,pending,2025-11-04 05:08:21,0.0
TXN0000761,CUST001766,301.37,Credit Card,,1,success,2025-11-21 00:13:21,0.0
TXN0000762,CUST001976,2115.74,Debit Card,,0,success,2026-05-25 17:01:21,0.0
TXN0000763,CUST001440,3132.06,Credit Card,,0,success,2026-02-22 20:11:21,0.0
TXN0000764,CUST001171,496.5,Digital Wallet,,0,success,2026-05-03 04:42:21,0.0
TXN0000765,CUST000754,498.61,Credit Card,,0,success,2026-02-14 02:19:21,0.0
TXN0000766,CUST001513,5354.81,Debit Card,Insufficient Funds,0,failed,2026-05-29 18:57:21,0.0
TXN0000767,CUST001134,638.25,Credit Card,,0,success,2026-03-19 17:09:21,0.0
TXN0000768,CUST000579,9493.64,Debit Card,Daily Limit Exceeded,2,failed,2026-06-06 07:15:21,4193.59
TXN0000769,CUST000976,148.77,Credit Card,,0,success,2026-07-09 17:41:21,0.0
TXN0000770,CUST000740,1045.96,Digital Wallet,,0,success,2026-04-18 21:27:21,0.0
TXN0000771,CUST000720,572.36,Bank Transfer,,0,success,2026-05-18 13:52:21,0.0
TXN0000772,CUST001103,490.04,Credit Card,Card Declined,0,failed,2026-02-27 21:45:21,0.0
TXN0000773,CUST001587,1053.34,ACH,,0,success,2026-02-13 13:10:21,0.0
TXN0000774,CUST001960,166.63,Digital Wallet,Funding Source Declined,0,failed,2026-03-08 18:48:21,0.0
TXN0000775,CUST000829,302.14,Debit Card,,1,success,2026-07-23 06:18:21,0.0
TXN0000776,CUST000643,651.3,Credit Card,,0,pending,2026-04-13 12:47:21,0.0
TXN0000777,CUST001818,2701.72,ACH,,0,success,2026-02-23 08:51:21,0.0
TXN0000778,CUST000923,121.93,Debit Card,Insufficient Funds,3,failed,2026-04-29 11:12:21,53.82
TXN0000779,CUST001436,963.54,Credit Card,Expired Card,3,failed,2026-07-11 05:29:21,570.95
TXN0000780,CUST001124,758.24,Credit Card,,0,success,2025-12-03 06:22:21,0.0
TXN0000781,CUST001204,2507.17,Debit Card,Account Locked,0,failed,2026-02-09 23:14:21,0.0
TXN0000782,CUST000594,167.54,Credit Card,,0,success,2026-06-25 03:55:21,0.0
TXN0000783,CUST000059,1033.12,Bank Transfer,,0,success,2026-03-14 16:59:21,0.0
TXN0000784,CUST001108,86.93,Debit Card,,0,success,2026-06-19 09:54:21,0.0
TXN0000785,CUST000278,707.57,Wire Transfer,,0,success,2025-10-06 14:01:21,0.0
TXN0000786,CUST001310,3816.58,Credit Card,,0,success,2025-12-24 15:14:21,0.0
TXN0000787,CUST000905,220.99,Credit Card,,3,pending,2026-01-29 00:19:21,0.0
TXN0000788,CUST000001,1085.45,ACH,,0,success,2026-06-19 21:10:21,0.0
TXN0000789,CUST000018,144.93,Bank Transfer,,0,success,2025-12-19 17:09:21,0.0
TXN0000790,CUST000549,2595.88,ACH,,0,success,2025-10-27 00:38:21,0.0
TXN0000791,CUST001430,866.67,Digital Wallet,Device Not Verified,1,failed,2026-06-05 09:41:21,356.6
TXN0000792,CUST001697,383.55,Credit Card,,0,success,2026-04-16 06:01:21,0.0
TXN0000793,CUST001059,99.53,Debit Card,,0,success,2025-10-18 09:45:21,0.0
TXN0000794,CUST000852,2303.11,ACH,,0,success,2026-04-12 19:16:21,0.0
TXN0000795,CUST000374,339.48,Digital Wallet,Device Not Verified,0,failed,2026-04-10 09:49:21,0.0
TXN0000796,CUST000657,13561.82,Debit Card,Card Declined,0,failed,2026-05-25 05:10:21,0.0
TXN0000797,CUST001433,686.21,Debit Card,,0,success,2026-08-24 01:23:21,0.0
TXN0000798,CUST001630,223.18,Digital Wallet,Device Not Verified,1,failed,2025-12-15 20:59:21,88.12
TXN0000799,CUST000065,259.12,Credit Card,,2,pending,2026-06-15 07:11:21,0.0
TXN0000800,CUST000147,1642.07,Credit Card,Card Declined,0,failed,2026-04-21 19:35:21,0.0
TXN0000801,CUST000905,799.52,Credit Card,,3,success,2026-02-11 18:13:21,0.0
TXN0000802,CUST000069,7608.47,Credit Card,CVV Mismatch,0,failed,2026-07-10 15:46:21,0.0
TXN0000803,CUST000969,1701.94,ACH,,0,success,2026-03-16 02:48:21,0.0
TXN0000804,CUST001526,1432.42,Debit Card,,0,success,2026-04-20 16:48:21,0.0
TXN0000805,CUST000322,4567.62,Wire Transfer,,0,success,2025-09-21 02:21:21,0.0
TXN0000806,CUST001205,1169.28,ACH,,0,pending,2026-06-03 23:51:21,0.0
TXN0000807,CUST000203,154.44,Debit Card,Card Declined,2,failed,2025-09-08 16:44:21,92.41
TXN0000808,CUST000761,659.78,Debit Card,Daily Limit Exceeded,4,failed,2025-09-10 13:07:21,397.93
TXN0000809,CUST001556,42.68,Credit Card,Insufficient Funds,0,failed,2025-09-02 14:38:21,0.0
TXN0000810,CUST001213,898.73,Bank Transfer,Insufficient Funds,0,failed,2026-01-15 09:16:21,0.0
TXN0000811,CUST000065,340.02,Bank Transfer,,2,success,2026-06-20 23:31:21,0.0
TXN0000812,CUST000718,8786.89,ACH,,0,success,2026-03-30 14:44:21,0.0
TXN0000813,CUST001161,1376.22,Debit Card,,0,success,2025-12-31 23:33:21,0.0
TXN0000814,CUST001873,186.88,Digital Wallet,Funding Source Declined,0,failed,2026-04-15 15:05:21,0.0
TXN0000815,CUST001590,1871.42,ACH,,0,success,2026-05-26 07:49:21,0.0
TXN0000816,CUST001590,8778.94,Wire Transfer,,0,success,2026-03-16 09:24:21,0.0
TXN0000817,CUST001104,293.02,Credit Card,CVV Mismatch,0,failed,2025-11-19 03:49:21,0.0
TXN0000818,CUST000235,306.87,Bank Transfer,,0,success,2026-07-03 04:55:21,0.0
TXN0000819,CUST000090,14673.34,Credit Card,Card Declined,0,failed,2026-05-17 04:57:21,2357.92
TXN0000820,CUST000834,839.22,ACH,,0,success,2026-02-10 10:57:21,0.0
TXN0000821,CUST001437,1453.81,Digital Wallet,Funding Source Declined,0,failed,2026-07-23 07:29:21,0.0
TXN0000822,CUST001343,670.96,Debit Card,,0,success,2026-07-18 17:37:21,0.0
TXN0000823,CUST000740,19506.05,Wire Transfer,,0,success,2026-01-27 20:38:21,0.0
TXN0000824,CUST001687,5701.66,Credit Card,,2,success,2025-12-01 06:42:21,0.0
TXN0000825,CUST000065,743.22,ACH,Amount Limit Exceeded,0,failed,2026-07-10 04:42:21,0.0
TXN0000826,CUST001718,453.56,Credit Card,,0,pending,2025-12-01 11:13:21,0.0
TXN0000827,CUST001941,9792.62,Bank Transfer,Daily Limit Exceeded,0,failed,2025-10-05 14:06:21,0.0
TXN0000828,CUST001439,3053.23,ACH,,0,success,2026-06-04 02:53:21,0.0
TXN0000829,CUST000692,198.73,Credit Card,,0,success,2025-10-24 17:29:21,0.0
TXN0000830,CUST000646,4431.27,ACH,,0,success,2026-02-18 18:40:21,0.0
TXN0000831,CUST001692,10014.75,Digital Wallet,,0,success,2025-11-12 15:15:21,0.0
TXN0000832,CUST001127,1125.72,Credit Card,,0,success,2026-04-19 21:00:21,0.0
TXN0000833,CUST000814,519.0,Debit Card,Insufficient Funds,1,failed,2026-08-19 16:20:21,215.3
TXN0000834,CUST000619,4717.13,Digital Wallet,,0,success,2026-05-10 22:27:21,0.0
TXN0000835,CUST001932,1508.28,Credit Card,CVV Mismatch,0,failed,2025-11-16 13:29:21,0.0
TXN0000836,CUST000194,188.7,Credit Card,,0,success,2026-06-19 00:05:21,0.0
TXN0000837,CUST000512,246.15,Credit Card,,0,success,2026-07-11 14:03:21,0.0
TXN0000838,CUST000446,31.67,Digital Wallet,,0,success,2025-12-24 02:57:21,0.0
TXN0000839,CUST001413,68.19,Bank Transfer,,0,success,2026-07-10 12:47:21,0.0
TXN0000840,CUST001497,4297.46,Digital Wallet,,0,success,2026-02-14 05:39:21,0.0
TXN0000841,CUST000549,704.1,Debit Card,,0,pending,2026-01-17 18:29:21,0.0
TXN0000842,CUST001782,815.1,Credit Card,,0,success,2025-10-24 07:48:21,0.0
TXN0000843,CUST000784,3991.85,Bank Transfer,Account Closed,0,failed,2025-11-12 04:08:21,0.0
TXN0000844,CUST000453,123.71,Credit Card,,0,success,2026-02-07 17:40:21,0.0
TXN0000845,CUST001034,4388.29,ACH,,0,success,2026-02-08 04:20:21,0.0
TXN0000846,CUST000975,326.24,Credit Card,Insufficient Funds,1,failed,2026-07-15 19:56:21,101.81
TXN0000847,CUST001430,148.34,Debit Card,Insufficient Funds,0,failed,2025-11-15 01:57:21,0.0
TXN0000848,CUST001171,240.66,Bank Transfer,,0,pending,2025-10-16 08:55:21,0.0
TXN0000849,CUST000165,3465.56,ACH,Account Closed,2,failed,2025-11-07 06:21:21,1918.32
TXN0000850,CUST000868,1385.45,Bank Transfer,,1,success,2026-05-22 22:06:21,0.0
TXN0000851,CUST000050,1001.29,Credit Card,Expired Card,0,failed,2026-01-13 13:19:21,0.0
TXN0000852,CUST001893,1764.41,Debit Card,Card Declined,3,failed,2026-07-16 04:41:21,695.71
TXN0000853,CUST001438,972.05,Debit Card,,2,success,2026-04-03 08:07:21,0.0
TXN0000854,CUST000228,604.76,Credit Card,,0,success,2026-03-12 01:41:21,0.0
TXN0000855,CUST000418,476.85,Debit Card,,0,success,2026-04-17 14:58:21,0.0
TXN0000856,CUST000290,3720.76,ACH,,0,success,2026-02-16 13:31:21,0.0
TXN0000857,CUST000090,892.44,Credit Card,CVV Mismatch,0,failed,2026-05-17 09:49:21,0.0
TXN0000858,CUST001262,7189.49,Wire Transfer,,0,success,2026-08-24 06:04:21,0.0
TXN0000859,CUST001358,2522.47,Digital Wallet,,0,success,2026-07-04 08:10:21,0.0
TXN0000860,CUST001330,301.83,Credit Card,,0,success,2025-12-10 10:22:21,0.0
TXN0000861,CUST000993,3427.25,ACH,,0,success,2026-05-25 01:56:21,0.0
TXN0000862,CUST001149,252.48,Debit Card,Insufficient Funds,0,failed,2025-11-29 23:07:21,0.0
TXN0000863,CUST001525,39.34,Credit Card,Expired Card,0,failed,2026-02-28 20:48:21,0.0
TXN0000864,CUST001027,426.49,Credit Card,Insufficient Funds,0,failed,2026-04-18 19:32:21,0.0
TXN0000865,CUST000061,3745.51,ACH,,0,success,2026-05-05 04:07:21,0.0
TXN0000866,CUST001346,2562.41,Bank Transfer,,0,success,2025-12-04 10:49:21,0.0
TXN0000867,CUST001406,5086.29,ACH,,0,pending,2026-06-10 19:09:21,0.0
TXN0000868,CUST000675,251.14,Credit Card,Expired Card,0,failed,2025-11-03 14:45:21,0.0
TXN0000869,CUST001767,5345.78,Wire Transfer,,0,success,2025-12-03 04:01:21,0.0
TXN0000870,CUST001999,3800.23,Credit Card,,0,success,2025-11-12 03:08:21,0.0
TXN0000871,CUST001036,165.5,Digital Wallet,,3,success,2026-06-29 03:08:21,0.0
TXN0000872,CUST000299,951.04,Credit Card,,0,success,2026-01-28 19:09:21,0.0
TXN0000873,CUST001913,6471.72,ACH,,0,success,2025-10-05 09:11:21,0.0
TXN0000874,CUST001307,4028.28,ACH,Amount Limit Exceeded,1,failed,2025-10-18 13:11:21,1712.82
TXN0000875,CUST001255,44.03,Debit Card,,0,pending,2025-09-11 08:06:21,0.0
TXN0000876,CUST000065,237.01,Debit Card,,2,success,2025-12-13 12:58:21,0.0
TXN0000877,CUST000766,2511.67,Digital Wallet,Device Not Verified,0,failed,2026-06-19 03:16:21,0.0
TXN0000878,CUST001430,939.19,Debit Card,,1,success,2026-08-21 00:02:21,0.0
TXN0000879,CUST001375,4157.63,Bank Transfer,,0,success,2026-05-16 06:17:21,0.0
TXN0000880,CUST000900,9176.23,Digital Wallet,,0,success,2026-03-14 17:32:21,0.0
TXN0000881,CUST001885,156.3,Credit Card,,0,success,2025-10-20 08:36:21,0.0
TXN0000882,CUST000641,695.93,Debit Card,,0,success,2025-11-08 12:54:21,0.0
TXN0000883,CUST001794,1256.83,Debit Card,Card Declined,2,failed,2026-01-07 06:32:21,532.98
TXN0000884,CUST001063,824.69,Debit Card,,0,success,2026-08-07 15:04:21,0.0
TXN0000885,CUST001292,567.76,Bank Transfer,Daily Limit Exceeded,0,failed,2026-03-25 22:59:21,68.98
TXN0000886,CUST001308,504.45,Debit Card,,3,success,2026-07-31 09:55:21,0.0
TXN0000887,CUST000950,349.34,Credit Card,,0,success,2025-12-15 05:17:21,0.0
TXN0000888,CUST001921,2141.14,Wire Transfer,,0,success,2026-02-07 19:08:21,0.0
TXN0000889,CUST000367,80.68,Credit Card,,0,success,2026-05-16 18:23:21,0.0
TXN0000890,CUST001730,587.19,Bank Transfer,,3,success,2025-08-29 02:43:21,0.0
TXN0000891,CUST000187,752.69,Credit Card,Card Declined,0,failed,2026-02-24 05:55:21,0.0
TXN0000892,CUST001489,74.71,Credit Card,,0,success,2025-12-09 13:18:21,0.0
TXN0000893,CUST000780,418.29,Credit Card,,0,pending,2026-03-09 13:33:21,0.0
TXN0000894,CUST000308,215.24,Digital Wallet,Account Suspended,0,failed,2026-03-22 08:39:21,0.0
TXN0000895,CUST000592,39.93,Bank Transfer,Routing Error,0,failed,2026-08-26 12:40:21,0.0
TXN0000896,CUST001245,2738.12,ACH,,0,success,2025-12-15 14:37:21,0.0
TXN0000897,CUST001630,915.8,Debit Card,Insufficient Funds,0,failed,2025-12-27 18:02:21,0.0
TXN0000898,CUST001232,215.3,Debit Card,Daily Limit Exceeded,0,failed,2025-10-14 11:53:21,0.0
TXN0000899,CUST000426,365.52,Debit Card,Insufficient Funds,0,failed,2026-08-10 03:34:21,0.0
TXN0000900,CUST001196,249.8,Debit Card,,0,success,2026-03-28 21:30:21,0.0
TXN0000901,CUST001839,992.96,Debit Card,,0,success,2026-05-29 02:45:21,0.0
TXN0000902,CUST001635,1426.65,Bank Transfer,,0,success,2025-10-27 13:38:21,0.0
TXN0000903,CUST001979,322.28,Credit Card,,0,success,2025-11-04 20:29:21,0.0
TXN0000904,CUST000905,828.97,Credit Card,,3,pending,2026-02-20 19:36:21,0.0
TXN0000905,CUST001008,7467.61,Credit Card,,0,success,2026-07-25 22:58:21,0.0
TXN0000906,CUST001326,2553.6,Credit Card,,3,success,2026-03-12 16:02:21,0.0
TXN0000907,CUST001426,26.37,Debit Card,Insufficient Funds,0,failed,2025-10-09 16:23:21,0.0
TXN0000908,CUST001411,226.17,Debit Card,,0,success,2025-08-31 23:01:21,0.0
TXN0000909,CUST000649,1433.52,Digital Wallet,,0,pending,2025-11-06 13:06:21,0.0
TXN0000910,CUST001259,516.74,Bank Transfer,,0,success,2025-12-04 08:48:21,0.0
TXN0000911,CUST001655,3882.61,Bank Transfer,,0,success,2025-08-30 23:16:21,0.0
TXN0000912,CUST000865,49.35,Credit Card,,1,success,2026-06-28 08:34:21,0.0
TXN0000913,CUST000211,906.95,Bank Transfer,,0,success,2026-01-29 07:07:21,0.0
TXN0000914,CUST001651,5213.15,ACH,Amount Limit Exceeded,0,failed,2026-04-20 06:09:21,0.0
TXN0000915,CUST001127,725.98,Digital Wallet,,0,pending,2026-08-25 04:45:21,0.0
TXN0000916,CUST000812,217.64,Credit Card,,0,success,2025-10-17 07:35:21,0.0
TXN0000917,CUST001944,52.16,Credit Card,,0,success,2025-09-17 16:30:21,0.0
TXN0000918,CUST000073,252.56,Debit Card,,0,success,2025-10-10 17:31:21,0.0
TXN0000919,CUST001835,35.2,Bank Transfer,,0,success,2026-01-28 09:25:21,0.0
TXN0000920,CUST000614,1996.15,Digital Wallet,,0,success,2025-09-14 21:53:21,0.0
TXN0000921,CUST000427,1348.12,Bank Transfer,,0,pending,2026-02-28 06:19:21,0.0
TXN0000922,CUST001482,2364.69,Debit Card,,0,pending,2026-02-16 11:54:21,0.0
TXN0000923,CUST001170,161.45,Bank Transfer,Account Closed,0,failed,2026-03-23 09:34:21,0.0
TXN0000924,CUST000065,128.78,Digital Wallet,,2,pending,2026-07-14 16:32:21,0.0
TXN0000925,CUST000417,1468.66,Debit Card,,1,success,2026-03-27 01:55:21,0.0
TXN0000926,CUST000230,3978.63,ACH,Amount Limit Exceeded,0,failed,2026-01-12 16:27:21,0.0
TXN0000927,CUST001854,395.71,ACH,,0,success,2026-05-22 21:29:21,0.0
TXN0000928,CUST001790,235.15,Bank Transfer,,0,success,2026-06-16 04:36:21,0.0
TXN0000929,CUST001058,7175.8,Debit Card,Card Declined,0,failed,2026-01-04 19:43:21,0.0
TXN0000930,CUST000238,2141.69,Debit Card,Insufficient Funds,0,failed,2025-09-10 12:33:21,0.0
TXN0000931,CUST000896,156.55,Debit Card,,0,success,2026-07-06 15:39:21,0.0
TXN0000932,CUST000640,348.89,Credit Card,,0,success,2025-10-05 02:08:21,0.0
TXN0000933,CUST001055,79.92,Bank Transfer,,0,pending,2026-03-17 17:46:21,0.0
TXN0000934,CUST000165,4105.06,Credit Card,Expired Card,0,failed,2025-10-13 14:56:21,0.0
TXN0000935,CUST000259,57.78,Bank Transfer,,0,success,2026-03-18 00:19:21,0.0
TXN0000936,CUST001647,4486.06,Credit Card,,0,pending,2026-07-22 22:49:21,0.0
TXN0000937,CUST001108,47556.1,Wire Transfer,,0,success,2026-06-23 07:58:21,0.0
TXN0000938,CUST000104,332.57,Credit Card,Expired Card,0,failed,2026-01-21 20:17:21,0.0
TXN0000939,CUST001826,570.67,Debit Card,,0,success,2025-09-03 17:49:21,0.0
TXN0000940,CUST000681,1228.92,Credit Card,,0,success,2025-09-18 15:23:21,0.0
TXN0000941,CUST001548,128.1,Credit Card,,0,success,2026-07-11 09:59:21,0.0
TXN0000942,CUST000530,386.56,Credit Card,,0,success,2025-08-29 17:58:21,0.0
TXN0000943,CUST000746,44.45,Digital Wallet,Session Expired,0,failed,2026-02-09 02:44:21,0.0
TXN0000944,CUST000677,1711.31,ACH,,0,success,2026-03-14 17:57:21,0.0
TXN0000945,CUST001698,578.16,Credit Card,CVV Mismatch,1,failed,2026-06-01 22:39:21,174.04
TXN0000946,CUST001177,937.74,Digital Wallet,Account Suspended,4,failed,2025-09-30 05:38:21,820.03
TXN0000947,CUST000945,566.26,Credit Card,,0,success,2025-10-15 00:53:21,0.0
TXN0000948,CUST001558,1301.89,Debit Card,,0,success,2026-03-07 01:36:21,0.0
TXN0000949,CUST000883,110.95,Credit Card,,0,success,2026-03-05 14:44:21,0.0
TXN0000950,CUST000125,824.2,Bank Transfer,,0,success,2025-08-28 13:35:21,0.0
TXN0000951,CUST001213,1732.08,Debit Card,,0,success,2026-03-14 15:22:21,0.0
TXN0000952,CUST000361,1409.89,Debit Card,Insufficient Funds,0,failed,2025-10-26 04:45:21,0.0
TXN0000953,CUST001580,516.87,Credit Card,,0,success,2026-03-13 16:47:21,0.0
TXN0000954,CUST000186,327.62,Credit Card,Address Mismatch,1,failed,2025-11-03 11:37:21,129.61
TXN0000955,CUST001331,133.07,Credit Card,,0,success,2026-01-08 15:10:21,0.0
TXN0000956,CUST001184,952.29,Debit Card,Card Declined,0,failed,2026-03-27 13:38:21,0.0
TXN0000957,CUST000624,1030.49,Debit Card,,0,success,2026-03-05 05:51:21,0.0
TXN0000958,CUST001652,2563.68,Bank Transfer,,0,success,2026-06-23 23:25:21,0.0
TXN0000959,CUST001125,339.72,Bank Transfer,Insufficient Funds,0,failed,2026-04-06 08:13:21,0.0
TXN0000960,CUST001209,98.13,Debit Card,,2,success,2026-03-18 10:04:21,0.0
TXN0000961,CUST000892,973.22,Debit Card,,0,success,2025-12-28 04:16:21,0.0
TXN0000962,CUST001728,1341.49,Debit Card,,0,success,2026-06-10 22:33:21,0.0
TXN0000963,CUST000276,3321.1,ACH,Account Inactive,0,failed,2025-12-21 11:01:21,0.0
TXN0000964,CUST000279,369.64,Digital Wallet,,0,success,2026-01-27 17:31:21,0.0
TXN0000965,CUST001238,551.74,Credit Card,,0,success,2026-01-07 16:01:21,0.0
TXN0000966,CUST000922,1203.38,Wire Transfer,Sender Unverified,0,failed,2025-11-05 16:34:21,0.0
TXN0000967,CUST001459,975.46,Debit Card,,0,success,2026-01-29 14:52:21,0.0
TXN0000968,CUST000078,3193.41,Debit Card,,0,success,2026-07-01 13:58:21,0.0
TXN0000969,CUST000164,1736.59,Credit Card,,0,success,2026-04-06 17:55:21,0.0
TXN0000970,CUST000865,224.1,Debit Card,,1,success,2026-04-24 16:48:21,0.0
TXN0000971,CUST001967,39101.65,Debit Card,,0,success,2025-11-24 14:09:21,0.0
TXN0000972,CUST001851,1863.63,ACH,,1,pending,2026-08-22 16:59:21,0.0
TXN0000973,CUST000961,20593.84,Wire Transfer,,0,pending,2026-02-28 23:10:21,0.0
TXN0000974,CUST001326,401.28,Digital Wallet,,3,success,2026-03-25 08:38:21,0.0
TXN0000975,CUST000126,3822.69,Bank Transfer,,0,success,2025-11-08 06:46:21,0.0
TXN0000976,CUST001657,1989.31,ACH,Account Closed,0,failed,2025-12-13 05:34:21,0.0
TXN0000977,CUST000517,4418.51,ACH,,0,success,2026-04-19 07:41:21,0.0
TXN0000978,CUST001752,10.0,Bank Transfer,,0,success,2026-06-11 11:00:21,0.0
TXN0000979,CUST000360,2395.37,ACH,,0,pending,2025-09-04 00:57:21,0.0
TXN0000980,CUST001950,371.38,Bank Transfer,,0,success,2026-03-06 06:19:21,0.0
TXN0000981,CUST001683,208.66,Digital Wallet,,0,success,2026-01-28 20:13:21,0.0
TXN0000982,CUST001487,1224.86,Credit Card,,0,success,2026-05-12 13:42:21,0.0
TXN0000983,CUST000112,259.8,Debit Card,,0,success,2026-06-30 07:18:21,0.0
TXN0000984,CUST000976,2425.01,Credit Card,,0,pending,2025-11-29 01:04:21,0.0
TXN0000985,CUST000799,15425.08,Wire Transfer,Sender Unverified,0,failed,2026-01-10 19:45:21,0.0
TXN0000986,CUST001086,1436.02,Credit Card,Insufficient Funds,0,failed,2025-10-05 20:34:21,0.0
TXN0000987,CUST001881,254.11,Digital Wallet,Session Expired,2,failed,2026-07-08 23:47:21,140.49
TXN0000988,CUST000945,1271.41,Digital Wallet,,0,success,2026-04-26 08:45:21,0.0
TXN0000989,CUST000400,1598.39,Bank Transfer,,0,success,2026-05-27 21:53:21,0.0
TXN0000990,CUST000179,1305.69,Bank Transfer,,1,success,2026-08-21 19:22:21,0.0
TXN0000991,CUST001404,194.35,Credit Card,Expired Card,1,failed,2026-05-22 07:27:21,60.3
TXN0000992,CUST000117,641.6,Credit Card,,0,success,2026-05-08 12:48:21,0.0
TXN0000993,CUST001683,780.69,Credit Card,CVV Mismatch,0,failed,2026-06-22 19:46:21,0.0
TXN0000994,CUST001327,543.4,Credit Card,,0,success,2026-07-02 10:17:21,0.0
TXN0000995,CUST000896,506.57,Wire Transfer,,0,success,2026-07-20 11:59:21,0.0
TXN0000996,CUST000567,915.93,Credit Card,,0,success,2025-09-07 10:39:21,0.0
TXN0000997,CUST000528,1788.03,Debit Card,Insufficient Funds,0,failed,2026-07-27 20:04:21,0.0
TXN0000998,CUST000124,2714.48,Debit Card,,0,success,2026-05-28 18:24:21,0.0
TXN0000999,CUST001902,209.83,Credit Card,CVV Mismatch,3,failed,2025-10-01 17:22:21,151.25
TXN0001000,CUST000001,162.41,Debit Card,,0,success,2025-10-17 12:22:21,0.0
TXN0001001,CUST001466,1873.35,ACH,Account Inactive,0,failed,2026-04-21 18:27:21,0.0
TXN0001002,CUST000305,32.92,Credit Card,,0,success,2026-08-28 06:46:21,0.0
TXN0001003,CUST000311,727.71,Bank Transfer,,0,success,2026-02-08 14:28:21,0.0
TXN0001004,CUST001925,1008.34,Debit Card,,0,success,2026-02-02 08:39:21,0.0
TXN0001005,CUST000144,10.0,Bank Transfer,Daily Limit Exceeded,1,failed,2025-11-26 21:07:21,3.87
TXN0001006,CUST000821,876.36,Bank Transfer,Account Closed,0,failed,2026-03-07 05:35:21,0.0
TXN0001007,CUST001570,2232.07,Bank Transfer,Account Closed,0,failed,2025-09-24 02:09:21,0.0
TXN0001008,CUST001836,154.42,Digital Wallet,,0,success,2025-12-22 05:32:21,0.0
TXN0001009,CUST001506,3262.71,Digital Wallet,Account Suspended,0,failed,2025-10-29 00:57:21,593.66
TXN0001010,CUST001624,41751.47,Credit Card,,0,pending,2025-11-27 18:27:21,0.0
TXN0001011,CUST001366,640.11,Digital Wallet,,0,success,2026-08-06 20:21:21,0.0
TXN0001012,CUST000829,46.82,Credit Card,,1,success,2026-01-05 10:33:21,0.0
TXN0001013,CUST000306,303.04,Credit Card,Insufficient Funds,0,failed,2026-06-16 16:47:21,0.0
TXN0001014,CUST001058,835.92,Credit Card,,0,success,2026-08-05 00:44:21,0.0
TXN0001015,CUST000030,406.73,Debit Card,Daily Limit Exceeded,0,failed,2026-07-09 17:49:21,103.11
TXN0001016,CUST000099,839.48,Credit Card,Insufficient Funds,0,failed,2026-06-30 16:50:21,0.0
TXN0001017,CUST000452,441.66,Credit Card,,0,pending,2026-03-08 08:45:21,0.0
TXN0001018,CUST000248,207.2,Credit Card,,0,success,2026-06-18 21:35:21,0.0
TXN0001019,CUST000437,3106.13,Digital Wallet,,0,success,2026-03-10 06:21:21,0.0
TXN0001020,CUST000643,1256.74,ACH,,0,success,2025-09-05 20:53:21,0.0
TXN0001021,CUST000087,473.72,Debit Card,,0,success,2026-08-08 04:22:21,0.0
TXN0001022,CUST001295,12176.51,Wire Transfer,,0,success,2026-08-19 17:23:21,0.0
TXN0001023,CUST001158,602.86,Credit Card,,0,success,2025-08-31 11:51:21,0.0
TXN0001024,CUST000853,12997.83,Debit Card,,0,success,2025-12-27 10:20:21,0.0
TXN0001025,CUST000302,1455.88,Bank Transfer,,0,success,2026-01-30 01:17:21,0.0
TXN0001026,CUST000078,195.47,Bank Transfer,,0,success,2025-12-15 13:23:21,0.0
TXN0001027,CUST001603,1385.11,Wire Transfer,,0,success,2025-11-16 01:16:21,0.0
TXN0001028,CUST001525,3254.28,Credit Card,,0,success,2025-11-24 16:14:21,0.0
TXN0001029,CUST001283,344.76,Digital Wallet,Funding Source Declined,0,failed,2026-06-12 10:34:21,0.0
TXN0001030,CUST000972,5812.3,Wire Transfer,Routing Error,1,failed,2026-02-22 23:15:21,1904.39
TXN0001031,CUST000685,76.54,Debit Card,,0,success,2026-01-08 07:22:21,0.0
TXN0001032,CUST001895,485.81,Debit Card,Insufficient Funds,0,failed,2025-12-08 05:24:21,0.0
TXN0001033,CUST001478,4241.54,Digital Wallet,,0,success,2026-01-26 01:41:21,0.0
TXN0001034,CUST000668,1772.08,ACH,Amount Limit Exceeded,0,failed,2026-01-29 02:04:21,0.0
TXN0001035,CUST000151,3161.08,Bank Transfer,,0,success,2026-01-17 04:15:21,0.0
TXN0001036,CUST000932,593.69,Credit Card,Insufficient Funds,1,failed,2026-01-05 09:16:21,234.68
TXN0001037,CUST001998,1169.83,Credit Card,,0,success,2026-08-11 09:52:21,0.0
TXN0001038,CUST001626,171.9,Digital Wallet,Device Not Verified,0,failed,2026-06-01 22:14:21,0.0
TXN0001039,CUST001237,6781.81,Bank Transfer,,0,success,2025-10-19 02:52:21,0.0
TXN0001040,CUST001752,212.28,Credit Card,,0,pending,2026-01-29 15:57:21,0.0
TXN0001041,CUST000444,1013.86,ACH,,0,success,2026-04-08 07:42:21,0.0
TXN0001042,CUST001788,79.93,Credit Card,,0,success,2025-11-05 00:31:21,0.0
TXN0001043,CUST001938,48.63,Credit Card,,0,success,2026-08-25 19:26:21,0.0
TXN0001044,CUST000279,795.15,Digital Wallet,,0,success,2025-12-13 07:01:21,0.0
TXN0001045,CUST000982,67.49,Credit Card,,0,success,2026-07-08 17:57:21,0.0
TXN0001046,CUST001558,121.42,Credit Card,,0,success,2026-02-01 02:20:21,0.0
TXN0001047,CUST000490,479.6,Credit Card,Expired Card,1,failed,2026-03-25 02:43:21,168.88
TXN0001048,CUST001169,12.7,Bank Transfer,Daily Limit Exceeded,0,failed,2026-06-18 10:03:21,0.0
TXN0001049,CUST001763,687.94,Debit Card,,0,success,2025-09-01 12:28:21,0.0
TXN0001050,CUST000145,1511.23,Bank Transfer,,0,success,2025-11-30 07:10:21,0.0
TXN0001051,CUST000553,1945.11,Credit Card,,0,success,2025-11-07 01:38:21,0.0
TXN0001052,CUST001271,1953.31,Debit Card,,0,success,2026-07-30 15:30:21,0.0
TXN0001053,CUST001819,11019.63,Wire Transfer,Sender Unverified,0,failed,2025-10-16 07:05:21,1593.04
TXN0001054,CUST001328,1616.02,Credit Card,Card Declined,0,failed,2026-05-16 04:07:21,0.0
TXN0001055,CUST001648,774.94,Credit Card,,0,success,2025-11-03 10:15:21,0.0
TXN0001056,CUST001559,6792.2,Credit Card,Expired Card,0,failed,2026-04-13 15:45:21,0.0
TXN0001057,CUST000112,851.62,Credit Card,CVV Mismatch,0,failed,2025-12-22 15:55:21,0.0
TXN0001058,CUST000963,2568.01,ACH,,0,success,2025-11-28 23:00:21,0.0
TXN0001059,CUST001639,475.89,Digital Wallet,,0,success,2025-09-08 06:16:21,0.0
TXN0001060,CUST000938,6215.46,Debit Card,,0,success,2026-05-28 23:24:21,0.0
TXN0001061,CUST000614,569.7,Credit Card,Insufficient Funds,1,failed,2026-06-12 01:55:21,225.45
TXN0001062,CUST000047,56.56,Credit Card,,0,success,2025-11-24 03:58:21,0.0
TXN0001063,CUST000910,5039.51,Wire Transfer,Account Closed,4,failed,2026-05-01 15:47:21,3274.76
TXN0001064,CUST001186,940.16,Credit Card,,0,success,2026-03-13 16:51:21,0.0
TXN0001065,CUST001086,246.36,Debit Card,,0,success,2026-01-12 18:09:21,0.0
TXN0001066,CUST001840,271.32,Credit Card,Insufficient Funds,2,failed,2025-12-23 21:10:21,135.94
TXN0001067,CUST000097,1084.16,Bank Transfer,,0,success,2026-06-03 12:29:21,0.0
TXN0001068,CUST000287,382.08,Bank Transfer,Routing Error,0,failed,2025-09-07 10:38:21,110.52
TXN0001069,CUST000785,115.0,Debit Card,Insufficient Funds,0,failed,2025-11-07 04:00:21,0.0
TXN0001070,CUST001315,5701.94,ACH,Account Inactive,0,failed,2026-03-05 04:05:21,0.0
TXN0001071,CUST001998,2924.86,Credit Card,Insufficient Funds,0,failed,2026-08-15 19:29:21,616.5
TXN0001072,CUST000298,593.52,Credit Card,,0,success,2026-06-10 07:41:21,0.0
TXN0001073,CUST001040,190.05,Credit Card,,0,pending,2025-08-31 22:58:21,0.0
TXN0001074,CUST001986,15280.12,Credit Card,,0,success,2025-11-07 11:19:21,0.0
TXN0001075,CUST001493,713.95,Wire Transfer,,0,success,2026-01-13 21:44:21,0.0
TXN0001076,CUST001683,877.53,Debit Card,,0,success,2026-06-17 10:53:21,0.0
TXN0001077,CUST000276,500.17,Bank Transfer,,0,success,2026-05-07 18:06:21,0.0
TXN0001078,CUST001467,389.1,Digital Wallet,,1,success,2026-05-20 13:55:21,0.0
TXN0001079,CUST001801,24.1,Debit Card,Insufficient Funds,0,failed,2026-01-11 10:46:21,0.0
TXN0001080,CUST001999,6635.24,Debit Card,,0,success,2026-05-20 17:08:21,0.0
TXN0001081,CUST001048,349.37,Credit Card,,0,success,2026-02-24 20:19:21,0.0
TXN0001082,CUST000876,9959.32,Wire Transfer,,0,success,2026-04-04 21:06:21,0.0
TXN0001083,CUST000913,60.51,Credit Card,,0,success,2026-07-15 01:42:21,0.0
TXN0001084,CUST001519,1330.43,Debit Card,,0,success,2026-04-03 02:37:21,0.0
TXN0001085,CUST001839,884.09,Bank Transfer,,0,success,2026-01-28 03:35:21,0.0
TXN0001086,CUST000177,2220.8,Wire Transfer,,0,success,2025-12-02 22:24:21,0.0
TXN0001087,CUST001210,1259.95,Credit Card,Insufficient Funds,0,failed,2026-04-10 19:17:21,0.0
TXN0001088,CUST001455,684.52,Debit Card,,0,success,2026-05-18 02:35:21,0.0
TXN0001089,CUST001135,1957.92,Digital Wallet,,0,success,2026-03-26 14:09:21,0.0
TXN0001090,CUST001516,95.59,Bank Transfer,Account Closed,0,failed,2026-03-27 11:35:21,0.0
TXN0001091,CUST000255,658.83,Bank Transfer,,0,success,2026-01-27 02:57:21,0.0
TXN0001092,CUST001321,6928.39,Credit Card,Card Declined,0,failed,2026-07-24 12:41:21,0.0
TXN0001093,CUST000985,4576.2,ACH,,0,success,2025-10-10 10:58:21,0.0
TXN0001094,CUST001676,99.08,Credit Card,,0,success,2025-11-07 07:34:21,0.0
TXN0001095,CUST000853,1345.28,Credit Card,Card Declined,1,failed,2025-09-08 04:06:21,595.34
TXN0001096,CUST001204,1941.38,Credit Card,,0,success,2025-10-06 21:25:21,0.0
TXN0001097,CUST001839,201.49,Debit Card,,0,success,2026-07-19 16:16:21,0.0
TXN0001098,CUST000376,1105.98,Credit Card,,0,success,2026-06-03 15:08:21,0.0
TXN0001099,CUST001694,88.57,Debit Card,,0,success,2026-04-11 10:44:21,0.0
TXN0001100,CUST000197,60.05,Digital Wallet,,0,success,2026-06-16 08:20:21,0.0
TXN0001101,CUST000764,2698.69,ACH,,0,success,2026-06-06 05:15:21,0.0
TXN0001102,CUST000932,1606.15,Debit Card,,1,success,2025-11-14 12:44:21,0.0
TXN0001103,CUST001077,1223.8,Digital Wallet,,0,success,2025-08-28 14:44:21,0.0
TXN0001104,CUST000234,62.21,Debit Card,,0,success,2026-06-30 03:29:21,0.0
TXN0001105,CUST001059,229.26,Bank Transfer,Insufficient Funds,3,failed,2026-01-13 12:55:21,142.13
TXN0001106,CUST000701,271.36,Credit Card,,0,pending,2026-03-26 07:41:21,0.0
TXN0001107,CUST000456,361.2,Debit Card,Account Locked,0,failed,2025-09-10 01:09:21,0.0
TXN0001108,CUST000606,1862.13,Bank Transfer,,0,success,2026-01-22 09:40:21,0.0
TXN0001109,CUST000160,1516.02,Debit Card,,0,success,2026-01-20 07:16:21,0.0
TXN0001110,CUST001271,34590.46,Digital Wallet,,0,success,2025-12-31 04:30:21,0.0
TXN0001111,CUST001054,2140.75,Credit Card,CVV Mismatch,3,failed,2026-07-10 04:30:21,964.72
TXN0001112,CUST001204,430.15,Debit Card,,0,success,2026-05-25 11:06:21,0.0
TXN0001113,CUST001315,387.09,Digital Wallet,,0,success,2026-04-07 14:06:21,0.0
TXN0001114,CUST001752,10.0,Credit Card,,0,success,2025-10-19 00:56:21,0.0
TXN0001115,CUST000203,291.17,Bank Transfer,,2,success,2026-08-20 16:15:21,0.0
TXN0001116,CUST001975,874.61,ACH,,0,success,2025-11-26 07:42:21,0.0
TXN0001117,CUST001630,676.35,Credit Card,,1,success,2025-08-30 17:05:21,0.0
TXN0001118,CUST000380,1928.43,Debit Card,,0,success,2026-05-27 21:04:21,0.0
TXN0001119,CUST001054,324.46,Digital Wallet,Account Suspended,0,failed,2026-03-21 04:59:21,0.0
TXN0001120,CUST001307,2797.81,Bank Transfer,,1,success,2026-02-24 10:10:21,0.0
TXN0001121,CUST000084,159.45,Digital Wallet,,0,success,2026-02-11 22:59:21,0.0
TXN0001122,CUST000639,3724.38,ACH,,0,success,2026-05-04 15:02:21,0.0
TXN0001123,CUST000766,281.66,Debit Card,Insufficient Funds,0,failed,2025-12-27 11:05:21,0.0
TXN0001124,CUST001570,54.6,Digital Wallet,,0,success,2026-02-06 17:55:21,0.0
TXN0001125,CUST000175,1873.11,Credit Card,,0,success,2025-09-06 14:22:21,0.0
TXN0001126,CUST001828,14.33,Credit Card,Address Mismatch,0,failed,2026-03-08 01:50:21,0.0
TXN0001127,CUST000828,130.21,Credit Card,,0,success,2025-12-15 23:40:21,0.0
TXN0001128,CUST001192,130.49,Credit Card,,0,success,2025-10-02 20:06:21,0.0
TXN0001129,CUST001236,1842.83,Credit Card,,0,success,2025-12-10 00:19:21,0.0
TXN0001130,CUST000222,118.72,Digital Wallet,,0,success,2026-05-01 12:20:21,0.0
TXN0001131,CUST001006,49.96,Digital Wallet,,0,success,2025-12-15 11:27:21,0.0
TXN0001132,CUST000784,240.72,Credit Card,,0,success,2026-03-14 04:09:21,0.0
TXN0001133,CUST000198,331.42,Digital Wallet,,0,success,2025-12-04 16:38:21,0.0
TXN0001134,CUST000602,1330.21,Debit Card,,0,success,2026-04-16 15:07:21,0.0
TXN0001135,CUST001108,1342.77,ACH,,0,success,2026-08-11 18:32:21,0.0
TXN0001136,CUST000786,5617.01,Bank Transfer,,0,success,2026-01-13 18:26:21,0.0
TXN0001137,CUST000989,755.95,Bank Transfer,,3,success,2026-06-04 17:01:21,0.0
TXN0001138,CUST001433,197.87,Digital Wallet,,0,success,2026-07-02 13:45:21,0.0
TXN0001139,CUST001135,1245.88,Credit Card,,0,success,2025-11-08 16:58:21,0.0
TXN0001140,CUST000321,26421.1,Wire Transfer,,0,success,2025-12-17 14:04:21,0.0
TXN0001141,CUST000723,1764.59,Credit Card,Card Declined,2,failed,2025-10-30 07:20:21,556.84
TXN0001142,CUST000715,69.78,Digital Wallet,,0,success,2025-10-11 22:04:21,0.0
TXN0001143,CUST000081,13273.19,Credit Card,,0,success,2026-01-29 21:25:21,0.0
TXN0001144,CUST000508,50000.0,Debit Card,,0,success,2026-07-15 10:24:21,0.0
TXN0001145,CUST000235,4165.14,ACH,,0,pending,2026-08-17 15:08:21,0.0
TXN0001146,CUST001346,2518.66,Digital Wallet,,0,success,2026-01-25 00:27:21,0.0
TXN0001147,CUST001205,939.27,Debit Card,Daily Limit Exceeded,3,failed,2025-11-08 20:08:21,402.63
TXN0001148,CUST001656,1403.35,Credit Card,,0,success,2026-05-14 21:57:21,0.0
TXN0001149,CUST001567,287.88,Digital Wallet,Session Expired,0,failed,2026-01-17 01:57:21,0.0
TXN0001150,CUST001995,1312.67,Wire Transfer,,0,success,2025-11-27 02:10:21,0.0
TXN0001151,CUST000579,7031.86,ACH,,2,success,2026-02-04 00:49:21,0.0
TXN0001152,CUST000189,2714.44,Bank Transfer,,0,success,2025-11-05 04:51:21,0.0
TXN0001153,CUST000138,223.35,ACH,,0,success,2026-01-22 02:06:21,0.0
TXN0001154,CUST001335,594.48,Credit Card,,0,success,2025-12-12 23:01:21,0.0
TXN0001155,CUST000642,228.44,Digital Wallet,,0,success,2025-10-12 15:59:21,0.0
TXN0001156,CUST001122,5805.9,Credit Card,CVV Mismatch,0,failed,2026-05-24 13:57:21,0.0
TXN0001157,CUST001652,68.25,Credit Card,Insufficient Funds,0,failed,2025-10-17 18:29:21,0.0
TXN0001158,CUST001284,389.34,Digital Wallet,Funding Source Declined,1,failed,2026-06-14 01:19:21,120.81
TXN0001159,CUST001568,4956.6,Wire Transfer,,0,pending,2026-01-17 19:08:21,0.0
TXN0001160,CUST001867,247.03,Digital Wallet,,0,pending,2026-01-28 23:36:21,0.0
TXN0001161,CUST001787,3991.89,ACH,Amount Limit Exceeded,1,failed,2026-07-01 04:16:21,1605.49
TXN0001162,CUST001438,302.16,Debit Card,,2,success,2025-11-14 19:01:21,0.0
TXN0001163,CUST000076,124.5,Credit Card,CVV Mismatch,1,failed,2026-08-13 23:38:21,50.83
TXN0001164,CUST001349,145.74,Digital Wallet,,0,success,2026-08-06 08:57:21,0.0
TXN0001165,CUST000114,3524.06,Credit Card,CVV Mismatch,3,failed,2026-07-26 18:31:21,2497.14
TXN0001166,CUST001347,12113.3,Credit Card,,0,pending,2026-06-18 01:21:21,0.0
TXN0001167,CUST001025,738.5,Bank Transfer,,0,success,2025-12-03 10:35:21,0.0
TXN0001168,CUST001588,254.77,Credit Card,Card Declined,0,failed,2026-04-28 13:21:21,0.0
TXN0001169,CUST000642,67.79,Debit Card,,0,success,2025-11-01 09:04:21,0.0
TXN0001170,CUST001524,3529.93,Digital Wallet,,0,success,2026-06-16 05:17:21,0.0
TXN0001171,CUST000080,297.76,Debit Card,,0,success,2026-04-19 14:25:21,0.0
TXN0001172,CUST000768,51.37,Bank Transfer,Daily Limit Exceeded,0,failed,2026-04-23 23:32:21,0.0
TXN0001173,CUST000297,1497.55,Credit Card,,0,success,2026-03-24 07:47:21,0.0
TXN0001174,CUST001241,528.36,Bank Transfer,,0,success,2026-07-31 09:30:21,0.0
TXN0001175,CUST000491,112.37,Bank Transfer,,0,success,2025-10-04 10:05:21,0.0
TXN0001176,CUST001404,1453.1,Debit Card,Daily Limit Exceeded,0,failed,2026-01-13 20:28:21,0.0
TXN0001177,CUST000805,156.7,Credit Card,,0,success,2026-03-27 05:29:21,0.0
TXN0001178,CUST000483,158.27,Debit Card,,0,success,2026-06-06 17:48:21,0.0
TXN0001179,CUST001664,5112.05,Wire Transfer,,0,success,2026-08-10 23:33:21,0.0
TXN0001180,CUST001570,213.21,Credit Card,,0,success,2026-01-28 21:43:21,0.0
TXN0001181,CUST001882,3727.6,Wire Transfer,,0,success,2025-09-04 23:56:21,0.0
TXN0001182,CUST001149,166.28,Digital Wallet,,0,success,2025-11-20 09:08:21,0.0
TXN0001183,CUST000057,41.71,Digital Wallet,,0,success,2026-05-25 12:00:21,0.0
TXN0001184,CUST000279,164.97,Debit Card,Insufficient Funds,0,failed,2026-03-24 21:52:21,0.0
TXN0001185,CUST001088,166.87,Debit Card,,0,pending,2025-08-27 11:40:21,0.0
TXN0001186,CUST000549,147.53,Bank Transfer,,0,success,2026-03-17 17:58:21,0.0
TXN0001187,CUST000274,2067.13,Wire Transfer,,0,success,2026-03-13 23:16:21,0.0
TXN0001188,CUST000481,867.17,Credit Card,Address Mismatch,0,failed,2025-11-09 01:27:21,0.0
TXN0001189,CUST001891,894.25,Credit Card,,0,success,2026-05-03 05:59:21,0.0
TXN0001190,CUST001145,196.55,Bank Transfer,Daily Limit Exceeded,0,failed,2026-06-13 06:05:21,0.0
TXN0001191,CUST001438,3963.44,Bank Transfer,Daily Limit Exceeded,0,failed,2026-01-07 10:57:21,0.0
TXN0001192,CUST000341,3042.74,Bank Transfer,Insufficient Funds,0,failed,2025-12-17 20:20:21,0.0
TXN0001193,CUST000424,3060.99,Credit Card,,0,success,2026-04-05 08:45:21,0.0
TXN0001194,CUST000322,3201.89,ACH,,0,success,2026-06-15 08:10:21,0.0
TXN0001195,CUST000483,1521.14,Credit Card,,0,success,2026-04-22 20:51:21,0.0
TXN0001196,CUST000939,1108.63,Credit Card,Expired Card,2,failed,2026-03-15 10:03:21,446.93
TXN0001197,CUST001461,471.5,Bank Transfer,,0,success,2025-10-27 00:24:21,0.0
TXN0001198,CUST000907,623.15,Bank Transfer,Routing Error,0,failed,2026-02-27 12:46:21,104.82
TXN0001199,CUST001226,1568.83,Credit Card,,0,success,2026-08-25 23:56:21,0.0
TXN0001200,CUST000620,605.9,Debit Card,,0,success,2026-06-21 15:26:21,0.0
TXN0001201,CUST000534,1551.39,Digital Wallet,,0,success,2026-03-07 18:20:21,0.0
TXN0001202,CUST001210,1445.78,Wire Transfer,,0,success,2026-04-17 05:08:21,0.0
TXN0001203,CUST001670,642.05,Credit Card,,0,success,2026-04-06 09:05:21,0.0
TXN0001204,CUST000580,512.07,Credit Card,Insufficient Funds,0,failed,2026-04-14 16:08:21,0.0
TXN0001205,CUST000338,490.06,ACH,,0,success,2026-06-11 14:34:21,0.0
TXN0001206,CUST001304,344.29,Debit Card,,0,success,2026-08-01 02:19:21,0.0
TXN0001207,CUST001001,681.1,Digital Wallet,Session Expired,1,failed,2025-12-31 19:21:21,213.29
TXN0001208,CUST001899,583.98,Bank Transfer,,0,success,2025-08-29 14:57:21,0.0
TXN0001209,CUST000231,312.79,Credit Card,,0,success,2026-06-25 21:23:21,0.0
TXN0001210,CUST000579,987.55,Credit Card,CVV Mismatch,2,failed,2025-12-10 23:52:21,526.92
TXN0001211,CUST001200,205.28,Credit Card,,0,success,2026-08-25 15:39:21,0.0
TXN0001212,CUST000853,236.08,Credit Card,,1,success,2026-04-23 16:45:21,0.0
TXN0001213,CUST002000,601.38,Credit Card,Insufficient Funds,0,failed,2025-09-14 05:03:21,0.0
TXN0001214,CUST001903,227.32,Bank Transfer,,3,success,2026-03-16 04:27:21,0.0
TXN0001215,CUST000112,1226.37,Bank Transfer,,0,success,2026-04-12 12:46:21,0.0
TXN0001216,CUST000829,1311.33,Digital Wallet,,1,success,2026-01-08 21:42:21,0.0
TXN0001217,CUST001858,601.59,ACH,,0,success,2026-05-12 06:37:21,0.0
TXN0001218,CUST000662,907.02,Bank Transfer,,0,success,2026-07-22 14:50:21,0.0
TXN0001219,CUST000817,838.41,Digital Wallet,,0,pending,2026-04-27 20:23:21,0.0
TXN0001220,CUST000378,8672.44,Credit Card,Expired Card,0,failed,2026-04-04 11:40:21,1744.63
TXN0001221,CUST000316,7136.5,ACH,Account Closed,0,failed,2026-03-22 10:50:21,0.0
TXN0001222,CUST001151,23058.94,Credit Card,,0,success,2025-12-09 01:57:21,0.0
TXN0001223,CUST000795,1049.14,Debit Card,,0,success,2026-01-24 05:40:21,0.0
TXN0001224,CUST000755,1963.22,Digital Wallet,,0,success,2026-01-22 06:26:21,0.0
TXN0001225,CUST001994,89.31,Debit Card,Daily Limit Exceeded,0,failed,2026-06-09 16:55:21,0.0
TXN0001226,CUST001075,1880.66,Debit Card,,0,success,2026-07-18 17:09:21,0.0
TXN0001227,CUST001670,1491.42,Debit Card,,0,success,2026-03-28 00:55:21,0.0
TXN0001228,CUST001165,876.88,Credit Card,CVV Mismatch,0,failed,2026-07-03 16:01:21,225.44
TXN0001229,CUST000952,236.14,Debit Card,,0,success,2026-04-20 21:12:21,0.0
TXN0001230,CUST001575,669.24,Debit Card,,0,success,2026-06-30 08:46:21,0.0
TXN0001231,CUST001611,3140.26,ACH,,0,success,2026-07-16 18:32:21,0.0
TXN0001232,CUST000643,378.34,Debit Card,,0,success,2026-01-07 11:00:21,0.0
TXN0001233,CUST000543,233.02,Bank Transfer,,0,success,2026-05-25 02:17:21,0.0
TXN0001234,CUST000179,317.81,Credit Card,,1,success,2026-07-04 18:54:21,0.0
TXN0001235,CUST001556,1501.25,Credit Card,CVV Mismatch,2,failed,2025-12-26 17:44:21,838.37
TXN0001236,CUST001348,140.01,Bank Transfer,,0,success,2025-10-23 08:57:21,0.0
TXN0001237,CUST001666,146.68,Credit Card,,0,pending,2025-09-17 09:45:21,0.0
TXN0001238,CUST000620,124.51,Credit Card,Expired Card,1,failed,2026-05-23 04:36:21,35.44
TXN0001239,CUST001839,3208.17,Debit Card,,0,success,2026-05-12 16:47:21,0.0
TXN0001240,CUST000954,330.23,Digital Wallet,,0,success,2025-10-11 15:16:21,0.0
TXN0001241,CUST000125,119.31,Credit Card,Expired Card,0,failed,2026-06-30 02:31:21,0.0
TXN0001242,CUST000865,624.3,ACH,,1,success,2025-12-30 07:33:21,0.0
TXN0001243,CUST000497,1939.53,ACH,,0,success,2026-02-09 07:07:21,0.0
TXN0001244,CUST001292,185.47,Bank Transfer,,0,success,2025-12-17 08:51:21,0.0
TXN0001245,CUST001136,1154.27,Debit Card,Card Declined,2,failed,2025-12-08 13:42:21,633.01
TXN0001246,CUST001390,1783.74,ACH,,0,success,2026-05-01 10:25:21,0.0
TXN0001247,CUST000865,14542.28,Digital Wallet,,1,success,2025-11-18 06:11:21,0.0
TXN0001248,CUST000855,121.96,Credit Card,Insufficient Funds,0,failed,2025-10-01 21:00:21,0.0
TXN0001249,CUST000043,355.65,Bank Transfer,,0,success,2025-12-30 21:00:21,0.0
TXN0001250,CUST001697,427.25,Credit Card,,0,success,2025-09-11 21:30:21,0.0
TXN0001251,CUST001726,2874.76,Credit Card,,0,success,2026-03-30 08:43:21,0.0
TXN0001252,CUST000854,2637.75,Debit Card,,0,success,2026-02-24 16:37:21,0.0
TXN0001253,CUST000332,229.44,Credit Card,,0,pending,2026-07-14 10:58:21,0.0
TXN0001254,CUST001976,100.71,Credit Card,Card Declined,0,failed,2026-01-27 17:09:21,0.0
TXN0001255,CUST000723,79.33,Debit Card,Insufficient Funds,0,failed,2026-04-16 20:45:21,0.0
TXN0001256,CUST001895,1635.64,Credit Card,Card Declined,4,failed,2026-01-20 04:49:21,986.76
TXN0001257,CUST000579,28.84,Bank Transfer,,2,pending,2026-04-17 21:38:21,0.0
TXN0001258,CUST000096,5537.24,Debit Card,,0,success,2026-06-11 09:33:21,0.0
TXN0001259,CUST001372,3391.03,Debit Card,Insufficient Funds,0,failed,2026-01-06 05:22:21,991.43
TXN0001260,CUST001249,3238.38,Debit Card,,0,success,2026-07-06 15:26:21,0.0
TXN0001261,CUST000343,1087.6,Debit Card,,0,success,2026-02-24 02:42:21,0.0
TXN0001262,CUST001008,2660.86,Debit Card,,0,success,2025-12-15 08:33:21,0.0
TXN0001263,CUST000697,165.98,Credit Card,Card Declined,0,failed,2026-05-16 18:02:21,0.0
TXN0001264,CUST000014,975.62,Bank Transfer,Daily Limit Exceeded,0,failed,2025-12-13 03:23:21,0.0
TXN0001265,CUST000868,545.59,Debit Card,,1,success,2025-09-22 01:19:21,0.0
TXN0001266,CUST001085,867.08,Debit Card,Card Declined,0,failed,2026-01-28 18:31:21,0.0
TXN0001267,CUST001746,33900.66,Credit Card,,0,success,2026-08-12 18:19:21,0.0
TXN0001268,CUST001470,125.47,Bank Transfer,,0,success,2026-07-15 22:08:21,0.0
TXN0001269,CUST001582,1013.29,Bank Transfer,Account Closed,0,failed,2025-10-04 03:31:21,135.12
TXN0001270,CUST001294,9301.5,Digital Wallet,,0,success,2025-09-23 16:10:21,0.0
TXN0001271,CUST001815,614.2,Digital Wallet,,0,success,2025-11-17 22:42:21,0.0
TXN0001272,CUST001863,4168.67,Credit Card,,0,success,2026-04-06 15:49:21,0.0
TXN0001273,CUST001435,91.94,Digital Wallet,,0,success,2025-10-03 01:32:21,0.0
TXN0001274,CUST001615,1992.25,ACH,,0,success,2026-03-04 12:03:21,0.0
TXN0001275,CUST001805,1096.59,ACH,Routing Error,0,failed,2026-06-24 15:54:21,0.0
TXN0001276,CUST001224,604.69,Digital Wallet,,0,success,2026-03-21 16:07:21,0.0
TXN0001277,CUST000328,1852.51,ACH,,0,success,2025-11-24 14:12:21,0.0
TXN0001278,CUST000095,2727.24,Debit Card,,2,success,2025-12-13 04:42:21,0.0
TXN0001279,CUST001171,6184.78,Wire Transfer,,0,success,2025-12-11 21:21:21,0.0
TXN0001280,CUST001040,287.26,Credit Card,,0,success,2025-11-07 09:28:21,0.0
TXN0001281,CUST000484,427.45,Debit Card,,0,success,2025-11-11 09:31:21,0.0
TXN0001282,CUST001363,24721.14,Wire Transfer,,0,success,2026-03-01 23:10:21,0.0
TXN0001283,CUST001670,132.05,Bank Transfer,,0,success,2025-09-18 03:43:21,0.0
TXN0001284,CUST001511,236.73,Debit Card,,0,success,2025-11-03 01:36:21,0.0
TXN0001285,CUST000931,502.62,Debit Card,,0,success,2026-01-30 06:23:21,0.0
TXN0001286,CUST000606,263.38,Debit Card,,0,success,2026-01-12 06:05:21,0.0
TXN0001287,CUST000825,4601.31,Digital Wallet,,0,success,2026-02-06 23:51:21,0.0
TXN0001288,CUST000868,2841.28,Credit Card,,1,success,2025-09-09 16:42:21,0.0
TXN0001289,CUST001688,486.18,Credit Card,,0,success,2025-12-22 09:59:21,0.0
TXN0001290,CUST001271,15759.57,Credit Card,,0,success,2026-06-28 10:15:21,0.0
TXN0001291,CUST000067,995.06,Digital Wallet,,0,success,2026-02-20 04:50:21,0.0
TXN0001292,CUST000226,6435.04,Credit Card,,0,success,2026-08-07 16:19:21,0.0
TXN0001293,CUST001435,5404.0,Digital Wallet,,0,success,2026-03-25 22:57:21,0.0
TXN0001294,CUST000418,1238.89,Digital Wallet,Device Not Verified,2,failed,2026-03-24 23:15:21,487.26
TXN0001295,CUST000305,1229.85,Debit Card,Card Declined,0,failed,2026-07-25 07:02:21,320.29
TXN0001296,CUST000635,182.8,Digital Wallet,,0,success,2026-02-15 16:35:21,0.0
TXN0001297,CUST001241,834.06,Credit Card,Insufficient Funds,3,failed,2025-10-06 17:40:21,414.11
TXN0001298,CUST000920,557.35,Digital Wallet,,0,success,2026-07-13 12:46:21,0.0
TXN0001299,CUST000794,2156.39,Bank Transfer,,0,success,2025-11-25 06:46:21,0.0
TXN0001300,CUST001508,1059.85,Bank Transfer,Routing Error,0,failed,2025-11-08 11:38:21,0.0
TXN0001301,CUST000633,579.06,Bank Transfer,Account Closed,2,failed,2025-10-15 14:52:21,244.98
TXN0001302,CUST001961,107.16,Credit Card,,0,success,2026-05-23 16:56:21,0.0
TXN0001303,CUST000247,129.74,Credit Card,,0,success,2026-08-18 23:38:21,0.0
TXN0001304,CUST000274,204.97,Credit Card,,0,success,2025-11-27 13:08:21,0.0
TXN0001305,CUST000093,680.91,Debit Card,,0,success,2026-03-06 19:17:21,0.0
TXN0001306,CUST001761,2574.51,Credit Card,,0,success,2026-07-13 05:22:21,0.0
TXN0001307,CUST000585,170.44,Credit Card,,0,pending,2026-07-14 04:09:21,0.0
TXN0001308,CUST001390,6495.9,Digital Wallet,Session Expired,1,failed,2025-08-28 07:09:21,2913.45
TXN0001309,CUST000656,2670.2,Digital Wallet,,0,success,2026-04-17 19:36:21,0.0
TXN0001310,CUST000107,128.02,Credit Card,,0,pending,2025-10-26 14:13:21,0.0
TXN0001311,CUST001541,588.75,ACH,,0,success,2026-04-13 07:08:21,0.0
TXN0001312,CUST000834,3489.77,Credit Card,Card Declined,1,failed,2025-10-08 00:30:21,1547.33
TXN0001313,CUST000552,67.43,Credit Card,,0,success,2026-07-08 00:40:21,0.0
TXN0001314,CUST001609,1680.44,Bank Transfer,,0,success,2026-01-12 05:34:21,0.0
TXN0001315,CUST000417,1937.09,Digital Wallet,,1,success,2026-06-16 20:54:21,0.0
TXN0001316,CUST001602,2078.33,Credit Card,,0,pending,2026-01-23 15:00:21,0.0
TXN0001317,CUST000361,160.11,Credit Card,,0,success,2025-10-14 22:47:21,0.0
TXN0001318,CUST000002,5722.16,Debit Card,,0,success,2026-04-10 13:12:21,0.0
TXN0001319,CUST000779,403.85,Credit Card,,0,success,2025-10-09 01:51:21,0.0
TXN0001320,CUST000577,1390.35,Bank Transfer,,0,success,2025-11-13 06:09:21,0.0
TXN0001321,CUST000867,104.27,Credit Card,,1,success,2025-11-16 23:32:21,0.0
TXN0001322,CUST001251,7821.76,ACH,,0,success,2025-09-12 21:48:21,0.0
TXN0001323,CUST001790,4773.05,ACH,,0,pending,2025-09-22 22:07:21,0.0
TXN0001324,CUST001165,3460.92,Wire Transfer,,0,success,2025-09-08 03:47:21,0.0
TXN0001325,CUST001247,329.07,Digital Wallet,,0,success,2025-09-18 03:02:21,0.0
TXN0001326,CUST001427,1749.25,Bank Transfer,,1,success,2026-02-07 15:23:21,0.0
TXN0001327,CUST001330,3797.5,Credit Card,,0,success,2025-11-26 07:31:21,0.0
TXN0001328,CUST001376,196.98,Digital Wallet,,0,success,2026-06-25 20:36:21,0.0
TXN0001329,CUST001232,2214.24,ACH,,0,success,2026-05-29 10:28:21,0.0
TXN0001330,CUST001763,312.41,Credit Card,,0,success,2026-01-13 08:14:21,0.0
TXN0001331,CUST001554,4114.18,Credit Card,,0,success,2026-02-26 02:23:21,0.0
TXN0001332,CUST001281,271.41,Bank Transfer,,0,pending,2026-05-07 00:57:21,0.0
TXN0001333,CUST000076,109.73,Credit Card,,1,pending,2025-09-01 09:50:21,0.0
TXN0001334,CUST001769,1877.74,Credit Card,,0,success,2025-10-05 20:21:21,0.0
TXN0001335,CUST001166,4926.36,Digital Wallet,Funding Source Declined,0,failed,2025-11-11 10:45:21,0.0
TXN0001336,CUST000360,1710.64,Credit Card,CVV Mismatch,1,failed,2026-07-26 04:12:21,693.08
TXN0001337,CUST001753,2835.97,Bank Transfer,,0,success,2026-04-10 01:34:21,0.0
TXN0001338,CUST001987,1092.1,Bank Transfer,,0,success,2026-04-20 10:53:21,0.0
TXN0001339,CUST000005,9444.22,Bank Transfer,,0,success,2025-09-30 06:34:21,0.0
TXN0001340,CUST000886,317.92,Debit Card,,0,success,2026-06-26 10:55:21,0.0
TXN0001341,CUST000741,1911.15,Credit Card,CVV Mismatch,0,failed,2026-08-03 23:30:21,0.0
TXN0001342,CUST000920,844.49,Credit Card,,0,success,2026-02-09 02:07:21,0.0
TXN0001343,CUST000768,1699.79,Debit Card,,0,success,2026-05-04 10:01:21,0.0
TXN0001344,CUST001879,2509.52,Bank Transfer,Insufficient Funds,0,failed,2025-10-12 05:27:21,0.0
TXN0001345,CUST001655,3961.08,Debit Card,Insufficient Funds,0,failed,2026-03-10 00:13:21,0.0
TXN0001346,CUST001517,7872.42,ACH,,0,success,2026-07-31 21:55:21,0.0
TXN0001347,CUST001933,12630.64,Credit Card,,0,success,2026-01-16 04:48:21,0.0
TXN0001348,CUST000256,668.84,Bank Transfer,Account Closed,0,failed,2025-09-07 05:38:21,0.0
TXN0001349,CUST001326,218.39,Bank Transfer,Daily Limit Exceeded,1,failed,2025-09-16 06:53:21,80.47
TXN0001350,CUST000594,321.19,Bank Transfer,,0,success,2025-10-15 19:14:21,0.0
TXN0001351,CUST001613,366.3,Credit Card,Insufficient Funds,2,failed,2026-01-20 12:49:21,158.97
TXN0001352,CUST001769,10197.76,Credit Card,,0,success,2026-08-14 17:55:21,0.0
TXN0001353,CUST000395,1457.7,Credit Card,Insufficient Funds,0,failed,2025-10-29 01:31:21,0.0
TXN0001354,CUST001306,4896.62,Digital Wallet,,0,success,2025-12-24 08:49:21,0.0
TXN0001355,CUST000498,710.0,Digital Wallet,Funding Source Declined,1,failed,2026-01-16 15:47:21,268.18
TXN0001356,CUST000638,1536.42,Debit Card,,0,success,2026-06-15 03:58:21,0.0
TXN0001357,CUST000703,55.58,Credit Card,,0,success,2025-12-05 13:46:21,0.0
TXN0001358,CUST000118,4183.06,ACH,,0,success,2025-11-15 07:01:21,0.0
TXN0001359,CUST002000,48.98,Bank Transfer,Routing Error,0,failed,2026-03-07 01:46:21,11.97
TXN0001360,CUST001417,3531.08,Credit Card,,0,success,2026-03-11 13:52:21,0.0
TXN0001361,CUST001262,198.11,Credit Card,,0,success,2026-03-13 03:22:21,0.0
TXN0001362,CUST001617,531.92,Bank Transfer,,0,success,2025-12-18 00:30:21,0.0
TXN0001363,CUST001769,3401.4,ACH,,0,success,2026-01-01 13:15:21,0.0
TXN0001364,CUST000125,2205.63,Credit Card,,0,success,2026-02-17 02:03:21,0.0
TXN0001365,CUST001795,2066.33,ACH,,3,pending,2026-07-21 21:27:21,0.0
TXN0001366,CUST000292,913.99,Digital Wallet,Session Expired,0,failed,2026-08-13 02:16:21,0.0
TXN0001367,CUST000260,972.38,Digital Wallet,,0,success,2026-05-30 21:34:21,0.0
TXN0001368,CUST000366,13153.1,Wire Transfer,Account Closed,0,failed,2026-07-08 07:35:21,0.0
TXN0001369,CUST000777,306.54,Debit Card,,0,success,2026-03-08 02:09:21,0.0
TXN0001370,CUST000758,3882.52,Wire Transfer,,0,success,2025-12-01 12:32:21,0.0
TXN0001371,CUST001457,488.44,Digital Wallet,Funding Source Declined,0,failed,2026-06-23 02:16:21,0.0
TXN0001372,CUST001423,217.05,Credit Card,,0,success,2025-10-07 00:30:21,0.0
TXN0001373,CUST001008,510.22,Credit Card,,0,success,2025-11-26 22:38:21,0.0
TXN0001374,CUST000812,65.17,Credit Card,Card Declined,0,failed,2026-06-24 15:51:21,12.78
TXN0001375,CUST000429,51.76,Credit Card,,0,success,2025-09-22 13:24:21,0.0
TXN0001376,CUST000374,332.21,Digital Wallet,,0,success,2025-10-01 16:05:21,0.0
TXN0001377,CUST000951,145.13,Credit Card,,0,success,2025-12-01 09:58:21,0.0
TXN0001378,CUST001014,212.35,Credit Card,,0,success,2025-10-05 13:47:21,0.0
TXN0001379,CUST001697,5186.85,Credit Card,,0,success,2026-01-09 01:03:21,0.0
TXN0001380,CUST001036,120.56,Credit Card,,3,success,2025-11-09 02:29:21,0.0
TXN0001381,CUST000522,376.49,Credit Card,,0,success,2026-06-21 06:10:21,0.0
TXN0001382,CUST000721,1094.55,Credit Card,CVV Mismatch,0,failed,2026-03-08 19:00:21,0.0
TXN0001383,CUST000838,634.5,Credit Card,,0,success,2026-04-10 20:27:21,0.0
TXN0001384,CUST000896,186.3,Credit Card,Expired Card,2,failed,2026-07-16 22:35:21,61.09
TXN0001385,CUST001120,876.34,Credit Card,,0,success,2026-05-04 05:21:21,0.0
TXN0001386,CUST000935,37780.58,Credit Card,,0,success,2026-03-11 01:45:21,0.0
TXN0001387,CUST000620,576.4,Bank Transfer,,1,success,2025-09-13 00:16:21,0.0
TXN0001388,CUST000283,46.32,Credit Card,,0,success,2025-11-23 00:28:21,0.0
TXN0001389,CUST000578,2625.65,Debit Card,,0,success,2026-02-02 19:36:21,0.0
TXN0001390,CUST001343,291.69,Credit Card,Expired Card,0,failed,2026-06-12 20:14:21,0.0
TXN0001391,CUST001100,1499.31,Debit Card,,1,success,2025-12-06 13:38:21,0.0
TXN0001392,CUST000960,7798.91,Bank Transfer,,0,success,2026-07-15 21:34:21,0.0
TXN0001393,CUST000290,357.39,Digital Wallet,Device Not Verified,0,failed,2026-08-12 21:20:21,0.0
TXN0001394,CUST000263,2227.95,Debit Card,,0,success,2025-12-15 10:35:21,0.0
TXN0001395,CUST000462,112.56,Digital Wallet,,0,success,2026-02-02 09:54:21,0.0
TXN0001396,CUST001670,314.48,Debit Card,Daily Limit Exceeded,0,failed,2026-06-18 04:07:21,0.0
TXN0001397,CUST001637,4317.09,Debit Card,,0,success,2026-02-08 20:15:21,0.0
TXN0001398,CUST000131,606.07,Debit Card,Daily Limit Exceeded,1,failed,2025-11-09 17:48:21,267.88
TXN0001399,CUST000191,6934.98,Credit Card,Card Declined,0,failed,2026-05-30 06:36:21,0.0
TXN0001400,CUST001001,440.98,Credit Card,Address Mismatch,0,failed,2026-02-11 23:15:21,0.0
TXN0001401,CUST001613,392.76,Bank Transfer,,2,success,2026-01-08 07:05:21,0.0
TXN0001402,CUST000352,37309.8,Bank Transfer,,0,success,2026-02-09 03:21:21,0.0
TXN0001403,CUST000090,28.65,Credit Card,,0,success,2026-07-23 19:31:21,0.0
TXN0001404,CUST000267,2430.1,Bank Transfer,Daily Limit Exceeded,0,failed,2025-11-06 22:51:21,0.0
TXN0001405,CUST000090,274.98,Bank Transfer,,0,success,2026-05-17 08:19:21,0.0
TXN0001406,CUST001689,189.45,Credit Card,,0,success,2025-12-01 21:30:21,0.0
TXN0001407,CUST001006,292.25,Credit Card,,0,success,2025-11-07 06:41:21,0.0
TXN0001408,CUST001165,5615.77,ACH,,0,success,2026-01-06 20:44:21,0.0
TXN0001409,CUST001623,1305.27,Wire Transfer,Account Closed,0,failed,2026-05-28 12:42:21,0.0
TXN0001410,CUST000788,925.94,Digital Wallet,Account Suspended,0,failed,2026-08-06 00:32:21,0.0
TXN0001411,CUST000561,3903.34,Credit Card,,0,success,2025-09-21 05:44:21,0.0
TXN0001412,CUST001848,889.95,Digital Wallet,,0,success,2025-11-18 05:05:21,0.0
TXN0001413,CUST000742,127.3,Credit Card,,0,success,2026-03-14 19:00:21,0.0
TXN0001414,CUST000337,1848.33,Credit Card,,0,success,2026-01-04 08:24:21,0.0
TXN0001415,CUST001384,1055.12,ACH,,0,success,2026-02-05 02:03:21,0.0
TXN0001416,CUST000874,175.91,Credit Card,CVV Mismatch,0,failed,2026-03-13 10:41:21,0.0
TXN0001417,CUST000945,5069.66,Digital Wallet,Funding Source Declined,0,failed,2026-01-16 03:58:21,0.0
TXN0001418,CUST001724,1869.33,Credit Card,,0,success,2025-10-22 05:17:21,0.0
TXN0001419,CUST000853,227.73,Debit Card,,1,success,2026-06-03 05:46:21,0.0
TXN0001420,CUST001388,449.19,Debit Card,,0,success,2026-05-29 01:43:21,0.0
TXN0001421,CUST000838,1266.24,ACH,,0,success,2026-01-13 10:25:21,0.0
TXN0001422,CUST001662,1172.75,ACH,,0,success,2025-09-25 05:04:21,0.0
TXN0001423,CUST000910,7233.87,Debit Card,Insufficient Funds,1,failed,2026-02-16 01:29:21,2415.45
TXN0001424,CUST001517,488.5,Debit Card,Card Declined,4,failed,2026-08-14 08:07:21,421.99
TXN0001425,CUST001393,3856.42,Digital Wallet,Account Suspended,0,failed,2025-09-22 02:42:21,0.0
TXN0001426,CUST001893,384.52,Credit Card,,3,success,2026-03-13 21:53:21,0.0
TXN0001427,CUST001280,270.68,Credit Card,,0,success,2026-01-21 05:14:21,0.0
TXN0001428,CUST000991,125.84,Debit Card,,0,success,2026-08-20 19:47:21,0.0
TXN0001429,CUST000798,686.72,Bank Transfer,,0,pending,2025-09-25 23:47:21,0.0
TXN0001430,CUST000090,2515.18,Debit Card,Insufficient Funds,0,failed,2026-03-26 12:57:21,0.0
TXN0001431,CUST000209,4021.69,Bank Transfer,,0,success,2025-11-10 03:12:21,0.0
TXN0001432,CUST001229,479.15,Credit Card,,0,pending,2025-10-08 10:04:21,0.0
TXN0001433,CUST001992,64.73,Credit Card,Card Declined,2,failed,2025-09-09 21:34:21,34.91
TXN0001434,CUST000139,423.16,Credit Card,,0,success,2025-11-01 18:04:21,0.0
TXN0001435,CUST001520,196.0,Bank Transfer,,0,success,2026-08-22 01:27:21,0.0
TXN0001436,CUST001837,293.13,Debit Card,,0,pending,2026-01-21 00:49:21,0.0
TXN0001437,CUST001687,5674.15,Digital Wallet,,2,success,2026-03-30 02:19:21,0.0
TXN0001438,CUST001315,264.43,Credit Card,Insufficient Funds,0,failed,2025-10-25 17:41:21,68.83
TXN0001439,CUST000275,1859.87,Credit Card,,0,success,2026-08-07 15:38:21,0.0
TXN0001440,CUST001328,15500.21,ACH,,0,success,2026-08-16 00:34:21,0.0
TXN0001441,CUST000702,770.55,Debit Card,,0,success,2025-09-22 00:37:21,0.0
TXN0001442,CUST001474,4646.21,Digital Wallet,,0,success,2025-12-04 22:17:21,0.0
TXN0001443,CUST000013,496.68,Credit Card,,0,success,2026-05-22 06:48:21,0.0
TXN0001444,CUST001922,4550.42,Wire Transfer,Account Closed,1,failed,2026-07-18 18:42:21,1848.62
TXN0001445,CUST000337,4890.36,ACH,,0,success,2026-04-24 19:17:21,0.0
TXN0001446,CUST000621,74.19,Bank Transfer,,0,success,2025-10-07 02:11:21,0.0
TXN0001447,CUST000986,1093.36,Credit Card,,0,success,2026-02-05 20:18:21,0.0
TXN0001448,CUST000866,1480.45,Credit Card,,0,success,2026-06-09 17:27:21,0.0
TXN0001449,CUST000876,2942.13,Credit Card,,0,success,2026-03-27 12:54:21,0.0
TXN0001450,CUST001442,3157.6,Bank Transfer,Daily Limit Exceeded,4,failed,2026-04-04 19:53:21,2227.13
TXN0001451,CUST000148,268.82,Credit Card,,0,success,2026-05-20 03:30:21,0.0
TXN0001452,CUST000867,471.39,Debit Card,,1,success,2026-02-17 17:03:21,0.0
TXN0001453,CUST001926,2965.66,Credit Card,,0,success,2026-02-12 17:09:21,0.0
TXN0001454,CUST001205,1530.74,ACH,Account Inactive,0,failed,2026-06-25 19:29:21,0.0
TXN0001455,CUST000398,1738.4,Credit Card,,0,success,2026-03-02 15:43:21,0.0
TXN0001456,CUST001411,499.82,Credit Card,,0,success,2026-07-29 12:04:21,0.0
TXN0001457,CUST001507,1081.48,Credit Card,,0,success,2026-02-23 11:43:21,0.0
TXN0001458,CUST001429,118.92,Credit Card,,0,success,2026-06-13 23:50:21,0.0
TXN0001459,CUST001395,5443.9,Wire Transfer,,0,pending,2025-11-04 10:35:21,0.0
TXN0001460,CUST000842,10.0,Credit Card,,0,success,2025-10-02 09:30:21,0.0
TXN0001461,CUST001447,4060.22,Debit Card,,0,success,2025-12-06 01:32:21,0.0
TXN0001462,CUST001700,2134.76,Digital Wallet,,0,success,2025-12-14 14:46:21,0.0
TXN0001463,CUST001201,160.23,Bank Transfer,,0,success,2026-07-14 04:48:21,0.0
TXN0001464,CUST001634,9145.75,Debit Card,,0,success,2026-06-15 23:41:21,0.0
TXN0001465,CUST001590,7597.85,ACH,,0,success,2026-08-25 02:36:21,0.0
TXN0001466,CUST000199,126.54,Credit Card,Card Declined,0,failed,2025-12-02 18:47:21,0.0
TXN0001467,CUST001794,189.78,Credit Card,CVV Mismatch,0,failed,2025-09-02 04:16:21,0.0
TXN0001468,CUST001030,39.36,Digital Wallet,,0,success,2026-05-12 03:16:21,0.0
TXN0001469,CUST001707,605.47,Debit Card,,0,success,2026-05-21 23:31:21,0.0
TXN0001470,CUST000903,41.43,Credit Card,,0,success,2025-10-13 04:33:21,0.0
TXN0001471,CUST000164,108.47,Bank Transfer,,0,success,2026-02-16 05:11:21,0.0
TXN0001472,CUST000509,465.21,Credit Card,,0,success,2025-12-26 16:45:21,0.0
TXN0001473,CUST000020,438.79,Debit Card,Daily Limit Exceeded,0,failed,2026-08-24 10:51:21,0.0
TXN0001474,CUST000086,1944.47,Bank Transfer,,0,success,2026-08-24 19:50:21,0.0
TXN0001475,CUST001971,3178.04,ACH,,0,success,2025-12-22 16:40:21,0.0
TXN0001476,CUST000880,4485.16,Bank Transfer,,0,success,2025-09-12 22:08:21,0.0
TXN0001477,CUST001928,466.43,ACH,,3,success,2026-02-04 19:49:21,0.0
TXN0001478,CUST000614,157.58,Credit Card,,1,success,2026-07-08 07:59:21,0.0
TXN0001479,CUST000823,553.32,Digital Wallet,,2,success,2026-06-18 07:50:21,0.0
TXN0001480,CUST001210,765.14,Bank Transfer,Routing Error,1,failed,2025-10-15 10:46:21,286.9
TXN0001481,CUST001055,831.61,Credit Card,,0,success,2026-05-24 07:48:21,0.0
TXN0001482,CUST001665,240.05,Digital Wallet,,0,success,2026-08-04 09:08:21,0.0
TXN0001483,CUST000479,1255.15,Credit Card,,0,success,2025-10-19 06:06:21,0.0
TXN0001484,CUST001908,15080.37,Credit Card,,0,success,2025-09-24 09:31:21,0.0
TXN0001485,CUST000018,48.59,Credit Card,,0,success,2026-05-20 10:19:21,0.0
TXN0001486,CUST001795,4368.8,ACH,,3,success,2025-12-13 07:20:21,0.0
TXN0001487,CUST000179,602.47,Digital Wallet,,1,pending,2025-09-17 14:33:21,0.0
TXN0001488,CUST001836,1307.65,Credit Card,,0,success,2026-06-29 16:46:21,0.0
TXN0001489,CUST000499,807.75,Credit Card,,0,success,2025-09-24 10:23:21,0.0
TXN0001490,CUST000199,423.07,Debit Card,Insufficient Funds,0,failed,2026-03-13 19:39:21,0.0
TXN0001491,CUST000020,1378.92,Bank Transfer,,0,pending,2025-12-27 11:21:21,0.0
TXN0001492,CUST001890,65.3,Debit Card,,0,success,2026-07-12 10:07:21,0.0
TXN0001493,CUST001909,577.98,Digital Wallet,,0,success,2026-07-25 12:07:21,0.0
TXN0001494,CUST001470,4859.52,Debit Card,,0,success,2026-02-13 11:47:21,0.0
TXN0001495,CUST001979,277.16,Debit Card,,0,success,2026-05-01 01:12:21,0.0
TXN0001496,CUST000735,3157.6,Credit Card,Card Declined,0,failed,2025-10-29 01:41:21,0.0
TXN0001497,CUST001174,4233.25,Debit Card,,0,success,2026-03-20 19:52:21,0.0
TXN0001498,CUST000637,603.65,Credit Card,,0,success,2026-02-10 19:08:21,0.0
TXN0001499,CUST001634,1375.63,Debit Card,,0,success,2026-06-24 15:46:21,0.0
TXN0001500,CUST000455,1329.42,Debit Card,Card Declined,0,failed,2026-01-04 22:19:21,0.0
TXN0001501,CUST000608,3415.47,ACH,,0,success,2026-01-07 03:50:21,0.0
TXN0001502,CUST001769,12528.51,Credit Card,,0,success,2025-09-03 06:50:21,0.0
TXN0001503,CUST001029,118.99,Debit Card,Card Declined,0,failed,2025-08-31 13:58:21,0.0
TXN0001504,CUST000442,3378.18,Wire Transfer,,0,success,2026-02-17 06:37:21,0.0
TXN0001505,CUST001696,397.89,Bank Transfer,,0,success,2026-05-04 09:41:21,0.0
TXN0001506,CUST000386,858.94,Debit Card,,0,success,2026-02-08 22:36:21,0.0
TXN0001507,CUST001738,1661.25,Credit Card,Insufficient Funds,0,failed,2026-01-23 10:58:21,0.0
TXN0001508,CUST001552,841.73,Credit Card,Expired Card,0,failed,2026-04-05 09:29:21,0.0
TXN0001509,CUST000766,3784.28,Bank Transfer,,0,success,2026-06-21 21:40:21,0.0
TXN0001510,CUST001774,401.66,Digital Wallet,,0,success,2025-08-29 22:59:21,0.0
TXN0001511,CUST001183,84.99,Bank Transfer,Daily Limit Exceeded,0,failed,2026-06-15 02:15:21,0.0
TXN0001512,CUST000401,229.49,Debit Card,Card Declined,0,failed,2025-11-07 04:45:21,0.0
TXN0001513,CUST001759,289.07,Bank Transfer,,0,success,2026-01-21 10:35:21,0.0
TXN0001514,CUST001307,903.78,Debit Card,Insufficient Funds,0,failed,2026-05-29 07:21:21,104.58
TXN0001515,CUST001332,109.97,Credit Card,,0,success,2026-06-12 11:42:21,0.0
TXN0001516,CUST000070,1822.1,ACH,,0,success,2026-03-26 09:50:21,0.0
TXN0001517,CUST001337,679.51,Bank Transfer,,0,success,2025-09-18 11:23:21,0.0
TXN0001518,CUST001772,62.52,Digital Wallet,,0,success,2026-02-13 23:48:21,0.0
TXN0001519,CUST000753,7512.0,Wire Transfer,Routing Error,3,failed,2025-12-20 11:46:21,2933.42
TXN0001520,CUST000461,1889.5,ACH,,0,success,2025-11-07 17:11:21,0.0
TXN0001521,CUST000194,99.09,Bank Transfer,,0,success,2026-05-27 19:58:21,0.0
TXN0001522,CUST001440,8550.73,Digital Wallet,,0,success,2025-11-09 04:22:21,0.0
TXN0001523,CUST001462,221.51,Debit Card,,0,success,2026-05-25 19:36:21,0.0
TXN0001524,CUST000807,10168.94,Digital Wallet,,0,success,2025-11-29 17:24:21,0.0
TXN0001525,CUST001198,944.86,Digital Wallet,,0,success,2025-09-29 04:40:21,0.0
TXN0001526,CUST001978,458.15,Debit Card,Daily Limit Exceeded,0,failed,2025-09-07 03:28:21,0.0
TXN0001527,CUST001640,1994.91,Debit Card,Insufficient Funds,2,failed,2025-11-07 01:47:21,785.33
TXN0001528,CUST000189,482.95,Debit Card,Card Declined,0,failed,2026-07-16 04:56:21,0.0
TXN0001529,CUST000203,43.51,Credit Card,Card Declined,0,failed,2025-09-26 08:13:21,0.0
TXN0001530,CUST001938,2078.85,Credit Card,,0,success,2026-03-30 10:54:21,0.0
TXN0001531,CUST001182,6383.36,Credit Card,,0,pending,2026-02-28 12:54:21,0.0
TXN0001532,CUST001409,235.51,Credit Card,,0,success,2026-04-29 07:16:21,0.0
TXN0001533,CUST000549,5014.08,Bank Transfer,,0,success,2025-10-23 15:15:21,0.0
TXN0001534,CUST000569,326.52,Credit Card,,0,success,2026-07-20 15:12:21,0.0
TXN0001535,CUST001554,5367.52,Wire Transfer,,0,success,2026-02-04 18:23:21,0.0
TXN0001536,CUST001386,401.59,Bank Transfer,,0,success,2025-11-27 02:24:21,0.0
TXN0001537,CUST000552,1293.69,Bank Transfer,,0,success,2025-09-05 12:16:21,0.0
TXN0001538,CUST001155,118.18,Credit Card,,0,success,2025-12-09 13:18:21,0.0
TXN0001539,CUST000315,22.82,Credit Card,,0,success,2026-02-15 07:50:21,0.0
TXN0001540,CUST001749,4411.53,Credit Card,Card Declined,1,failed,2025-11-20 19:24:21,1013.64
TXN0001541,CUST000183,188.54,Digital Wallet,,0,success,2026-04-11 03:33:21,0.0
TXN0001542,CUST000561,474.79,Credit Card,Insufficient Funds,1,failed,2026-05-06 20:22:21,179.59
TXN0001543,CUST000253,379.75,Credit Card,CVV Mismatch,0,failed,2026-03-24 13:36:21,0.0
TXN0001544,CUST000196,1469.58,ACH,,0,success,2025-09-03 13:33:21,0.0
TXN0001545,CUST000259,37.94,Debit Card,,0,success,2026-08-04 03:08:21,0.0
TXN0001546,CUST000798,4805.2,Credit Card,Expired Card,0,failed,2025-09-14 14:53:21,0.0
TXN0001547,CUST001741,241.05,Credit Card,,0,success,2026-04-18 07:45:21,0.0
TXN0001548,CUST000319,3001.57,Credit Card,,0,success,2026-06-15 19:52:21,0.0
TXN0001549,CUST000109,1114.96,Bank Transfer,,0,success,2026-02-19 09:39:21,0.0
TXN0001550,CUST000865,594.93,Debit Card,,1,success,2026-01-06 03:00:21,0.0
TXN0001551,CUST001636,144.13,Credit Card,,0,pending,2026-01-20 15:43:21,0.0
TXN0001552,CUST001668,6213.18,ACH,,0,success,2026-07-14 23:02:21,0.0
TXN0001553,CUST001732,258.44,Debit Card,Card Declined,2,failed,2026-04-28 06:18:21,77.81
TXN0001554,CUST000174,738.7,Digital Wallet,,0,success,2025-12-19 08:01:21,0.0
TXN0001555,CUST001910,1725.88,Credit Card,,0,success,2025-12-07 10:45:21,0.0
TXN0001556,CUST001430,1409.87,ACH,Account Inactive,0,failed,2026-08-24 10:01:21,0.0
TXN0001557,CUST001536,33.85,Credit Card,,0,pending,2025-09-23 15:45:21,0.0
TXN0001558,CUST001244,1326.07,ACH,,0,success,2026-06-02 10:29:21,0.0
TXN0001559,CUST001073,1837.28,Credit Card,Card Declined,1,failed,2026-06-20 16:06:21,615.58
TXN0001560,CUST000866,207.98,Debit Card,,0,success,2026-06-01 21:21:21,0.0
TXN0001561,CUST001391,1825.66,Credit Card,,0,success,2026-06-28 23:09:21,0.0
TXN0001562,CUST000543,19.0,Credit Card,Expired Card,0,failed,2025-11-09 20:15:21,0.0
TXN0001563,CUST001903,267.8,Digital Wallet,,3,success,2025-10-02 15:36:21,0.0
TXN0001564,CUST001916,1317.98,Credit Card,,0,success,2025-12-22 07:06:21,0.0
TXN0001565,CUST000746,117.74,Credit Card,,0,success,2026-02-28 05:28:21,0.0
TXN0001566,CUST001480,48.05,Bank Transfer,Insufficient Funds,0,failed,2026-01-19 17:16:21,0.0
TXN0001567,CUST001328,6986.21,Credit Card,,0,success,2026-01-30 04:30:21,0.0
TXN0001568,CUST000319,183.23,Credit Card,,0,success,2026-04-22 00:58:21,0.0
TXN0001569,CUST000613,1458.4,Bank Transfer,,0,success,2026-05-26 14:37:21,0.0
TXN0001570,CUST000426,1762.37,ACH,,0,success,2026-01-16 03:20:21,0.0
TXN0001571,CUST000889,329.08,Credit Card,,0,success,2025-08-30 02:21:21,0.0
TXN0001572,CUST001132,78.08,Credit Card,Insufficient Funds,0,failed,2026-03-12 07:18:21,12.11
TXN0001573,CUST001943,2886.02,Digital Wallet,,0,success,2026-04-14 05:02:21,0.0
TXN0001574,CUST001015,1455.66,Debit Card,,0,success,2026-03-14 19:56:21,0.0
TXN0001575,CUST001520,206.38,Credit Card,,0,success,2026-02-10 04:21:21,0.0
TXN0001576,CUST001624,4894.48,Bank Transfer,Routing Error,0,failed,2026-08-21 11:13:21,0.0
TXN0001577,CUST001604,1648.85,Credit Card,,0,success,2025-10-26 09:28:21,0.0
TXN0001578,CUST000593,3544.49,Bank Transfer,Daily Limit Exceeded,3,failed,2026-06-10 08:56:21,1511.93
TXN0001579,CUST001025,20383.43,Credit Card,,0,success,2026-04-15 10:13:21,0.0
TXN0001580,CUST000879,263.36,Debit Card,,0,success,2026-07-06 09:42:21,0.0
TXN0001581,CUST000372,1937.33,Debit Card,,0,success,2025-10-09 12:19:21,0.0
TXN0001582,CUST000072,371.24,ACH,,0,success,2026-04-10 01:29:21,0.0
TXN0001583,CUST001128,878.1,Credit Card,,0,success,2026-07-13 07:04:21,0.0
TXN0001584,CUST000628,1259.12,Digital Wallet,,0,success,2026-05-06 22:01:21,0.0
TXN0001585,CUST001045,159.42,Bank Transfer,Account Closed,2,failed,2026-04-06 20:43:21,89.19
TXN0001586,CUST000656,240.93,Credit Card,,0,success,2026-05-27 07:28:21,0.0
TXN0001587,CUST001978,1551.37,ACH,,0,pending,2026-04-03 17:11:21,0.0
TXN0001588,CUST000207,2545.51,Bank Transfer,,0,pending,2025-12-19 21:07:21,0.0
TXN0001589,CUST000199,7592.34,Bank Transfer,,0,success,2025-09-12 14:39:21,0.0
TXN0001590,CUST000679,2633.25,Bank Transfer,,0,success,2025-10-30 15:50:21,0.0
TXN0001591,CUST001332,2635.83,Debit Card,,0,pending,2025-11-01 20:23:21,0.0
TXN0001592,CUST000268,210.86,Credit Card,,0,success,2026-08-06 13:30:21,0.0
TXN0001593,CUST001675,1682.35,Bank Transfer,,0,success,2026-07-09 05:54:21,0.0
TXN0001594,CUST000618,92.35,Digital Wallet,,0,success,2026-05-16 14:42:21,0.0
TXN0001595,CUST001670,3325.35,Credit Card,Card Declined,0,failed,2026-04-20 15:06:21,910.11
TXN0001596,CUST000919,1083.72,Digital Wallet,Device Not Verified,0,failed,2026-01-25 15:29:21,0.0
TXN0001597,CUST001620,486.13,Debit Card,,0,success,2025-09-06 04:10:21,0.0
TXN0001598,CUST001867,1480.64,Debit Card,Insufficient Funds,0,failed,2026-05-22 08:36:21,0.0
TXN0001599,CUST001403,133.45,Credit Card,,0,success,2026-07-21 03:00:21,0.0
TXN0001600,CUST000787,11697.48,Debit Card,,1,success,2026-02-09 19:50:21,0.0
TXN0001601,CUST000722,3014.43,Credit Card,Address Mismatch,0,failed,2025-10-28 10:28:21,0.0
TXN0001602,CUST001620,101.25,Credit Card,,0,success,2025-12-13 09:42:21,0.0
TXN0001603,CUST000622,12359.66,ACH,Routing Error,1,failed,2026-06-02 01:26:21,3669.53
TXN0001604,CUST000598,12415.65,Credit Card,Card Declined,0,failed,2026-06-20 23:33:21,0.0
TXN0001605,CUST001316,1707.14,Bank Transfer,,0,success,2026-05-12 15:21:21,0.0
TXN0001606,CUST001326,464.4,Debit Card,,3,success,2026-02-20 22:23:21,0.0
TXN0001607,CUST001811,148.93,Credit Card,,0,success,2026-01-30 13:10:21,0.0
TXN0001608,CUST000118,3149.41,Debit Card,,0,success,2026-08-22 21:14:21,0.0
TXN0001609,CUST000573,785.97,Bank Transfer,,0,success,2025-11-25 10:33:21,0.0
TXN0001610,CUST001599,836.02,Bank Transfer,,0,success,2025-09-09 19:47:21,0.0
TXN0001611,CUST001670,559.21,Bank Transfer,,0,success,2025-11-19 01:36:21,0.0
TXN0001612,CUST000665,971.54,Credit Card,,0,success,2026-02-07 04:00:21,0.0
TXN0001613,CUST001836,1770.42,Credit Card,,0,success,2026-06-13 17:23:21,0.0
TXN0001614,CUST000941,120.72,Bank Transfer,,0,success,2026-05-23 13:57:21,0.0
TXN0001615,CUST000370,3818.25,Bank Transfer,,0,success,2026-08-17 23:18:21,0.0
TXN0001616,CUST001675,102.68,Bank Transfer,,0,success,2025-10-21 02:24:21,0.0
TXN0001617,CUST001307,212.66,Credit Card,Expired Card,0,failed,2026-02-03 04:42:21,0.0
TXN0001618,CUST001489,1023.21,Digital Wallet,,0,success,2026-08-21 13:22:21,0.0
TXN0001619,CUST000043,168.27,Digital Wallet,Account Suspended,0,failed,2025-10-03 07:20:21,0.0
TXN0001620,CUST000029,5080.5,Credit Card,,0,pending,2025-10-10 13:28:21,0.0
TXN0001621,CUST000020,3847.96,Credit Card,,0,success,2026-07-04 14:41:21,0.0
TXN0001622,CUST001747,5774.2,Wire Transfer,Sender Unverified,0,failed,2026-01-13 03:09:21,0.0
TXN0001623,CUST000317,182.63,Bank Transfer,,0,success,2026-04-13 11:54:21,0.0
TXN0001624,CUST000278,695.79,Debit Card,Insufficient Funds,1,failed,2025-12-09 19:19:21,263.09
TXN0001625,CUST000169,405.38,Debit Card,Insufficient Funds,0,failed,2026-06-13 20:47:21,0.0
TXN0001626,CUST000352,484.2,Credit Card,,0,success,2026-07-01 17:18:21,0.0
TXN0001627,CUST000460,26963.45,Wire Transfer,,0,success,2026-02-27 05:49:21,0.0
TXN0001628,CUST000739,202.79,ACH,,0,success,2026-08-05 13:19:21,0.0
TXN0001629,CUST001210,22750.87,Wire Transfer,,1,pending,2026-05-27 11:01:21,0.0
TXN0001630,CUST000260,1104.38,Credit Card,,0,success,2025-10-12 23:06:21,0.0
TXN0001631,CUST000556,8222.17,Credit Card,,0,success,2026-04-14 09:37:21,0.0
TXN0001632,CUST000319,161.05,Bank Transfer,,0,success,2026-06-12 12:19:21,0.0
TXN0001633,CUST000800,1105.25,Credit Card,,0,success,2025-12-27 06:21:21,0.0
TXN0001634,CUST001966,162.9,Credit Card,Expired Card,1,failed,2026-06-24 02:39:21,46.76
TXN0001635,CUST000654,1477.36,Digital Wallet,,1,success,2025-12-24 10:02:21,0.0
TXN0001636,CUST001304,1144.24,Debit Card,,0,success,2025-09-28 01:04:21,0.0
TXN0001637,CUST001019,112.98,Digital Wallet,,0,success,2025-12-18 14:54:21,0.0
TXN0001638,CUST000788,1305.33,Credit Card,Card Declined,0,failed,2025-12-01 13:39:21,0.0
TXN0001639,CUST001533,3190.32,Debit Card,Insufficient Funds,0,failed,2026-02-24 08:15:21,0.0
TXN0001640,CUST000036,7478.02,Wire Transfer,,0,success,2026-06-21 05:25:21,0.0
TXN0001641,CUST000740,30700.35,Credit Card,,0,success,2026-06-17 22:59:21,0.0
TXN0001642,CUST000222,253.84,Debit Card,,0,success,2026-01-25 01:15:21,0.0
TXN0001643,CUST000115,3907.83,Credit Card,,0,success,2026-06-28 09:43:21,0.0
TXN0001644,CUST001769,20284.31,Credit Card,Insufficient Funds,0,failed,2026-02-19 06:44:21,0.0
TXN0001645,CUST000341,662.75,Digital Wallet,Funding Source Declined,1,failed,2026-02-22 04:23:21,157.38
TXN0001646,CUST001558,274.81,Credit Card,,0,success,2026-01-27 03:40:21,0.0
TXN0001647,CUST001462,2332.03,Credit Card,CVV Mismatch,1,failed,2026-03-27 17:02:21,805.19
TXN0001648,CUST000910,951.69,Digital Wallet,,4,success,2025-09-07 08:10:21,0.0
TXN0001649,CUST000322,305.29,Debit Card,,0,success,2026-08-11 12:40:21,0.0
TXN0001650,CUST001787,17085.94,Credit Card,Insufficient Funds,0,failed,2025-09-13 17:53:21,0.0
TXN0001651,CUST000529,1918.15,Bank Transfer,,0,success,2025-08-30 01:01:21,0.0
TXN0001652,CUST000557,462.19,Credit Card,,0,success,2026-06-24 09:15:21,0.0
TXN0001653,CUST000115,142.66,Credit Card,,0,pending,2026-05-25 08:53:21,0.0
TXN0001654,CUST000159,4209.09,Bank Transfer,,0,success,2026-03-20 11:47:21,0.0
TXN0001655,CUST000780,434.16,Debit Card,,0,pending,2026-02-18 12:01:21,0.0
TXN0001656,CUST001294,7229.12,Debit Card,Account Locked,0,failed,2026-03-10 08:13:21,0.0
TXN0001657,CUST001271,1264.55,Credit Card,Expired Card,0,failed,2026-08-22 23:16:21,0.0
TXN0001658,CUST001308,746.75,Credit Card,,3,success,2026-04-27 00:23:21,0.0
TXN0001659,CUST001157,1322.46,Debit Card,Account Locked,0,failed,2025-12-24 07:25:21,0.0
TXN0001660,CUST001933,153.0,Debit Card,,0,success,2026-02-26 23:03:21,0.0
TXN0001661,CUST000645,165.39,Debit Card,,0,success,2026-06-22 09:45:21,0.0
TXN0001662,CUST001932,1921.04,ACH,,0,success,2025-12-14 04:56:21,0.0
TXN0001663,CUST000308,7152.49,Debit Card,Card Declined,0,failed,2025-12-26 13:33:21,0.0
TXN0001664,CUST000595,124.38,Bank Transfer,,0,success,2026-07-18 12:23:21,0.0
TXN0001665,CUST000475,1212.84,Credit Card,,0,success,2025-09-28 03:39:21,0.0
TXN0001666,CUST001974,809.65,Credit Card,,0,success,2025-10-20 11:55:21,0.0
TXN0001667,CUST000700,5862.85,Debit Card,Card Declined,0,failed,2025-10-12 19:26:21,1720.86
TXN0001668,CUST001586,10004.55,Credit Card,Expired Card,0,failed,2025-10-22 06:19:21,0.0
TXN0001669,CUST001019,188.56,Credit Card,Card Declined,1,failed,2026-03-22 14:33:21,63.36
TXN0001670,CUST001601,1834.75,Bank Transfer,,0,success,2026-01-07 22:18:21,0.0
TXN0001671,CUST000331,385.27,ACH,,0,success,2026-03-01 06:24:21,0.0
TXN0001672,CUST000372,2642.7,Digital Wallet,,0,success,2025-12-28 23:40:21,0.0
TXN0001673,CUST001332,801.01,Debit Card,,0,success,2026-06-25 13:57:21,0.0
TXN0001674,CUST001732,1105.76,ACH,,2,success,2025-10-14 11:20:21,0.0
TXN0001675,CUST001050,209.33,Debit Card,,0,success,2026-02-18 05:45:21,0.0
TXN0001676,CUST000922,343.63,Credit Card,,0,pending,2025-09-13 06:49:21,0.0
TXN0001677,CUST000117,213.9,Debit Card,,0,success,2026-04-24 09:36:21,0.0
TXN0001678,CUST000317,2900.24,ACH,,0,success,2026-04-01 20:18:21,0.0
TXN0001679,CUST001749,4038.86,Digital Wallet,Device Not Verified,0,failed,2025-09-20 06:06:21,0.0
TXN0001680,CUST001316,1070.33,Credit Card,,0,success,2026-01-02 05:23:21,0.0
TXN0001681,CUST000662,3438.33,Debit Card,,0,success,2026-02-05 19:16:21,0.0
TXN0001682,CUST000133,1274.44,Digital Wallet,,0,success,2025-12-23 01:44:21,0.0
TXN0001683,CUST000235,1539.73,Credit Card,Card Declined,1,failed,2026-06-09 17:19:21,585.06
TXN0001684,CUST000656,196.31,Debit Card,,0,success,2025-10-24 20:25:21,0.0
TXN0001685,CUST000741,880.19,Bank Transfer,,0,success,2025-12-29 02:25:21,0.0
TXN0001686,CUST001917,1351.53,Debit Card,,0,success,2025-09-11 19:11:21,0.0
TXN0001687,CUST001489,274.55,Digital Wallet,Account Suspended,0,failed,2026-07-17 22:33:21,0.0
TXN0001688,CUST001785,2360.02,Debit Card,Card Declined,0,failed,2026-05-26 07:23:21,0.0
TXN0001689,CUST000878,810.35,Debit Card,,0,success,2026-06-05 02:06:21,0.0
TXN0001690,CUST000987,1353.48,ACH,,0,success,2026-06-06 10:01:21,0.0
TXN0001691,CUST001420,428.33,Debit Card,,0,success,2025-11-13 13:16:21,0.0
TXN0001692,CUST000366,75.63,Credit Card,,0,success,2026-06-14 21:46:21,0.0
TXN0001693,CUST001924,1084.38,Digital Wallet,,0,success,2026-03-19 08:19:21,0.0
TXN0001694,CUST001913,4074.58,Debit Card,Daily Limit Exceeded,0,failed,2026-06-30 11:02:21,0.0
TXN0001695,CUST001210,1295.04,Bank Transfer,Daily Limit Exceeded,0,failed,2026-06-24 12:00:21,0.0
TXN0001696,CUST001185,3470.26,Digital Wallet,,0,pending,2026-05-23 18:44:21,0.0
TXN0001697,CUST000341,1455.89,Bank Transfer,,1,success,2026-05-09 21:15:21,0.0
TXN0001698,CUST001991,574.29,Debit Card,,0,success,2026-08-20 20:36:21,0.0
TXN0001699,CUST000619,1572.81,Bank Transfer,,0,success,2025-12-14 04:44:21,0.0
TXN0001700,CUST000934,98.06,Bank Transfer,,0,success,2025-11-23 18:55:21,0.0
TXN0001701,CUST000688,827.39,Credit Card,Insufficient Funds,1,failed,2026-01-20 21:17:21,334.28
TXN0001702,CUST000334,264.76,Credit Card,,0,success,2026-02-13 22:34:21,0.0
TXN0001703,CUST001394,562.69,Bank Transfer,,0,pending,2025-10-15 05:23:21,0.0
TXN0001704,CUST000213,198.85,Credit Card,Card Declined,0,failed,2026-01-30 04:57:21,0.0
TXN0001705,CUST001278,549.23,Debit Card,Card Declined,1,failed,2025-11-04 06:46:21,165.05
TXN0001706,CUST001149,286.89,Debit Card,Daily Limit Exceeded,0,failed,2025-11-18 20:21:21,0.0
TXN0001707,CUST001728,223.29,Credit Card,,0,success,2026-03-01 18:02:21,0.0
TXN0001708,CUST001321,674.65,Credit Card,,0,success,2026-02-07 08:05:21,0.0
TXN0001709,CUST001040,3041.74,Bank Transfer,,0,pending,2025-09-25 00:09:21,0.0
TXN0001710,CUST001629,867.38,Bank Transfer,,0,success,2026-08-25 19:26:21,0.0
TXN0001711,CUST001960,50000.0,Wire Transfer,,0,success,2025-12-05 08:50:21,0.0
TXN0001712,CUST000350,1627.17,Credit Card,,0,success,2026-01-20 00:53:21,0.0
TXN0001713,CUST000395,1498.18,ACH,,0,success,2026-02-08 06:37:21,0.0
TXN0001714,CUST000879,2278.9,Credit Card,Card Declined,0,failed,2026-05-31 19:31:21,0.0
TXN0001715,CUST000325,719.38,Credit Card,Card Declined,0,failed,2025-12-13 04:48:21,141.78
TXN0001716,CUST000803,135.52,Debit Card,,0,success,2026-04-16 15:18:21,0.0
TXN0001717,CUST000418,7208.33,Wire Transfer,Routing Error,0,failed,2025-10-10 14:19:21,0.0
TXN0001718,CUST001442,809.59,Credit Card,,4,success,2026-07-18 14:04:21,0.0
TXN0001719,CUST000442,203.56,Debit Card,Insufficient Funds,1,failed,2025-10-08 21:17:21,76.2
TXN0001720,CUST000417,775.19,Bank Transfer,,1,success,2025-11-27 00:42:21,0.0
TXN0001721,CUST001610,12.66,Debit Card,,0,pending,2026-08-02 00:23:21,0.0
TXN0001722,CUST001285,409.46,Credit Card,,0,success,2026-07-07 04:59:21,0.0
TXN0001723,CUST000252,784.92,Credit Card,,0,success,2026-05-28 06:24:21,0.0
TXN0001724,CUST000741,1423.87,Digital Wallet,,0,success,2026-05-13 20:22:21,0.0
TXN0001725,CUST000045,82.21,Credit Card,,0,success,2025-10-12 06:15:21,0.0
TXN0001726,CUST000769,284.52,Credit Card,,0,success,2026-01-10 03:17:21,0.0
TXN0001727,CUST000417,1687.7,Credit Card,,1,success,2025-10-08 12:34:21,0.0
TXN0001728,CUST000088,3166.19,Debit Card,,0,success,2025-12-23 12:50:21,0.0
TXN0001729,CUST000325,173.08,Debit Card,,0,success,2026-04-20 05:16:21,0.0
TXN0001730,CUST001098,92.92,Digital Wallet,,0,success,2026-06-11 01:33:21,0.0
TXN0001731,CUST001841,8984.52,Wire Transfer,,0,success,2026-05-08 05:42:21,0.0
TXN0001732,CUST000260,394.48,Digital Wallet,,0,pending,2025-12-25 02:23:21,0.0
TXN0001733,CUST001130,67.29,Credit Card,,0,success,2025-12-17 18:56:21,0.0
TXN0001734,CUST001889,637.43,Wire Transfer,Account Closed,0,failed,2026-04-06 20:22:21,0.0
TXN0001735,CUST001570,4151.53,Digital Wallet,,0,success,2026-06-05 01:42:21,0.0
TXN0001736,CUST001809,178.54,Debit Card,,0,success,2026-04-10 21:49:21,0.0
TXN0001737,CUST000278,1276.85,Bank Transfer,,1,success,2025-11-10 21:05:21,0.0
TXN0001738,CUST001679,3926.21,ACH,,0,pending,2026-08-10 16:12:21,0.0
TXN0001739,CUST000602,201.68,Credit Card,,0,success,2025-10-01 16:06:21,0.0
TXN0001740,CUST000235,1257.14,Debit Card,Card Declined,1,failed,2026-05-24 21:13:21,481.9
TXN0001741,CUST001517,156.26,Debit Card,,4,success,2026-06-14 22:21:21,0.0
TXN0001742,CUST000788,7659.86,Credit Card,Card Declined,3,failed,2026-01-01 13:38:21,4656.12
TXN0001743,CUST000477,1364.06,ACH,,0,success,2025-10-24 01:55:21,0.0
TXN0001744,CUST001567,114.34,Bank Transfer,Account Closed,0,failed,2025-10-01 18:45:21,0.0
TXN0001745,CUST000651,42.63,Debit Card,,0,success,2026-05-19 02:25:21,0.0
TXN0001746,CUST001022,137.42,Bank Transfer,,0,success,2026-06-28 05:00:21,0.0
TXN0001747,CUST000829,569.55,Bank Transfer,,1,success,2026-04-28 14:27:21,0.0
TXN0001748,CUST000779,103.69,Bank Transfer,,0,success,2025-11-07 07:30:21,0.0
TXN0001749,CUST000269,1841.66,Bank Transfer,,0,success,2025-11-27 16:26:21,0.0
TXN0001750,CUST000034,196.64,Credit Card,Expired Card,0,failed,2026-03-27 00:08:21,21.41
TXN0001751,CUST000820,58.43,Digital Wallet,,0,success,2025-12-18 13:25:21,0.0
TXN0001752,CUST001427,1274.9,Bank Transfer,,1,success,2025-12-18 11:30:21,0.0
TXN0001753,CUST001513,1781.87,Bank Transfer,,0,success,2026-07-07 08:14:21,0.0
TXN0001754,CUST000052,2303.3,Bank Transfer,Insufficient Funds,0,failed,2026-01-17 01:18:21,429.47
TXN0001755,CUST000479,366.06,Debit Card,,0,success,2026-02-20 15:28:21,0.0
TXN0001756,CUST001778,265.63,Debit Card,,0,success,2026-08-06 05:25:21,0.0
TXN0001757,CUST000154,41.63,Bank Transfer,,0,success,2026-02-14 23:44:21,0.0
TXN0001758,CUST000706,795.79,Credit Card,,0,success,2026-06-28 04:08:21,0.0
TXN0001759,CUST001543,2953.94,Debit Card,,0,success,2026-01-28 12:00:21,0.0
TXN0001760,CUST001069,170.32,Credit Card,,0,success,2025-09-23 17:11:21,0.0
TXN0001761,CUST001497,174.72,Bank Transfer,,0,success,2026-07-11 23:39:21,0.0
TXN0001762,CUST001648,606.22,Bank Transfer,,0,success,2026-04-25 10:47:21,0.0
TXN0001763,CUST000422,1586.25,Bank Transfer,Daily Limit Exceeded,3,failed,2026-08-21 11:15:21,957.28
TXN0001764,CUST000789,15.39,Credit Card,Card Declined,3,failed,2025-10-29 15:56:21,10.66
TXN0001765,CUST001558,931.23,Bank Transfer,,0,success,2025-08-30 17:47:21,0.0
TXN0001766,CUST000668,2581.24,Digital Wallet,Funding Source Declined,1,failed,2026-02-22 20:00:21,861.52
TXN0001767,CUST001052,825.93,Digital Wallet,,0,success,2026-07-24 00:01:21,0.0
TXN0001768,CUST001641,2298.39,Credit Card,,2,success,2025-11-05 12:22:21,0.0
TXN0001769,CUST000313,258.78,Credit Card,,0,success,2026-04-27 07:31:21,0.0
TXN0001770,CUST000547,216.19,Credit Card,,0,success,2026-01-08 21:12:21,0.0
TXN0001771,CUST001192,64.46,Bank Transfer,Daily Limit Exceeded,1,failed,2026-02-05 16:01:21,16.42
TXN0001772,CUST000109,10873.89,Credit Card,,0,success,2026-02-20 05:25:21,0.0
TXN0001773,CUST001500,740.17,Credit Card,Card Declined,0,failed,2026-05-29 13:11:21,0.0
TXN0001774,CUST001011,95.56,Debit Card,Daily Limit Exceeded,0,failed,2026-04-23 05:14:21,0.0
TXN0001775,CUST000165,3302.94,Bank Transfer,,2,success,2026-04-28 05:54:21,0.0
TXN0001776,CUST000469,4465.43,ACH,,0,success,2025-09-03 10:03:21,0.0
TXN0001777,CUST000208,21066.89,Credit Card,Insufficient Funds,0,failed,2025-09-07 23:57:21,0.0
TXN0001778,CUST001599,72.3,Bank Transfer,Insufficient Funds,0,failed,2026-04-02 09:28:21,19.5
TXN0001779,CUST000685,4672.72,ACH,,0,success,2025-10-13 16:41:21,0.0
TXN0001780,CUST001857,385.34,Credit Card,Card Declined,0,failed,2026-06-04 03:07:21,0.0
TXN0001781,CUST000291,1070.7,ACH,,0,success,2026-01-20 22:27:21,0.0
TXN0001782,CUST001950,226.18,Credit Card,,0,success,2026-06-01 10:40:21,0.0
TXN0001783,CUST001217,18954.79,ACH,,2,success,2025-12-28 14:28:21,0.0
TXN0001784,CUST000507,665.82,Credit Card,Insufficient Funds,2,failed,2025-09-13 22:35:21,344.33
TXN0001785,CUST000685,87.85,Credit Card,Address Mismatch,1,failed,2026-07-11 05:09:21,26.74
TXN0001786,CUST000688,1611.28,ACH,,1,success,2026-03-01 15:12:21,0.0
TXN0001787,CUST000520,1880.48,Credit Card,Insufficient Funds,4,failed,2025-08-29 21:31:21,1047.85
TXN0001788,CUST001360,2002.11,Debit Card,,0,success,2025-10-26 17:21:21,0.0
TXN0001789,CUST001186,3992.39,Credit Card,,0,success,2026-08-18 04:02:21,0.0
TXN0001790,CUST001351,2545.22,Bank Transfer,,0,success,2026-02-26 17:27:21,0.0
TXN0001791,CUST001772,34.21,Credit Card,,0,success,2026-01-19 21:15:21,0.0
TXN0001792,CUST000397,713.66,Debit Card,,0,pending,2026-07-03 23:32:21,0.0
TXN0001793,CUST001116,190.28,Bank Transfer,,0,success,2025-12-02 03:12:21,0.0
TXN0001794,CUST000715,2092.35,Debit Card,,0,success,2026-02-08 14:02:21,0.0
TXN0001795,CUST000566,1627.27,Credit Card,CVV Mismatch,0,failed,2026-03-05 13:21:21,0.0
TXN0001796,CUST000932,256.87,Debit Card,,1,success,2026-03-03 23:21:21,0.0
TXN0001797,CUST001022,69.25,Digital Wallet,,0,success,2026-06-13 17:45:21,0.0
TXN0001798,CUST000282,117.28,Credit Card,,0,success,2025-09-22 03:09:21,0.0
TXN0001799,CUST000133,429.23,Debit Card,,0,success,2026-08-20 18:26:21,0.0
TXN0001800,CUST001420,336.62,Credit Card,,0,success,2026-07-31 17:09:21,0.0
TXN0001801,CUST000865,377.66,Digital Wallet,,1,success,2026-08-28 07:12:21,0.0
TXN0001802,CUST001420,5000.45,ACH,,0,pending,2025-12-13 10:39:21,0.0
TXN0001803,CUST001954,1387.17,ACH,,0,success,2026-05-19 18:51:21,0.0
TXN0001804,CUST000596,1254.91,Bank Transfer,,0,success,2026-02-28 00:37:21,0.0
TXN0001805,CUST000792,784.94,ACH,,0,success,2026-07-08 23:30:21,0.0
TXN0001806,CUST000637,4207.66,Debit Card,,0,pending,2026-01-16 10:32:21,0.0
TXN0001807,CUST001185,138.44,Bank Transfer,Routing Error,0,failed,2026-01-26 15:16:21,0.0
TXN0001808,CUST000176,694.82,Digital Wallet,,0,success,2026-01-03 15:17:21,0.0
TXN0001809,CUST001794,8044.43,ACH,,2,success,2026-07-10 03:55:21,0.0
TXN0001810,CUST000642,100.81,Digital Wallet,,0,success,2025-09-11 10:06:21,0.0
TXN0001811,CUST000876,537.42,Digital Wallet,,0,success,2026-01-29 18:27:21,0.0
TXN0001812,CUST000055,3424.42,ACH,,0,pending,2026-06-17 12:30:21,0.0
TXN0001813,CUST000497,3115.63,Credit Card,,0,success,2026-02-18 03:49:21,0.0
TXN0001814,CUST001159,2461.37,Bank Transfer,,0,success,2026-07-31 20:20:21,0.0
TXN0001815,CUST000013,603.63,Credit Card,,0,success,2025-12-05 17:35:21,0.0
TXN0001816,CUST001467,741.97,Credit Card,Insufficient Funds,0,failed,2026-07-04 21:50:21,0.0
TXN0001817,CUST000010,393.05,Debit Card,,0,success,2025-09-08 21:33:21,0.0
TXN0001818,CUST001337,3213.1,Credit Card,,0,success,2025-12-09 08:43:21,0.0
TXN0001819,CUST000235,88.5,Digital Wallet,,1,success,2025-11-13 08:57:21,0.0
TXN0001820,CUST000896,913.61,Digital Wallet,,2,success,2026-06-09 22:48:21,0.0
TXN0001821,CUST001919,183.04,Debit Card,Daily Limit Exceeded,2,failed,2025-09-10 02:21:21,55.12
TXN0001822,CUST001490,20788.45,Digital Wallet,,0,success,2026-06-27 16:22:21,0.0
TXN0001823,CUST000087,1352.32,Credit Card,,0,success,2025-12-12 18:03:21,0.0
TXN0001824,CUST000087,2713.49,Bank Transfer,,0,pending,2025-12-24 02:36:21,0.0
TXN0001825,CUST000278,1143.81,Debit Card,,1,success,2025-10-18 11:00:21,0.0
TXN0001826,CUST001264,1656.3,Credit Card,Expired Card,3,failed,2026-06-16 08:46:21,787.98
TXN0001827,CUST001169,741.81,Credit Card,,0,success,2025-11-22 01:58:21,0.0
TXN0001828,CUST000593,880.9,Bank Transfer,,3,success,2025-10-30 17:05:21,0.0
TXN0001829,CUST000802,2965.46,Credit Card,,0,success,2026-01-02 18:36:21,0.0
TXN0001830,CUST000058,222.63,Debit Card,Insufficient Funds,0,failed,2025-11-03 23:26:21,0.0
TXN0001831,CUST001830,607.06,Debit Card,,0,success,2026-02-28 03:59:21,0.0
TXN0001832,CUST000939,927.24,Debit Card,Insufficient Funds,0,failed,2026-02-25 15:34:21,0.0
TXN0001833,CUST000432,3038.0,Debit Card,,0,success,2026-02-09 16:24:21,0.0
TXN0001834,CUST000350,524.67,Debit Card,,0,success,2025-11-12 21:59:21,0.0
TXN0001835,CUST001612,506.65,Debit Card,Card Declined,0,failed,2025-09-24 22:29:21,0.0
TXN0001836,CUST001877,567.08,Bank Transfer,,0,success,2025-12-23 19:58:21,0.0
TXN0001837,CUST000370,5425.82,Debit Card,,0,success,2025-12-11 10:55:21,0.0
TXN0001838,CUST000090,375.07,Credit Card,,0,pending,2025-11-03 20:51:21,0.0
TXN0001839,CUST000827,149.44,Digital Wallet,Funding Source Declined,1,failed,2025-09-22 04:57:21,45.07
TXN0001840,CUST000976,10310.23,Credit Card,,0,success,2026-05-01 08:38:21,0.0
TXN0001841,CUST000596,32.21,Digital Wallet,Device Not Verified,0,failed,2026-01-25 06:25:21,0.0
TXN0001842,CUST000235,826.83,Bank Transfer,Account Closed,4,failed,2026-02-17 12:48:21,710.47
TXN0001843,CUST001892,472.24,Debit Card,Insufficient Funds,0,failed,2026-06-20 11:52:21,0.0
TXN0001844,CUST000401,1685.32,Credit Card,Expired Card,0,failed,2026-04-04 01:16:21,0.0
TXN0001845,CUST000889,227.69,Credit Card,,0,success,2026-05-22 05:51:21,0.0
TXN0001846,CUST000758,1453.78,Credit Card,Card Declined,2,failed,2026-06-18 08:05:21,711.61
TXN0001847,CUST001164,902.21,ACH,Amount Limit Exceeded,0,failed,2025-10-03 15:57:21,0.0
TXN0001848,CUST000337,506.61,Debit Card,,0,success,2025-12-28 16:06:21,0.0
TXN0001849,CUST001843,5671.94,Credit Card,Insufficient Funds,0,failed,2026-01-21 12:04:21,0.0
TXN0001850,CUST001166,72.88,Credit Card,Address Mismatch,0,failed,2026-03-29 05:21:21,13.55
TXN0001851,CUST000106,566.95,Credit Card,,0,pending,2026-05-05 22:29:21,0.0
TXN0001852,CUST000800,336.74,Digital Wallet,,0,success,2026-07-25 03:10:21,0.0
TXN0001853,CUST001664,11575.55,Credit Card,Expired Card,3,failed,2025-10-19 16:09:21,5256.8
TXN0001854,CUST000117,1332.23,ACH,,0,success,2026-07-02 13:58:21,0.0
TXN0001855,CUST000539,483.65,Credit Card,Address Mismatch,1,failed,2026-05-17 21:32:21,174.59
TXN0001856,CUST000286,29883.36,Wire Transfer,,0,success,2026-03-12 10:30:21,0.0
TXN0001857,CUST000483,965.27,Digital Wallet,,0,success,2025-11-12 12:44:21,0.0
TXN0001858,CUST001654,698.74,Wire Transfer,,0,success,2026-01-26 12:41:21,0.0
TXN0001859,CUST000166,3256.51,ACH,,0,success,2026-06-22 23:42:21,0.0
TXN0001860,CUST000905,285.99,Credit Card,,3,success,2026-05-04 12:06:21,0.0
TXN0001861,CUST000622,78.91,Credit Card,,1,success,2026-05-04 07:29:21,0.0
TXN0001862,CUST001045,306.22,Digital Wallet,,2,success,2026-05-19 14:50:21,0.0
TXN0001863,CUST001397,134.87,Credit Card,Card Declined,0,failed,2026-02-10 19:44:21,0.0
TXN0001864,CUST001687,203.41,Credit Card,,2,success,2026-06-19 05:00:21,0.0
TXN0001865,CUST000343,247.52,Bank Transfer,,0,success,2026-02-20 21:16:21,0.0
TXN0001866,CUST001881,54.78,Debit Card,Daily Limit Exceeded,3,failed,2025-10-31 08:14:21,26.34
TXN0001867,CUST001542,225.11,Debit Card,,0,success,2025-11-11 06:37:21,0.0
TXN0001868,CUST001971,3379.95,Wire Transfer,,0,pending,2026-07-30 06:25:21,0.0
TXN0001869,CUST000322,136.39,Credit Card,,0,success,2026-03-20 20:50:21,0.0
TXN0001870,CUST000501,135.94,Credit Card,,0,success,2026-06-22 13:03:21,0.0
TXN0001871,CUST000251,373.46,Credit Card,Insufficient Funds,0,failed,2026-05-14 16:43:21,0.0
TXN0001872,CUST000732,1025.51,Credit Card,,0,success,2026-01-12 10:09:21,0.0
TXN0001873,CUST001598,872.7,Credit Card,,0,success,2026-04-24 15:31:21,0.0
TXN0001874,CUST000090,4698.12,Credit Card,,0,success,2026-07-06 07:06:21,0.0
TXN0001875,CUST001445,9930.83,Wire Transfer,,0,success,2026-07-19 01:30:21,0.0
TXN0001876,CUST000097,358.3,Credit Card,,0,pending,2025-11-18 02:21:21,0.0
TXN0001877,CUST001672,2459.91,ACH,Amount Limit Exceeded,0,failed,2025-09-29 18:21:21,633.46
TXN0001878,CUST000395,408.13,Digital Wallet,Session Expired,0,failed,2026-03-28 06:25:21,0.0
TXN0001879,CUST000043,2070.75,ACH,,0,success,2026-08-18 20:04:21,0.0
TXN0001880,CUST000460,914.28,Credit Card,,0,pending,2026-05-25 11:01:21,0.0
TXN0001881,CUST001353,82.86,Credit Card,,0,success,2026-03-03 07:30:21,0.0
TXN0001882,CUST001830,60.32,Debit Card,,0,pending,2026-04-15 14:15:21,0.0
TXN0001883,CUST000699,174.31,Credit Card,,0,success,2026-01-21 08:29:21,0.0
TXN0001884,CUST000117,1437.16,Credit Card,,0,success,2025-11-17 19:42:21,0.0
TXN0001885,CUST000589,1776.61,Debit Card,,0,success,2026-01-02 18:52:21,0.0
TXN0001886,CUST001575,2244.41,Bank Transfer,,0,success,2026-06-05 19:59:21,0.0
TXN0001887,CUST001894,184.06,Credit Card,Expired Card,0,failed,2026-04-06 11:11:21,0.0
TXN0001888,CUST000189,770.09,Debit Card,,0,success,2026-03-29 21:52:21,0.0
TXN0001889,CUST001261,543.9,Credit Card,Card Declined,0,failed,2026-04-21 11:37:21,0.0
TXN0001890,CUST000026,1234.18,Debit Card,Account Locked,0,failed,2026-03-16 23:34:21,0.0
TXN0001891,CUST001558,4779.88,Digital Wallet,Account Suspended,0,failed,2026-02-25 16:48:21,0.0
TXN0001892,CUST000447,284.78,Bank Transfer,,0,success,2026-07-18 23:31:21,0.0
TXN0001893,CUST000644,3916.04,Credit Card,,0,success,2026-04-18 00:12:21,0.0
TXN0001894,CUST000261,1368.35,Credit Card,Card Declined,0,failed,2025-10-15 12:25:21,0.0
TXN0001895,CUST000741,155.22,Bank Transfer,Daily Limit Exceeded,0,failed,2026-08-06 14:43:21,0.0
TXN0001896,CUST001634,366.38,Bank Transfer,,0,success,2026-04-19 07:45:21,0.0
TXN0001897,CUST001740,155.7,Digital Wallet,,0,success,2025-10-25 01:06:21,0.0
TXN0001898,CUST001237,417.61,Credit Card,,0,success,2025-12-10 06:13:21,0.0
TXN0001899,CUST000642,2888.04,Credit Card,,0,success,2025-09-13 19:24:21,0.0
TXN0001900,CUST001794,84.98,Bank Transfer,Account Closed,1,failed,2026-02-24 22:02:21,24.84
TXN0001901,CUST000768,320.19,Debit Card,,0,success,2026-03-30 13:27:21,0.0
TXN0001902,CUST000278,1481.0,Debit Card,Daily Limit Exceeded,0,failed,2025-10-30 08:22:21,0.0
TXN0001903,CUST001655,406.7,Credit Card,,0,success,2025-12-10 13:43:21,0.0
TXN0001904,CUST000441,2211.93,Bank Transfer,,0,success,2025-09-25 09:19:21,0.0
TXN0001905,CUST001330,125.85,Credit Card,Card Declined,1,failed,2026-05-05 13:56:21,51.73
TXN0001906,CUST001291,3716.7,Credit Card,,0,success,2026-06-26 15:37:21,0.0
TXN0001907,CUST000078,297.6,Debit Card,,0,success,2025-12-04 18:08:21,0.0
TXN0001908,CUST000395,1874.25,ACH,,0,success,2026-04-25 22:13:21,0.0
TXN0001909,CUST000742,135.38,Credit Card,,0,pending,2026-03-19 09:21:21,0.0
TXN0001910,CUST000912,621.29,Credit Card,,0,success,2026-01-30 21:23:21,0.0
TXN0001911,CUST001036,4734.95,ACH,Routing Error,0,failed,2025-10-23 01:00:21,0.0
TXN0001912,CUST000471,198.2,Debit Card,,0,success,2026-06-24 15:13:21,0.0
TXN0001913,CUST000835,11444.42,ACH,,0,success,2025-10-21 23:38:21,0.0
TXN0001914,CUST000858,24867.72,Credit Card,Card Declined,3,failed,2025-12-13 03:52:21,10803.02
TXN0001915,CUST001806,4860.78,Credit Card,,0,success,2026-05-27 18:28:21,0.0
TXN0001916,CUST001262,249.83,Credit Card,,0,success,2025-11-17 09:29:21,0.0
TXN0001917,CUST000207,10318.88,Wire Transfer,Routing Error,0,failed,2026-08-15 10:18:21,2272.82
TXN0001918,CUST000272,11041.96,ACH,,0,success,2026-02-10 19:06:21,0.0
TXN0001919,CUST000991,463.83,Credit Card,,0,success,2025-08-28 23:21:21,0.0
TXN0001920,CUST001690,54.34,Credit Card,,0,success,2025-10-17 04:42:21,0.0
TXN0001921,CUST001759,536.64,Digital Wallet,,0,success,2026-01-10 18:48:21,0.0
TXN0001922,CUST001710,2165.8,Credit Card,,0,success,2025-09-04 03:42:21,0.0
TXN0001923,CUST000613,2462.52,Wire Transfer,,0,success,2025-12-11 06:19:21,0.0
TXN0001924,CUST001216,10.0,Debit Card,,0,success,2026-01-07 20:08:21,0.0
TXN0001925,CUST001042,11084.87,ACH,,0,success,2026-04-07 05:14:21,0.0
TXN0001926,CUST000186,1208.39,Digital Wallet,Device Not Verified,0,failed,2026-02-12 21:40:21,0.0
TXN0001927,CUST001055,368.86,Debit Card,Daily Limit Exceeded,0,failed,2026-05-12 18:55:21,0.0
TXN0001928,CUST001420,6645.08,ACH,,0,success,2026-07-08 21:10:21,0.0
TXN0001929,CUST001341,2158.51,Bank Transfer,,0,success,2026-01-16 00:32:21,0.0
TXN0001930,CUST001216,1689.66,Digital Wallet,,0,success,2025-10-22 04:29:21,0.0
TXN0001931,CUST000322,551.9,Debit Card,Card Declined,1,failed,2025-12-11 03:27:21,210.25
TXN0001932,CUST000082,283.29,Digital Wallet,,0,success,2026-05-21 07:57:21,0.0
TXN0001933,CUST000053,121.12,Debit Card,,0,success,2026-04-05 14:01:21,0.0
TXN0001934,CUST001067,1382.79,Digital Wallet,,0,success,2026-07-02 09:43:21,0.0
TXN0001935,CUST000246,249.24,Debit Card,,0,success,2026-04-16 05:33:21,0.0
TXN0001936,CUST000322,164.68,Digital Wallet,,1,success,2026-06-29 20:37:21,0.0
TXN0001937,CUST000169,176.58,Debit Card,Daily Limit Exceeded,1,failed,2026-06-08 16:07:21,46.8
TXN0001938,CUST000226,13.7,Digital Wallet,,0,success,2025-09-18 05:43:21,0.0
TXN0001939,CUST001828,140.63,Credit Card,,0,success,2026-01-19 04:29:21,0.0
TXN0001940,CUST001068,533.88,Credit Card,,0,success,2025-09-23 12:26:21,0.0
TXN0001941,CUST001285,2057.04,Credit Card,CVV Mismatch,1,failed,2026-02-17 00:45:21,765.13
TXN0001942,CUST000276,112.03,Credit Card,Insufficient Funds,0,failed,2025-12-16 23:20:21,0.0
TXN0001943,CUST000715,2518.09,Bank Transfer,Routing Error,4,failed,2026-07-24 16:53:21,2229.85
TXN0001944,CUST001455,2082.39,Bank Transfer,Daily Limit Exceeded,0,failed,2025-10-17 19:48:21,0.0
TXN0001945,CUST001307,282.29,Credit Card,,1,pending,2025-11-29 11:17:21,0.0
TXN0001946,CUST001722,2970.73,ACH,,0,success,2025-12-22 16:38:21,0.0
TXN0001947,CUST001225,3016.96,Credit Card,,0,success,2026-07-10 01:21:21,0.0
TXN0001948,CUST001837,291.66,Bank Transfer,,0,success,2026-04-02 19:00:21,0.0
TXN0001949,CUST001357,3815.68,Debit Card,Insufficient Funds,0,failed,2025-09-24 05:06:21,0.0
TXN0001950,CUST001444,2236.67,ACH,,0,success,2025-12-20 13:02:21,0.0
TXN0001951,CUST000060,1489.87,Credit Card,,0,success,2026-01-31 06:53:21,0.0
TXN0001952,CUST000536,1264.31,Credit Card,,0,success,2026-01-13 19:03:21,0.0
TXN0001953,CUST001839,1440.78,Debit Card,,0,pending,2026-05-07 21:48:21,0.0
TXN0001954,CUST000632,190.3,Debit Card,Card Declined,0,failed,2025-11-27 01:39:21,0.0
TXN0001955,CUST001942,1711.67,Credit Card,,0,success,2026-06-22 12:54:21,0.0
TXN0001956,CUST001210,373.64,ACH,Account Closed,1,failed,2025-09-01 21:30:21,161.75
TXN0001957,CUST001569,716.2,Debit Card,,0,success,2025-12-06 02:05:21,0.0
TXN0001958,CUST000322,2107.5,Credit Card,,1,success,2026-02-06 10:14:21,0.0
TXN0001959,CUST001366,267.11,Credit Card,,0,success,2026-03-11 19:15:21,0.0
TXN0001960,CUST000510,1146.73,Credit Card,Expired Card,1,failed,2025-12-02 04:56:21,370.06
TXN0001961,CUST000994,366.58,Bank Transfer,,0,success,2026-08-16 00:48:21,0.0
TXN0001962,CUST000507,127.31,Bank Transfer,Account Closed,0,failed,2026-02-15 12:03:21,0.0
TXN0001963,CUST001337,7531.15,Wire Transfer,,0,success,2026-07-16 06:24:21,0.0
TXN0001964,CUST001441,886.58,Digital Wallet,,0,success,2026-08-20 08:35:21,0.0
TXN0001965,CUST001883,1559.55,Bank Transfer,,0,success,2026-02-09 01:35:21,0.0
TXN0001966,CUST000640,137.76,Bank Transfer,,0,success,2026-01-22 15:41:21,0.0
TXN0001967,CUST001172,50000.0,Bank Transfer,,0,success,2026-07-07 23:47:21,0.0
TXN0001968,CUST000772,123.32,Credit Card,,0,pending,2026-07-12 01:02:21,0.0
TXN0001969,CUST000990,1524.96,Debit Card,,0,success,2025-12-12 01:04:21,0.0
TXN0001970,CUST000248,292.28,Credit Card,,0,success,2026-02-18 14:43:21,0.0
TXN0001971,CUST001807,11910.42,Credit Card,,0,success,2026-08-15 19:39:21,0.0
TXN0001972,CUST001047,208.11,Debit Card,,0,success,2026-07-03 12:09:21,0.0
TXN0001973,CUST001659,34.36,Credit Card,CVV Mismatch,0,failed,2026-05-13 16:51:21,0.0
TXN0001974,CUST000829,5172.44,ACH,,1,success,2025-12-28 15:42:21,0.0
TXN0001975,CUST001558,3923.9,Debit Card,Insufficient Funds,0,failed,2026-04-20 19:09:21,0.0
TXN0001976,CUST001709,183.42,Debit Card,,0,success,2025-11-11 13:02:21,0.0
TXN0001977,CUST000550,7824.91,Credit Card,,0,success,2025-12-20 14:57:21,0.0
TXN0001978,CUST001336,1142.5,Debit Card,Insufficient Funds,4,failed,2025-12-23 15:53:21,646.71
TXN0001979,CUST001502,85.6,Debit Card,Card Declined,0,failed,2026-02-17 03:40:21,0.0
TXN0001980,CUST001086,1617.85,Debit Card,,0,success,2026-06-04 02:00:21,0.0
TXN0001981,CUST000233,227.56,Credit Card,,0,success,2026-06-01 11:37:21,0.0
TXN0001982,CUST000287,266.44,Debit Card,,0,success,2025-11-20 19:03:21,0.0
TXN0001983,CUST001606,794.19,Digital Wallet,,0,success,2026-03-30 08:29:21,0.0
TXN0001984,CUST000556,241.95,Credit Card,,0,success,2025-10-17 20:52:21,0.0
TXN0001985,CUST000290,3890.59,Credit Card,,0,pending,2025-09-12 01:37:21,0.0
TXN0001986,CUST001464,483.54,Credit Card,,0,success,2025-12-29 18:15:21,0.0
TXN0001987,CUST001899,606.89,Debit Card,,0,success,2026-06-20 02:55:21,0.0
TXN0001988,CUST000971,290.59,Bank Transfer,,0,success,2026-06-12 17:24:21,0.0
TXN0001989,CUST000012,104.28,Bank Transfer,Account Closed,0,failed,2026-03-12 05:25:21,0.0
TXN0001990,CUST001218,123.57,Credit Card,,0,success,2025-11-15 01:06:21,0.0
TXN0001991,CUST001901,921.61,Debit Card,,0,success,2026-01-21 13:42:21,0.0
TXN0001992,CUST001279,3321.1,Wire Transfer,,0,success,2025-11-13 14:47:21,0.0
TXN0001993,CUST000159,6881.82,Wire Transfer,,0,success,2026-07-06 09:15:21,0.0
TXN0001994,CUST000208,3053.79,Digital Wallet,,0,success,2026-06-24 15:51:21,0.0
TXN0001995,CUST000785,222.97,Credit Card,Expired Card,0,failed,2025-10-28 13:11:21,0.0
TXN0001996,CUST001510,16692.66,Digital Wallet,,0,success,2025-12-29 02:18:21,0.0
TXN0001997,CUST000076,1444.36,Credit Card,,1,success,2026-07-12 13:19:21,0.0
TXN0001998,CUST001326,477.1,Credit Card,,3,success,2026-03-16 05:31:21,0.0
TXN0001999,CUST000281,904.28,Debit Card,,0,success,2025-09-21 17:08:21,0.0
TXN0002000,CUST001557,2098.16,Debit Card,Insufficient Funds,0,failed,2026-02-15 19:43:21,0.0
TXN0002001,CUST000639,4918.21,ACH,,0,success,2026-03-18 16:23:21,0.0
TXN0002002,CUST001725,45341.67,Credit Card,Card Declined,0,failed,2026-04-07 10:19:21,0.0
TXN0002003,CUST001148,25439.35,Wire Transfer,,0,success,2026-04-21 11:21:21,0.0
TXN0002004,CUST000892,57.44,Credit Card,,0,success,2026-05-29 07:33:21,0.0
TXN0002005,CUST000955,801.3,Bank Transfer,,0,pending,2026-01-23 01:49:21,0.0
TXN0002006,CUST001886,1928.84,Credit Card,,0,success,2026-02-13 21:17:21,0.0
TXN0002007,CUST000022,313.6,Bank Transfer,,0,success,2026-05-21 07:51:21,0.0
TXN0002008,CUST000193,10163.85,ACH,,0,success,2025-12-14 07:50:21,0.0
TXN0002009,CUST001427,968.2,Bank Transfer,,1,pending,2025-12-25 20:26:21,0.0
TXN0002010,CUST001443,2238.75,Credit Card,,0,success,2025-11-09 07:33:21,0.0
TXN0002011,CUST000965,2091.31,Credit Card,,0,success,2025-12-20 02:58:21,0.0
TXN0002012,CUST001327,3608.55,Credit Card,,0,success,2026-07-06 07:05:21,0.0
TXN0002013,CUST000939,520.69,Credit Card,,2,success,2025-08-31 09:17:21,0.0
TXN0002014,CUST000270,7553.28,Credit Card,,0,success,2026-06-28 07:00:21,0.0
TXN0002015,CUST000128,578.55,Bank Transfer,,0,success,2026-04-08 01:47:21,0.0
TXN0002016,CUST000035,459.98,Debit Card,,0,success,2026-03-18 10:18:21,0.0
TXN0002017,CUST001202,430.5,Credit Card,,0,success,2026-02-21 16:28:21,0.0
TXN0002018,CUST000826,386.66,Digital Wallet,,0,success,2026-07-28 06:16:21,0.0
TXN0002019,CUST001028,385.46,Debit Card,,0,success,2026-05-31 18:26:21,0.0
TXN0002020,CUST000779,716.59,Credit Card,,0,success,2026-01-31 02:48:21,0.0
TXN0002021,CUST001716,749.39,Debit Card,Insufficient Funds,1,failed,2026-06-28 21:59:21,319.81
TXN0002022,CUST001427,2605.42,ACH,Account Closed,0,failed,2026-07-13 02:42:21,0.0
TXN0002023,CUST000756,128.01,Digital Wallet,,1,success,2026-08-18 02:38:21,0.0
TXN0002024,CUST000585,10102.16,ACH,,0,success,2026-07-17 09:13:21,0.0
TXN0002025,CUST001395,4239.19,Credit Card,,0,success,2026-05-22 08:40:21,0.0
TXN0002026,CUST000636,141.47,Digital Wallet,,0,success,2026-05-29 00:20:21,0.0
TXN0002027,CUST000848,4427.06,ACH,Amount Limit Exceeded,2,failed,2026-03-29 23:44:21,1546.98
TXN0002028,CUST000190,274.56,Credit Card,,0,success,2026-03-02 11:55:21,0.0
TXN0002029,CUST001293,152.84,Debit Card,Account Locked,0,failed,2025-11-01 20:19:21,0.0
TXN0002030,CUST000432,129.8,Bank Transfer,,0,success,2026-01-17 20:47:21,0.0
TXN0002031,CUST001631,605.49,Digital Wallet,,0,success,2025-12-13 14:35:21,0.0
TXN0002032,CUST000551,957.84,Digital Wallet,Funding Source Declined,1,failed,2026-01-01 00:26:21,296.63
TXN0002033,CUST001059,1241.11,ACH,,3,success,2026-05-24 17:20:21,0.0
TXN0002034,CUST000662,128.82,Digital Wallet,,0,pending,2026-02-15 10:51:21,0.0
TXN0002035,CUST000661,130.8,Debit Card,,0,success,2026-08-24 03:02:21,0.0
TXN0002036,CUST000690,15916.64,Digital Wallet,Session Expired,0,failed,2025-12-31 15:17:21,0.0
TXN0002037,CUST000900,462.18,Credit Card,,0,success,2026-01-06 13:52:21,0.0
TXN0002038,CUST001497,39.06,Credit Card,,0,pending,2026-04-25 23:42:21,0.0
TXN0002039,CUST000692,267.34,Debit Card,,0,success,2026-02-03 23:26:21,0.0
TXN0002040,CUST001797,541.33,Bank Transfer,,0,success,2025-12-12 05:02:21,0.0
TXN0002041,CUST000552,3319.86,ACH,,0,success,2026-02-03 14:27:21,0.0
TXN0002042,CUST000865,128.6,Bank Transfer,,1,success,2025-10-26 09:55:21,0.0
TXN0002043,CUST001279,220.79,Debit Card,,0,success,2026-06-18 03:46:21,0.0
TXN0002044,CUST001966,7976.96,Debit Card,Insufficient Funds,1,failed,2026-06-16 20:59:21,2400.67
TXN0002045,CUST000944,563.28,Bank Transfer,Routing Error,0,failed,2026-07-18 03:13:21,0.0
TXN0002046,CUST000895,3084.39,Wire Transfer,,0,pending,2025-09-11 14:34:21,0.0
TXN0002047,CUST000011,2532.48,Debit Card,,3,success,2026-03-05 04:58:21,0.0
TXN0002048,CUST000808,669.38,Digital Wallet,,0,success,2025-09-19 19:35:21,0.0
TXN0002049,CUST000498,1178.46,Bank Transfer,,1,success,2026-07-09 20:20:21,0.0
TXN0002050,CUST001916,1061.54,Debit Card,Card Declined,0,failed,2026-04-05 10:42:21,0.0
TXN0002051,CUST001223,210.88,Debit Card,Card Declined,0,failed,2025-11-01 08:14:21,0.0
TXN0002052,CUST000365,631.58,Debit Card,,0,pending,2026-03-06 15:36:21,0.0
TXN0002053,CUST000556,4132.08,ACH,,0,success,2025-10-02 01:20:21,0.0
TXN0002054,CUST000091,325.02,Bank Transfer,,0,success,2026-03-07 19:47:21,0.0
TXN0002055,CUST000191,678.06,Credit Card,,0,success,2026-02-10 10:36:21,0.0
TXN0002056,CUST000535,1366.13,Credit Card,,0,success,2026-01-25 03:18:21,0.0
TXN0002057,CUST001060,347.53,Debit Card,,0,success,2026-07-16 20:45:21,0.0
TXN0002058,CUST001344,2187.97,Credit Card,,0,success,2026-08-22 03:08:21,0.0
TXN0002059,CUST001943,2920.66,Credit Card,,0,success,2026-08-22 16:47:21,0.0
TXN0002060,CUST000823,228.62,Debit Card,,2,success,2026-07-31 23:01:21,0.0
TXN0002061,CUST000076,321.74,Credit Card,,1,success,2026-01-09 16:05:21,0.0
TXN0002062,CUST001459,928.67,ACH,,0,pending,2025-11-27 21:21:21,0.0
TXN0002063,CUST000869,655.94,Credit Card,,0,success,2026-02-12 11:23:21,0.0
TXN0002064,CUST000522,1054.13,Credit Card,,0,success,2025-08-30 14:12:21,0.0
TXN0002065,CUST001687,14964.08,ACH,,2,success,2026-01-02 23:26:21,0.0
TXN0002066,CUST001886,3256.95,Wire Transfer,,0,success,2026-08-02 12:45:21,0.0
TXN0002067,CUST000872,1009.82,Credit Card,,0,pending,2026-08-15 15:11:21,0.0
TXN0002068,CUST001700,309.88,Credit Card,,0,success,2026-01-11 22:09:21,0.0
TXN0002069,CUST001221,324.36,Credit Card,,0,success,2025-11-28 09:03:21,0.0
TXN0002070,CUST000913,1140.49,Debit Card,,0,success,2026-06-24 09:19:21,0.0
TXN0002071,CUST000883,356.05,Bank Transfer,,0,success,2026-03-04 17:44:21,0.0
TXN0002072,CUST001882,605.05,Digital Wallet,,0,success,2025-12-02 13:59:21,0.0
TXN0002073,CUST001987,1204.35,Credit Card,,0,success,2026-06-13 12:42:21,0.0
TXN0002074,CUST001807,987.65,Debit Card,Card Declined,1,failed,2026-07-18 21:29:21,420.96
TXN0002075,CUST000619,3449.38,Debit Card,,0,success,2026-08-17 02:41:21,0.0
TXN0002076,CUST000206,509.97,ACH,,2,success,2026-01-19 04:38:21,0.0
TXN0002077,CUST000785,133.07,Wire Transfer,,0,success,2025-10-16 15:54:21,0.0
TXN0002078,CUST000500,1566.77,Credit Card,Address Mismatch,0,failed,2026-05-09 19:11:21,0.0
TXN0002079,CUST001594,151.67,Bank Transfer,,0,success,2026-08-04 13:03:21,0.0
TXN0002080,CUST001389,155.3,Debit Card,Account Locked,0,failed,2026-01-27 11:20:21,0.0
TXN0002081,CUST000741,1395.62,Bank Transfer,,0,success,2025-10-06 22:22:21,0.0
TXN0002082,CUST001482,10.0,Credit Card,,0,success,2026-05-07 05:49:21,0.0
TXN0002083,CUST001894,452.82,Credit Card,,0,success,2025-10-06 13:07:21,0.0
TXN0002084,CUST000975,2576.9,Wire Transfer,,1,success,2026-08-21 22:07:21,0.0
TXN0002085,CUST001685,5419.96,ACH,,0,success,2025-12-16 01:54:21,0.0
TXN0002086,CUST001379,380.19,ACH,,0,success,2025-09-23 14:23:21,0.0
TXN0002087,CUST001150,712.11,Credit Card,Card Declined,0,failed,2025-11-29 21:09:21,0.0
TXN0002088,CUST000226,1536.87,Credit Card,,0,success,2026-01-01 08:19:21,0.0
TXN0002089,CUST000342,3421.79,Debit Card,,0,success,2026-01-28 07:40:21,0.0
TXN0002090,CUST001140,14532.27,Wire Transfer,,0,success,2026-04-29 19:30:21,0.0
TXN0002091,CUST000776,13127.98,Credit Card,,0,success,2026-07-09 20:15:21,0.0
TXN0002092,CUST001429,20348.22,Debit Card,,0,success,2026-05-29 02:39:21,0.0
TXN0002093,CUST001505,28776.36,Credit Card,,0,success,2026-03-01 02:02:21,0.0
TXN0002094,CUST000572,625.89,Credit Card,,0,success,2026-07-04 10:32:21,0.0
TXN0002095,CUST001297,833.33,Debit Card,,0,pending,2025-11-26 15:03:21,0.0
TXN0002096,CUST000780,49927.56,Wire Transfer,,0,success,2026-01-02 22:36:21,0.0
TXN0002097,CUST000322,4582.22,Bank Transfer,,1,success,2026-05-29 20:10:21,0.0
TXN0002098,CUST000777,266.41,Credit Card,,0,success,2025-09-27 02:45:21,0.0
TXN0002099,CUST000786,185.54,Debit Card,,0,success,2026-01-25 19:02:21,0.0
TXN0002100,CUST000905,37.89,Digital Wallet,,3,success,2026-06-18 12:49:21,0.0
TXN0002101,CUST000165,1133.59,Debit Card,,2,success,2026-01-31 08:08:21,0.0
TXN0002102,CUST000341,5163.44,Credit Card,,1,success,2025-12-29 11:23:21,0.0
TXN0002103,CUST000047,212.88,Digital Wallet,,0,success,2025-09-27 19:53:21,0.0
TXN0002104,CUST000396,225.48,Debit Card,Insufficient Funds,0,failed,2026-04-28 02:58:21,0.0
TXN0002105,CUST001887,10.0,Bank Transfer,Routing Error,4,failed,2026-08-13 01:52:21,7.07
TXN0002106,CUST000502,1615.05,Bank Transfer,,0,success,2026-04-27 02:59:21,0.0
TXN0002107,CUST000228,3009.52,ACH,,0,success,2026-03-12 03:13:21,0.0
TXN0002108,CUST001972,819.24,ACH,,0,success,2025-09-12 11:02:21,0.0
TXN0002109,CUST000963,189.79,Bank Transfer,,0,success,2026-07-22 19:12:21,0.0
TXN0002110,CUST001101,5634.95,Credit Card,,0,success,2025-09-30 14:43:21,0.0
TXN0002111,CUST000248,2970.39,Debit Card,,0,success,2026-07-28 22:37:21,0.0
TXN0002112,CUST001685,432.6,Credit Card,,0,success,2026-08-07 21:03:21,0.0
TXN0002113,CUST001048,12227.2,Wire Transfer,,0,success,2026-01-14 18:38:21,0.0
TXN0002114,CUST000978,3463.0,Wire Transfer,,0,success,2025-11-05 04:42:21,0.0
TXN0002115,CUST000366,1029.0,Debit Card,,0,success,2026-06-17 00:38:21,0.0
TXN0002116,CUST000542,33.34,Bank Transfer,Account Closed,0,failed,2025-08-29 16:40:21,0.0
TXN0002117,CUST001086,545.55,Credit Card,,0,pending,2025-09-09 18:07:21,0.0
TXN0002118,CUST001433,303.2,Debit Card,Insufficient Funds,1,failed,2026-08-10 04:19:21,83.66
TXN0002119,CUST000054,271.06,Credit Card,Address Mismatch,1,failed,2026-02-23 10:10:21,117.59
TXN0002120,CUST001467,156.04,Debit Card,Card Declined,0,failed,2025-12-27 10:00:21,0.0
TXN0002121,CUST000317,12516.91,Wire Transfer,,0,success,2025-09-07 04:19:21,0.0
TXN0002122,CUST001760,125.76,Digital Wallet,,0,success,2026-08-14 01:51:21,0.0
TXN0002123,CUST001197,985.67,Bank Transfer,,0,success,2025-12-10 08:33:21,0.0
TXN0002124,CUST000832,266.43,Credit Card,,0,success,2026-03-04 12:19:21,0.0
TXN0002125,CUST001027,193.17,Bank Transfer,,0,pending,2026-02-17 19:33:21,0.0
TXN0002126,CUST001328,1853.61,Digital Wallet,Device Not Verified,0,failed,2026-02-15 07:46:21,0.0
TXN0002127,CUST000702,71.8,Digital Wallet,,0,pending,2026-05-15 01:19:21,0.0
TXN0002128,CUST001224,486.53,Credit Card,,0,success,2026-02-26 16:59:21,0.0
TXN0002129,CUST001308,20908.89,Wire Transfer,,3,success,2025-12-03 00:41:21,0.0
TXN0002130,CUST000076,67.31,Debit Card,,1,success,2026-07-08 21:56:21,0.0
TXN0002131,CUST001623,151.87,Credit Card,,0,success,2026-07-30 17:52:21,0.0
TXN0002132,CUST000502,202.6,Credit Card,Expired Card,0,failed,2025-09-08 11:34:21,39.34
TXN0002133,CUST000322,276.47,Digital Wallet,Session Expired,0,failed,2026-07-12 09:16:21,0.0
TXN0002134,CUST001879,103.49,Debit Card,Account Locked,0,failed,2025-12-03 23:25:21,0.0
TXN0002135,CUST000001,2307.62,Wire Transfer,,0,success,2025-11-03 16:59:21,0.0
TXN0002136,CUST000433,1994.07,Credit Card,,0,pending,2025-10-08 06:16:21,0.0
TXN0002137,CUST000906,710.9,Credit Card,,0,pending,2025-11-23 14:15:21,0.0
TXN0002138,CUST000615,48.49,Digital Wallet,,0,success,2026-07-01 08:32:21,0.0
TXN0002139,CUST001317,1620.83,ACH,,0,success,2025-10-17 18:28:21,0.0
TXN0002140,CUST001586,3007.57,Bank Transfer,,0,success,2025-12-18 12:17:21,0.0
TXN0002141,CUST000990,838.61,Credit Card,,0,success,2025-10-01 23:12:21,0.0
TXN0002142,CUST000510,401.49,Credit Card,,1,pending,2025-09-14 14:56:21,0.0
TXN0002143,CUST000902,4148.18,Debit Card,,0,success,2026-05-26 17:28:21,0.0
TXN0002144,CUST001996,132.29,Digital Wallet,,0,success,2026-05-29 05:40:21,0.0
TXN0002145,CUST000624,272.24,Credit Card,Expired Card,0,failed,2026-03-05 11:45:21,0.0
TXN0002146,CUST000375,2567.79,Digital Wallet,Funding Source Declined,1,failed,2025-12-14 23:08:21,994.31
TXN0002147,CUST000967,11132.62,Wire Transfer,Amount Limit Exceeded,0,failed,2026-05-12 13:45:21,0.0
TXN0002148,CUST001894,117.86,Bank Transfer,Daily Limit Exceeded,0,failed,2026-06-08 12:46:21,13.34
TXN0002149,CUST000542,3916.83,ACH,,0,success,2025-09-27 12:38:21,0.0
TXN0002150,CUST001488,252.56,Bank Transfer,,0,success,2025-12-29 23:05:21,0.0
TXN0002151,CUST000260,30.11,Credit Card,,0,success,2026-03-19 18:09:21,0.0
TXN0002152,CUST000806,413.22,Bank Transfer,Daily Limit Exceeded,3,failed,2026-01-30 20:47:21,263.27
TXN0002153,CUST001997,1081.81,Bank Transfer,,0,pending,2025-09-02 02:15:21,0.0
TXN0002154,CUST000525,20279.48,Credit Card,Card Declined,1,failed,2026-03-16 18:38:21,6766.43
TXN0002155,CUST001143,682.79,Credit Card,Card Declined,0,failed,2025-12-13 17:34:21,0.0
TXN0002156,CUST000823,88.57,Debit Card,Insufficient Funds,3,failed,2025-12-25 08:51:21,37.45
TXN0002157,CUST001989,1335.47,ACH,,0,success,2026-02-09 09:30:21,0.0
TXN0002158,CUST000512,1071.55,Digital Wallet,,0,success,2025-10-21 14:04:21,0.0
TXN0002159,CUST000746,359.53,Digital Wallet,,0,success,2026-04-08 15:05:21,0.0
TXN0002160,CUST000583,1019.14,Bank Transfer,Account Closed,2,failed,2026-01-29 03:33:21,574.48
TXN0002161,CUST001994,271.8,Bank Transfer,,0,success,2025-11-14 06:00:21,0.0
TXN0002162,CUST000287,15473.88,Debit Card,,0,success,2026-03-31 10:27:21,0.0
TXN0002163,CUST001307,242.57,Credit Card,,1,success,2025-09-03 09:41:21,0.0
TXN0002164,CUST001748,929.74,Debit Card,,0,success,2026-05-11 03:08:21,0.0
TXN0002165,CUST000944,129.26,Credit Card,,0,success,2026-05-18 10:43:21,0.0
TXN0002166,CUST001600,814.85,Bank Transfer,Daily Limit Exceeded,2,failed,2025-12-22 06:35:21,343.59
TXN0002167,CUST001870,748.57,Credit Card,,0,pending,2025-11-11 19:26:21,0.0
TXN0002168,CUST001789,3232.08,Debit Card,,0,success,2025-12-19 22:52:21,0.0
TXN0002169,CUST000138,2522.89,Credit Card,,0,success,2025-11-12 05:53:21,0.0
TXN0002170,CUST001090,1143.44,Digital Wallet,,0,success,2026-07-14 13:29:21,0.0
TXN0002171,CUST001332,361.64,Bank Transfer,,0,success,2026-07-21 11:01:21,0.0
TXN0002172,CUST000954,263.68,Debit Card,,0,success,2026-06-11 12:07:21,0.0
TXN0002173,CUST000960,7496.59,ACH,,0,success,2025-09-07 08:36:21,0.0
TXN0002174,CUST001822,1158.24,Digital Wallet,,0,success,2026-08-24 12:35:21,0.0
TXN0002175,CUST000018,171.73,Credit Card,,0,pending,2026-01-22 04:12:21,0.0
TXN0002176,CUST001197,2752.85,Bank Transfer,,0,success,2026-03-13 14:59:21,0.0
TXN0002177,CUST000411,1076.33,Credit Card,,0,success,2025-11-06 20:31:21,0.0
TXN0002178,CUST001777,519.65,Credit Card,,0,success,2026-05-24 04:15:21,0.0
TXN0002179,CUST000207,2090.17,Bank Transfer,Account Closed,0,failed,2025-11-24 21:24:21,0.0
TXN0002180,CUST000646,9077.84,Wire Transfer,,0,success,2025-09-26 02:16:21,0.0
TXN0002181,CUST000869,24256.94,Wire Transfer,,0,success,2026-05-01 01:39:21,0.0
TXN0002182,CUST000282,4825.13,Credit Card,,0,success,2026-01-15 04:35:21,0.0
TXN0002183,CUST000053,295.22,Bank Transfer,,0,success,2026-05-13 20:25:21,0.0
TXN0002184,CUST000818,597.37,Debit Card,,0,success,2025-10-30 05:23:21,0.0
TXN0002185,CUST001038,380.16,Digital Wallet,,0,success,2026-06-27 02:40:21,0.0
TXN0002186,CUST000892,10641.6,Credit Card,,0,success,2026-02-25 09:08:21,0.0
TXN0002187,CUST000431,2132.33,Debit Card,,0,success,2026-02-24 17:12:21,0.0
TXN0002188,CUST001936,611.43,Bank Transfer,,1,success,2026-08-24 19:37:21,0.0
TXN0002189,CUST001970,216.9,Credit Card,,0,pending,2026-03-23 06:01:21,0.0
TXN0002190,CUST001336,5178.67,Wire Transfer,,4,pending,2025-09-03 05:47:21,0.0
TXN0002191,CUST000799,24.86,Debit Card,,0,success,2026-08-19 23:42:21,0.0
TXN0002192,CUST000663,402.36,Bank Transfer,,0,success,2026-05-29 14:28:21,0.0
TXN0002193,CUST001468,150.36,Bank Transfer,Daily Limit Exceeded,0,failed,2026-07-27 12:37:21,0.0
TXN0002194,CUST000534,2646.25,Credit Card,,0,success,2026-01-28 03:02:21,0.0
TXN0002195,CUST001027,410.36,Credit Card,,0,success,2025-09-20 03:05:21,0.0
TXN0002196,CUST000225,783.06,Bank Transfer,Routing Error,3,failed,2025-10-11 20:30:21,538.34
TXN0002197,CUST001274,411.1,ACH,,0,success,2026-03-12 07:32:21,0.0
TXN0002198,CUST001506,23.44,Credit Card,,0,success,2026-02-01 06:54:21,0.0
TXN0002199,CUST001226,290.14,Bank Transfer,,0,success,2026-06-03 03:22:21,0.0
TXN0002200,CUST000211,1888.99,Debit Card,Daily Limit Exceeded,0,failed,2026-07-01 16:59:21,287.77
TXN0002201,CUST001754,3330.43,ACH,,0,success,2026-01-15 03:34:21,0.0
TXN0002202,CUST001305,62.3,Credit Card,,0,success,2026-04-19 04:08:21,0.0
TXN0002203,CUST000749,483.6,Credit Card,,0,success,2026-07-09 16:57:21,0.0
TXN0002204,CUST001745,3898.79,Credit Card,Expired Card,0,failed,2026-06-16 00:46:21,0.0
TXN0002205,CUST001995,98.44,Digital Wallet,,0,success,2026-04-05 13:22:21,0.0
TXN0002206,CUST001603,1099.41,Credit Card,Card Declined,0,failed,2026-03-12 09:59:21,200.66
TXN0002207,CUST001065,3731.29,Credit Card,,0,success,2026-04-14 04:08:21,0.0
TXN0002208,CUST001355,1037.81,Credit Card,,0,success,2026-08-10 08:31:21,0.0
TXN0002209,CUST001295,4453.64,Credit Card,Card Declined,0,failed,2026-05-27 08:19:21,0.0
TXN0002210,CUST001711,1025.66,Bank Transfer,Insufficient Funds,0,failed,2025-12-24 16:34:21,258.56
TXN0002211,CUST001288,2039.8,Credit Card,,0,success,2026-02-01 18:15:21,0.0
TXN0002212,CUST000539,5420.19,Bank Transfer,,1,success,2026-06-28 09:11:21,0.0
TXN0002213,CUST001054,136.17,Digital Wallet,,3,success,2026-03-09 03:12:21,0.0
TXN0002214,CUST001786,1711.24,Debit Card,,0,success,2025-09-23 04:46:21,0.0
TXN0002215,CUST001564,1181.6,Credit Card,CVV Mismatch,4,failed,2025-10-04 07:54:21,913.41
TXN0002216,CUST000896,198.91,Bank Transfer,,2,success,2026-07-03 04:53:21,0.0
TXN0002217,CUST000259,10947.17,Credit Card,,0,success,2026-03-23 18:01:21,0.0
TXN0002218,CUST001925,4293.47,Digital Wallet,Funding Source Declined,2,failed,2025-12-10 02:19:21,1633.79
TXN0002219,CUST000455,333.03,Digital Wallet,,0,success,2026-05-18 08:41:21,0.0
TXN0002220,CUST001231,2069.05,Bank Transfer,,0,success,2025-11-29 16:25:21,0.0
TXN0002221,CUST000743,110.85,Credit Card,,0,success,2025-11-30 03:05:21,0.0
TXN0002222,CUST000125,1021.17,Digital Wallet,,0,success,2025-10-16 00:35:21,0.0
TXN0002223,CUST001467,632.14,Credit Card,CVV Mismatch,0,failed,2025-10-19 18:34:21,0.0
TXN0002224,CUST000054,60.82,Credit Card,,1,success,2026-02-03 23:04:21,0.0
TXN0002225,CUST001991,669.02,Credit Card,,0,success,2025-12-27 18:08:21,0.0
TXN0002226,CUST000952,12359.43,ACH,Routing Error,0,failed,2025-09-19 23:15:21,0.0
TXN0002227,CUST001256,104.09,Credit Card,Card Declined,0,failed,2026-06-18 03:58:21,0.0
TXN0002228,CUST001566,1832.19,Bank Transfer,,0,success,2026-04-25 19:38:21,0.0
TXN0002229,CUST000418,198.79,Bank Transfer,,2,success,2026-05-21 00:35:21,0.0
TXN0002230,CUST000464,3345.17,Debit Card,,0,success,2026-04-09 03:31:21,0.0
TXN0002231,CUST001487,157.88,Debit Card,,0,success,2025-09-18 04:15:21,0.0
TXN0002232,CUST001377,87.46,Bank Transfer,Insufficient Funds,0,failed,2026-06-28 16:09:21,0.0
TXN0002233,CUST001581,4012.44,ACH,,0,success,2025-09-23 18:09:21,0.0
TXN0002234,CUST001109,427.75,Credit Card,,0,success,2026-07-22 09:07:21,0.0
TXN0002235,CUST001945,617.82,Bank Transfer,,0,pending,2026-04-20 04:48:21,0.0
TXN0002236,CUST001199,3980.19,ACH,,0,success,2025-12-21 23:14:21,0.0
TXN0002237,CUST000182,165.36,Bank Transfer,,0,success,2025-10-25 21:13:21,0.0
TXN0002238,CUST001362,274.24,Credit Card,,0,success,2026-01-18 19:25:21,0.0
TXN0002239,CUST001772,5104.48,Credit Card,,0,success,2026-04-08 23:48:21,0.0
TXN0002240,CUST000860,391.01,Credit Card,Card Declined,1,failed,2026-08-22 04:43:21,101.03
TXN0002241,CUST000498,5013.88,Credit Card,,1,success,2026-05-06 14:01:21,0.0
TXN0002242,CUST000213,100.3,Debit Card,,0,success,2025-08-30 16:53:21,0.0
TXN0002243,CUST001159,3136.42,Bank Transfer,,0,pending,2025-12-05 11:04:21,0.0
TXN0002244,CUST001557,6006.56,Credit Card,,0,success,2025-10-03 04:52:21,0.0
TXN0002245,CUST001752,2861.0,Credit Card,,0,success,2025-09-17 09:31:21,0.0
TXN0002246,CUST001670,563.52,Bank Transfer,,0,success,2026-08-07 20:47:21,0.0
TXN0002247,CUST001746,3414.3,Digital Wallet,,0,success,2025-12-04 07:03:21,0.0
TXN0002248,CUST001287,20740.64,Wire Transfer,,0,success,2026-08-15 01:52:21,0.0
TXN0002249,CUST000256,1327.33,Wire Transfer,Sender Unverified,0,failed,2026-01-07 00:06:21,0.0
TXN0002250,CUST000705,2189.55,Digital Wallet,,0,success,2026-04-08 17:38:21,0.0
TXN0002251,CUST001672,804.84,Credit Card,,0,success,2025-10-06 23:39:21,0.0
TXN0002252,CUST000429,757.83,Debit Card,,0,success,2025-11-20 12:08:21,0.0
TXN0002253,CUST001543,50.22,Bank Transfer,,0,success,2026-05-31 16:34:21,0.0
TXN0002254,CUST000702,36.6,Credit Card,,0,success,2026-05-03 21:35:21,0.0
TXN0002255,CUST001873,811.01,Digital Wallet,,0,success,2025-10-04 20:08:21,0.0
TXN0002256,CUST001310,559.99,Digital Wallet,Device Not Verified,0,failed,2025-08-30 17:06:21,0.0
TXN0002257,CUST000897,1231.3,Credit Card,,0,success,2026-06-02 22:27:21,0.0
TXN0002258,CUST001863,470.31,Bank Transfer,,0,success,2025-09-03 11:53:21,0.0
TXN0002259,CUST001995,2463.25,Digital Wallet,,0,pending,2025-10-15 10:24:21,0.0
TXN0002260,CUST000736,156.14,Credit Card,,0,success,2025-09-22 19:34:21,0.0
TXN0002261,CUST000263,147.17,Debit Card,,0,success,2026-02-06 03:30:21,0.0
TXN0002262,CUST001731,1141.67,Digital Wallet,,0,success,2026-03-30 12:52:21,0.0
TXN0002263,CUST000664,133.58,Credit Card,,0,success,2026-08-08 00:53:21,0.0
TXN0002264,CUST000639,8765.34,Bank Transfer,Routing Error,0,failed,2026-05-08 00:32:21,1683.15
TXN0002265,CUST001292,2181.55,Credit Card,Address Mismatch,0,failed,2026-08-17 12:58:21,0.0
TXN0002266,CUST000849,282.6,Credit Card,,0,success,2026-05-21 19:17:21,0.0
TXN0002267,CUST001190,5873.33,Bank Transfer,,0,success,2026-02-10 09:12:21,0.0
TXN0002268,CUST000746,679.41,Credit Card,,0,success,2026-04-15 19:05:21,0.0
TXN0002269,CUST001896,2402.6,Wire Transfer,,0,success,2026-03-17 15:06:21,0.0
TXN0002270,CUST000199,424.63,Credit Card,,0,success,2025-09-03 00:38:21,0.0
TXN0002271,CUST000264,216.15,Digital Wallet,,0,success,2025-12-11 09:58:21,0.0
TXN0002272,CUST000215,477.09,Credit Card,,0,success,2026-03-02 09:44:21,0.0
TXN0002273,CUST001135,1197.09,Wire Transfer,,0,success,2026-05-05 18:11:21,0.0
TXN0002274,CUST000109,10206.87,Credit Card,,0,success,2026-01-15 16:51:21,0.0
TXN0002275,CUST001953,2490.72,Wire Transfer,Sender Unverified,0,failed,2026-07-29 20:58:21,0.0
TXN0002276,CUST000303,2315.6,Credit Card,,0,success,2026-04-08 14:12:21,0.0
TXN0002277,CUST001491,1974.94,Credit Card,Expired Card,0,failed,2026-01-19 09:40:21,0.0
TXN0002278,CUST000812,816.48,Digital Wallet,Device Not Verified,1,failed,2025-09-05 11:09:21,231.22
TXN0002279,CUST001168,209.7,Digital Wallet,,0,success,2026-02-01 03:39:21,0.0
TXN0002280,CUST001396,1511.65,Debit Card,,0,success,2025-10-20 06:43:21,0.0
TXN0002281,CUST001204,494.98,Bank Transfer,Account Closed,0,failed,2025-11-29 18:42:21,0.0
TXN0002282,CUST001630,266.09,Debit Card,Account Locked,1,failed,2026-05-29 03:27:21,79.52
TXN0002283,CUST001014,5230.05,Digital Wallet,,0,success,2026-03-12 06:22:21,0.0
TXN0002284,CUST001176,414.61,Bank Transfer,,0,success,2025-09-11 19:37:21,0.0
TXN0002285,CUST001427,13765.01,ACH,,1,success,2026-03-06 03:22:21,0.0
TXN0002286,CUST000364,72.56,Bank Transfer,,0,success,2025-12-16 06:17:21,0.0
TXN0002287,CUST001343,221.43,Debit Card,Daily Limit Exceeded,0,failed,2025-10-08 06:07:21,0.0
TXN0002288,CUST000193,243.54,Credit Card,,0,success,2026-08-17 13:25:21,0.0
TXN0002289,CUST000122,5784.39,Debit Card,Insufficient Funds,0,failed,2025-12-01 08:28:21,0.0
TXN0002290,CUST000628,308.41,Credit Card,Expired Card,0,failed,2025-11-12 20:34:21,0.0
TXN0002291,CUST000081,464.34,Debit Card,Card Declined,0,failed,2026-05-26 15:15:21,0.0
TXN0002292,CUST000199,673.94,Digital Wallet,,0,success,2026-06-09 13:05:21,0.0
TXN0002293,CUST001826,175.74,Debit Card,,0,success,2026-05-29 16:19:21,0.0
TXN0002294,CUST000912,2116.87,Digital Wallet,Account Suspended,0,failed,2026-06-27 22:29:21,0.0
TXN0002295,CUST000090,244.5,Bank Transfer,,0,success,2025-10-29 16:18:21,0.0
TXN0002296,CUST001020,221.53,Bank Transfer,Insufficient Funds,0,failed,2025-09-24 14:35:21,49.2
TXN0002297,CUST000918,65.54,Digital Wallet,,0,success,2026-07-25 22:13:21,0.0
TXN0002298,CUST000491,1423.25,ACH,,0,success,2025-12-20 01:38:21,0.0
TXN0002299,CUST000734,240.12,Bank Transfer,,0,success,2025-12-25 10:43:21,0.0
TXN0002300,CUST001211,10.0,Credit Card,,0,success,2025-09-22 12:08:21,0.0
TXN0002301,CUST001154,32.27,Bank Transfer,,0,success,2026-02-07 14:47:21,0.0
TXN0002302,CUST000552,10.0,Bank Transfer,Routing Error,3,failed,2025-10-11 19:03:21,4.59
TXN0002303,CUST000169,9162.4,Digital Wallet,,1,success,2025-12-20 05:08:21,0.0
TXN0002304,CUST001249,370.15,Bank Transfer,,0,pending,2025-12-16 22:39:21,0.0
TXN0002305,CUST000113,522.36,Debit Card,Insufficient Funds,0,failed,2026-03-23 13:41:21,0.0
TXN0002306,CUST001112,617.47,ACH,,0,success,2026-08-03 15:27:21,0.0
TXN0002307,CUST000125,712.19,Credit Card,,0,success,2026-02-28 15:25:21,0.0
TXN0002308,CUST001402,1694.45,Bank Transfer,,0,success,2025-12-03 02:56:21,0.0
TXN0002309,CUST001432,414.49,Debit Card,,0,pending,2026-01-06 02:31:21,0.0
TXN0002310,CUST000834,162.14,Credit Card,Insufficient Funds,1,failed,2026-05-14 13:48:21,58.77
TXN0002311,CUST000093,284.76,Digital Wallet,,0,success,2026-05-14 10:21:21,0.0
TXN0002312,CUST000010,328.0,Debit Card,,0,success,2025-09-24 22:17:21,0.0
TXN0002313,CUST001693,1284.77,ACH,,0,success,2026-02-04 07:19:21,0.0
TXN0002314,CUST001506,8087.12,Debit Card,,0,success,2026-04-17 18:45:21,0.0
TXN0002315,CUST001769,1769.51,Credit Card,,0,success,2026-03-23 01:32:21,0.0
TXN0002316,CUST001872,57.57,Credit Card,,0,success,2026-01-27 19:04:21,0.0
TXN0002317,CUST001818,8745.66,Wire Transfer,,0,success,2025-12-21 23:50:21,0.0
TXN0002318,CUST000029,136.64,Credit Card,Insufficient Funds,0,failed,2026-06-23 10:44:21,0.0
TXN0002319,CUST000880,3130.15,Digital Wallet,Device Not Verified,3,failed,2025-11-26 22:18:21,1494.13
TXN0002320,CUST000526,6945.51,Credit Card,,0,success,2025-09-06 20:10:21,0.0
TXN0002321,CUST000584,6042.37,Credit Card,Insufficient Funds,0,failed,2026-02-07 02:23:21,0.0
TXN0002322,CUST001020,232.93,Credit Card,,0,pending,2025-12-06 06:58:21,0.0
TXN0002323,CUST000229,250.05,Credit Card,,0,success,2026-05-26 05:40:21,0.0
TXN0002324,CUST000139,59.88,Credit Card,,0,pending,2025-10-16 21:00:21,0.0
TXN0002325,CUST000906,98.78,Credit Card,,0,success,2026-08-06 10:29:21,0.0
TXN0002326,CUST001996,102.42,Credit Card,Insufficient Funds,2,failed,2026-03-19 06:52:21,35.75
TXN0002327,CUST001314,1274.37,Credit Card,,0,success,2026-04-22 03:06:21,0.0
TXN0002328,CUST001847,310.18,Bank Transfer,,0,success,2026-06-10 22:56:21,0.0
TXN0002329,CUST001713,70.53,Credit Card,,1,success,2026-03-09 10:42:21,0.0
TXN0002330,CUST001785,2805.01,Debit Card,,0,success,2026-04-24 12:55:21,0.0
TXN0002331,CUST001949,365.89,Digital Wallet,Session Expired,3,failed,2025-09-12 06:02:21,216.13
TXN0002332,CUST000036,4293.98,Debit Card,,0,success,2026-06-02 08:29:21,0.0
TXN0002333,CUST000079,2787.51,Digital Wallet,Funding Source Declined,3,failed,2026-08-26 14:25:21,1711.57
TXN0002334,CUST001575,627.59,Credit Card,,0,success,2026-05-05 12:26:21,0.0
TXN0002335,CUST000152,3984.15,ACH,Account Closed,0,failed,2025-10-01 20:10:21,0.0
TXN0002336,CUST000793,1512.45,Credit Card,,0,success,2025-09-12 16:49:21,0.0
TXN0002337,CUST001687,332.0,Digital Wallet,,2,success,2026-06-10 17:54:21,0.0
TXN0002338,CUST000459,12370.81,Wire Transfer,Account Closed,0,failed,2026-02-10 23:32:21,0.0
TXN0002339,CUST000567,804.02,Credit Card,,0,success,2026-03-28 04:26:21,0.0
TXN0002340,CUST001456,113.7,Bank Transfer,,0,success,2026-02-04 03:35:21,0.0
TXN0002341,CUST000427,703.76,Bank Transfer,,0,success,2026-01-24 18:59:21,0.0
TXN0002342,CUST000910,1856.59,ACH,,4,success,2026-01-02 21:07:21,0.0
TXN0002343,CUST000817,31.52,Bank Transfer,Routing Error,1,failed,2025-08-29 01:52:21,11.68
TXN0002344,CUST000499,15812.0,Credit Card,,0,success,2025-11-20 19:05:21,0.0
TXN0002345,CUST000438,7251.8,Bank Transfer,,0,success,2025-11-23 12:00:21,0.0
TXN0002346,CUST001706,684.72,Debit Card,,0,success,2025-10-12 19:25:21,0.0
TXN0002347,CUST000896,138.49,Credit Card,,2,success,2026-06-08 11:04:21,0.0
TXN0002348,CUST000885,3918.28,ACH,,0,success,2025-09-07 02:04:21,0.0
TXN0002349,CUST000353,203.1,Bank Transfer,,0,success,2025-11-13 03:47:21,0.0
TXN0002350,CUST001602,699.95,Bank Transfer,,0,success,2026-06-11 19:08:21,0.0
TXN0002351,CUST001778,1448.53,Credit Card,,0,success,2025-12-21 21:49:21,0.0
TXN0002352,CUST001255,8910.33,Wire Transfer,,0,success,2025-10-11 06:45:21,0.0
TXN0002353,CUST001661,7379.85,Debit Card,Insufficient Funds,1,failed,2026-07-31 21:34:21,2196.87
TXN0002354,CUST001700,433.7,Debit Card,Insufficient Funds,1,failed,2026-05-10 22:35:21,138.3
TXN0002355,CUST001435,1927.7,ACH,,0,success,2026-01-11 17:07:21,0.0
TXN0002356,CUST000594,1624.76,ACH,,0,pending,2025-11-14 02:31:21,0.0
TXN0002357,CUST000335,298.23,Credit Card,,0,success,2025-10-15 19:18:21,0.0
TXN0002358,CUST001288,1035.31,Bank Transfer,,0,success,2026-04-06 09:34:21,0.0
TXN0002359,CUST002000,245.15,Debit Card,Card Declined,0,failed,2026-01-13 04:40:21,0.0
TXN0002360,CUST001391,1964.23,Credit Card,,0,success,2025-12-27 02:39:21,0.0
TXN0002361,CUST000018,984.14,Digital Wallet,,0,success,2025-11-01 14:17:21,0.0
TXN0002362,CUST000041,3086.53,Credit Card,,0,success,2025-11-10 20:32:21,0.0
TXN0002363,CUST000175,1401.39,Debit Card,,0,success,2026-07-24 03:20:21,0.0
TXN0002364,CUST001388,188.39,Digital Wallet,,0,success,2026-06-13 04:29:21,0.0
TXN0002365,CUST001370,5120.53,Credit Card,,0,success,2026-03-31 09:38:21,0.0
TXN0002366,CUST000171,2506.28,ACH,,0,success,2025-12-18 07:49:21,0.0
TXN0002367,CUST000856,717.35,Debit Card,,0,pending,2026-04-21 01:56:21,0.0
TXN0002368,CUST000502,1725.54,Debit Card,,0,success,2026-08-15 17:08:21,0.0
TXN0002369,CUST000107,10.0,Digital Wallet,,0,success,2025-09-03 23:12:21,0.0
TXN0002370,CUST000887,195.02,Debit Card,,0,pending,2025-09-25 17:46:21,0.0
TXN0002371,CUST001995,399.94,Digital Wallet,Account Suspended,0,failed,2026-08-18 23:04:21,0.0
TXN0002372,CUST000186,3828.31,Credit Card,,1,success,2026-08-09 09:45:21,0.0
TXN0002373,CUST000552,69.55,Debit Card,,3,pending,2025-12-08 19:02:21,0.0
TXN0002374,CUST000272,1246.35,Digital Wallet,,0,success,2026-04-16 15:16:21,0.0
TXN0002375,CUST000547,221.43,Debit Card,Insufficient Funds,0,failed,2025-09-19 05:37:21,0.0
TXN0002376,CUST000653,1790.95,ACH,,0,success,2026-08-17 03:37:21,0.0
TXN0002377,CUST000498,531.03,Credit Card,Card Declined,0,failed,2026-06-10 13:37:21,0.0
TXN0002378,CUST000480,99.88,Credit Card,,0,success,2026-08-23 09:28:21,0.0
TXN0002379,CUST000699,16719.48,Credit Card,,0,success,2025-10-16 06:19:21,0.0
TXN0002380,CUST001978,10406.93,Debit Card,,0,success,2026-01-04 11:33:21,0.0
TXN0002381,CUST001362,573.18,Debit Card,Insufficient Funds,0,failed,2025-09-02 04:16:21,97.77
TXN0002382,CUST001898,1170.01,Debit Card,Daily Limit Exceeded,0,failed,2026-07-13 08:01:21,0.0
TXN0002383,CUST000478,610.69,Digital Wallet,Account Suspended,2,failed,2025-10-11 16:16:21,186.85
TXN0002384,CUST000405,401.61,Credit Card,,0,success,2025-12-17 12:43:21,0.0
TXN0002385,CUST001570,1788.58,Bank Transfer,,0,success,2025-10-29 07:00:21,0.0
TXN0002386,CUST001558,199.15,Credit Card,CVV Mismatch,0,failed,2026-04-16 03:32:21,0.0
TXN0002387,CUST001993,398.47,Credit Card,Insufficient Funds,0,failed,2026-07-21 02:17:21,0.0
TXN0002388,CUST001549,5809.17,ACH,Routing Error,0,failed,2025-12-11 12:10:21,0.0
TXN0002389,CUST001525,187.07,Credit Card,,0,success,2026-04-26 16:28:21,0.0
TXN0002390,CUST001983,651.22,Credit Card,CVV Mismatch,4,failed,2026-07-28 05:57:21,510.42
TXN0002391,CUST001502,755.03,Debit Card,Insufficient Funds,0,failed,2026-01-20 05:45:21,0.0
TXN0002392,CUST001467,2201.71,Digital Wallet,,1,success,2025-09-17 06:08:21,0.0
TXN0002393,CUST001877,377.09,Bank Transfer,,0,success,2025-09-04 10:50:21,0.0
TXN0002394,CUST000135,827.14,Credit Card,,0,success,2026-03-17 18:06:21,0.0
TXN0002395,CUST000984,717.52,Credit Card,,0,pending,2025-12-20 21:54:21,0.0
TXN0002396,CUST000390,6214.89,Credit Card,,0,pending,2026-06-02 06:44:21,0.0
TXN0002397,CUST000953,190.17,Credit Card,,0,success,2026-03-14 19:59:21,0.0
TXN0002398,CUST000952,75.66,Digital Wallet,,0,success,2026-06-16 08:40:21,0.0
TXN0002399,CUST001945,493.87,Debit Card,Account Locked,1,failed,2026-03-18 19:33:21,197.73
TXN0002400,CUST000819,177.18,Digital Wallet,,0,success,2025-09-24 03:19:21,0.0
TXN0002401,CUST000377,196.66,Debit Card,Daily Limit Exceeded,0,failed,2026-04-11 22:16:21,0.0
TXN0002402,CUST001811,432.48,Digital Wallet,Session Expired,0,failed,2025-12-21 12:42:21,105.5
TXN0002403,CUST000892,22181.57,Debit Card,,0,success,2026-06-07 16:46:21,0.0
TXN0002404,CUST001623,1927.6,ACH,Routing Error,0,failed,2025-10-20 23:19:21,409.72
TXN0002405,CUST001395,256.02,Bank Transfer,,0,success,2026-01-26 17:28:21,0.0
TXN0002406,CUST001294,724.43,Credit Card,Card Declined,0,failed,2025-09-11 13:01:21,0.0
TXN0002407,CUST001227,2455.58,Credit Card,,0,success,2026-02-17 09:33:21,0.0
TXN0002408,CUST001872,2760.65,Credit Card,,0,success,2026-07-27 08:00:21,0.0
TXN0002409,CUST000505,325.81,Digital Wallet,,0,success,2026-04-30 21:48:21,0.0
TXN0002410,CUST001992,192.64,Credit Card,,2,success,2026-04-06 15:07:21,0.0
TXN0002411,CUST000679,593.59,Debit Card,,0,success,2026-06-23 21:38:21,0.0
TXN0002412,CUST001989,53.14,Debit Card,,0,success,2025-08-30 13:49:21,0.0
TXN0002413,CUST000087,5862.45,Wire Transfer,,0,success,2025-12-31 08:08:21,0.0
TXN0002414,CUST000196,303.93,Credit Card,,0,success,2026-06-13 13:08:21,0.0
TXN0002415,CUST000965,50000.0,Digital Wallet,,0,success,2026-04-14 06:00:21,0.0
TXN0002416,CUST000396,5116.23,Bank Transfer,,0,success,2026-04-08 10:19:21,0.0
TXN0002417,CUST001593,267.2,Credit Card,,0,success,2025-10-08 08:08:21,0.0
TXN0002418,CUST001272,145.22,Bank Transfer,Insufficient Funds,0,failed,2025-12-22 21:50:21,0.0
TXN0002419,CUST000410,239.35,Credit Card,,0,success,2025-10-02 01:29:21,0.0
TXN0002420,CUST000247,2840.51,Credit Card,,0,pending,2026-07-27 08:32:21,0.0
TXN0002421,CUST001687,2953.28,Credit Card,,2,pending,2026-02-16 18:44:21,0.0
TXN0002422,CUST000023,5223.23,Digital Wallet,Session Expired,3,failed,2025-09-28 11:40:21,3204.76
TXN0002423,CUST000755,330.19,Bank Transfer,,0,success,2026-06-13 17:48:21,0.0
TXN0002424,CUST000322,259.97,Digital Wallet,,1,success,2026-03-21 04:29:21,0.0
TXN0002425,CUST001006,899.22,Credit Card,Expired Card,0,failed,2026-04-05 02:51:21,0.0
TXN0002426,CUST000121,1599.24,ACH,Routing Error,0,failed,2026-02-21 04:08:21,0.0
TXN0002427,CUST000769,193.81,Bank Transfer,,0,success,2025-10-10 18:47:21,0.0
TXN0002428,CUST000365,106.81,Debit Card,,0,pending,2026-08-10 12:10:21,0.0
TXN0002429,CUST001550,134.78,Credit Card,,0,success,2026-07-30 08:43:21,0.0
TXN0002430,CUST001018,655.39,Debit Card,Insufficient Funds,2,failed,2025-12-04 02:43:21,276.56
TXN0002431,CUST000880,369.51,Digital Wallet,,3,success,2026-03-08 06:02:21,0.0
TXN0002432,CUST000143,144.51,Debit Card,,0,success,2025-12-02 18:47:21,0.0
TXN0002433,CUST001423,1748.96,Credit Card,Card Declined,0,failed,2026-05-13 18:18:21,0.0
TXN0002434,CUST000785,2676.78,Debit Card,Insufficient Funds,1,failed,2025-09-12 15:27:21,990.7
TXN0002435,CUST000065,4905.51,Credit Card,,2,success,2026-08-07 00:40:21,0.0
TXN0002436,CUST001314,379.54,ACH,,0,success,2026-06-18 16:08:21,0.0
TXN0002437,CUST001549,353.46,Bank Transfer,,0,success,2026-02-07 07:56:21,0.0
TXN0002438,CUST001009,121.93,Digital Wallet,Device Not Verified,1,failed,2026-08-08 01:51:21,35.69
TXN0002439,CUST001548,8067.5,Bank Transfer,,0,success,2026-08-24 20:44:21,0.0
TXN0002440,CUST001552,1051.39,Digital Wallet,,0,success,2026-06-04 20:15:21,0.0
TXN0002441,CUST001467,1301.26,Bank Transfer,,1,success,2025-10-13 23:11:21,0.0
TXN0002442,CUST001047,313.61,Digital Wallet,,0,success,2026-05-16 13:12:21,0.0
TXN0002443,CUST000670,95.98,Credit Card,,0,pending,2025-09-28 23:00:21,0.0
TXN0002444,CUST000322,536.52,Credit Card,,1,success,2026-05-16 03:21:21,0.0
TXN0002445,CUST001008,3445.49,Credit Card,,0,success,2026-05-15 01:40:21,0.0
TXN0002446,CUST001531,24.86,Bank Transfer,,0,success,2026-05-10 13:36:21,0.0
TXN0002447,CUST000950,333.74,Bank Transfer,Routing Error,0,failed,2026-04-21 01:56:21,0.0
TXN0002448,CUST000276,4202.31,ACH,,0,pending,2026-05-27 22:15:21,0.0
TXN0002449,CUST001475,1192.44,Credit Card,,0,success,2026-02-08 12:40:21,0.0
TXN0002450,CUST000270,665.85,Credit Card,,0,success,2025-10-26 22:38:21,0.0
TXN0002451,CUST001756,82.35,Credit Card,CVV Mismatch,0,failed,2026-08-28 07:49:21,0.0
TXN0002452,CUST000544,4559.96,Debit Card,,0,success,2026-08-27 23:00:21,0.0
TXN0002453,CUST001164,100.63,Bank Transfer,,0,success,2026-07-10 07:05:21,0.0
TXN0002454,CUST000594,2165.76,Debit Card,,0,success,2026-02-19 06:11:21,0.0
TXN0002455,CUST000046,1384.91,Digital Wallet,Account Suspended,1,failed,2026-04-15 17:29:21,573.99
TXN0002456,CUST001640,335.47,Digital Wallet,,3,success,2026-06-27 11:41:21,0.0
TXN0002457,CUST001624,1086.03,Digital Wallet,Device Not Verified,3,failed,2026-07-02 05:42:21,694.65
TXN0002458,CUST000547,82.77,Debit Card,,0,success,2026-04-11 00:27:21,0.0
TXN0002459,CUST000983,1260.0,Wire Transfer,,0,success,2026-05-10 06:03:21,0.0
TXN0002460,CUST000062,529.75,Debit Card,,0,success,2026-01-01 19:17:21,0.0
TXN0002461,CUST001182,12847.68,Wire Transfer,,0,success,2025-09-26 05:39:21,0.0
TXN0002462,CUST001454,1648.83,ACH,,0,pending,2025-12-26 01:37:21,0.0
TXN0002463,CUST001752,927.77,Debit Card,,0,success,2026-05-24 00:44:21,0.0
TXN0002464,CUST000004,358.68,Credit Card,Insufficient Funds,1,failed,2026-01-17 14:44:21,106.37
TXN0002465,CUST000475,289.76,Debit Card,,0,success,2026-08-03 23:05:21,0.0
TXN0002466,CUST001696,4736.6,Debit Card,,0,success,2025-12-29 15:18:21,0.0
TXN0002467,CUST001847,1285.11,Debit Card,,0,success,2025-11-18 15:19:21,0.0
TXN0002468,CUST001310,22.94,Digital Wallet,,0,success,2026-05-30 14:03:21,0.0
TXN0002469,CUST000712,14250.38,Debit Card,Insufficient Funds,0,failed,2025-12-17 10:54:21,0.0
TXN0002470,CUST001969,1028.0,Credit Card,,0,success,2026-06-18 21:29:21,0.0
TXN0002471,CUST000956,4293.43,ACH,,0,success,2025-09-14 02:32:21,0.0
TXN0002472,CUST000619,7736.44,Bank Transfer,,0,success,2025-10-12 03:50:21,0.0
TXN0002473,CUST001296,887.93,Credit Card,Expired Card,0,failed,2026-06-18 01:36:21,252.36
TXN0002474,CUST000168,24056.59,Debit Card,,0,success,2025-12-14 15:26:21,0.0
TXN0002475,CUST001179,178.36,Credit Card,,0,success,2025-09-22 02:41:21,0.0
TXN0002476,CUST001423,18.05,Credit Card,,0,success,2026-03-14 08:35:21,0.0
TXN0002477,CUST001124,1063.13,Credit Card,,0,success,2025-12-03 10:36:21,0.0
TXN0002478,CUST001182,9640.05,Debit Card,,0,success,2026-01-31 09:40:21,0.0
TXN0002479,CUST000463,230.36,Credit Card,,0,success,2025-09-07 01:43:21,0.0
TXN0002480,CUST000872,1454.26,Credit Card,,0,success,2025-12-18 03:30:21,0.0
TXN0002481,CUST001895,152.68,Debit Card,Card Declined,1,failed,2026-05-12 14:48:21,40.4
TXN0002482,CUST000059,191.44,Digital Wallet,Account Suspended,1,failed,2026-05-14 02:36:21,53.78
TXN0002483,CUST000147,7313.54,Credit Card,Card Declined,1,failed,2026-06-28 19:06:21,2304.67
TXN0002484,CUST000022,1998.84,Credit Card,,0,success,2026-03-27 22:04:21,0.0
TXN0002485,CUST000623,28.3,Bank Transfer,,0,success,2025-12-26 11:49:21,0.0
TXN0002486,CUST001391,18810.64,ACH,,0,success,2026-08-11 17:08:21,0.0
TXN0002487,CUST000524,609.8,Bank Transfer,,0,success,2026-02-12 14:39:21,0.0
TXN0002488,CUST001395,220.81,Credit Card,,0,success,2026-03-01 10:57:21,0.0
TXN0002489,CUST000779,20244.32,Debit Card,Insufficient Funds,0,failed,2026-07-14 17:12:21,0.0
TXN0002490,CUST000170,104.4,Debit Card,,0,success,2025-10-09 04:59:21,0.0
TXN0002491,CUST000691,104.15,Digital Wallet,,0,success,2026-08-10 22:09:21,0.0
TXN0002492,CUST001442,8555.57,ACH,,4,success,2026-05-09 13:02:21,0.0
TXN0002493,CUST001244,5069.52,ACH,,0,success,2025-09-17 07:29:21,0.0
TXN0002494,CUST000142,9378.0,Wire Transfer,,0,success,2025-09-05 14:04:21,0.0
TXN0002495,CUST001098,4992.71,ACH,,0,success,2026-08-03 23:51:21,0.0
TXN0002496,CUST001086,24138.01,Credit Card,,0,success,2026-01-08 22:34:21,0.0
TXN0002497,CUST001145,17635.03,Credit Card,,0,success,2026-01-22 04:45:21,0.0
TXN0002498,CUST001960,237.44,Bank Transfer,,0,pending,2025-12-23 01:28:21,0.0
TXN0002499,CUST001525,1406.2,Digital Wallet,,0,success,2026-05-29 20:26:21,0.0
TXN0002500,CUST000458,52.54,Credit Card,,0,success,2025-12-19 00:43:21,0.0
TXN0002501,CUST001436,2303.28,Debit Card,,3,success,2026-06-30 05:18:21,0.0
TXN0002502,CUST000463,17770.53,Wire Transfer,,0,success,2026-01-15 17:05:21,0.0
TXN0002503,CUST000881,29.61,Credit Card,,0,success,2025-09-06 20:48:21,0.0
TXN0002504,CUST000858,643.52,Debit Card,,3,success,2026-04-07 18:53:21,0.0
TXN0002505,CUST000138,5059.71,ACH,Routing Error,0,failed,2025-09-21 20:58:21,1219.72
TXN0002506,CUST001883,1126.36,Credit Card,,0,pending,2026-06-19 05:27:21,0.0
TXN0002507,CUST001687,723.01,ACH,Amount Limit Exceeded,1,failed,2025-11-21 20:53:21,172.63
TXN0002508,CUST001839,795.1,ACH,,0,success,2025-09-26 02:51:21,0.0
TXN0002509,CUST001147,2724.31,Credit Card,,0,pending,2026-03-28 03:41:21,0.0
TXN0002510,CUST000023,370.81,Debit Card,,3,success,2025-12-10 08:21:21,0.0
TXN0002511,CUST000545,38.36,Credit Card,CVV Mismatch,0,failed,2026-06-18 21:30:21,0.0
TXN0002512,CUST000772,102.02,Digital Wallet,,0,success,2026-05-23 10:58:21,0.0
TXN0002513,CUST000439,644.94,Debit Card,Insufficient Funds,0,failed,2025-10-07 11:54:21,0.0
TXN0002514,CUST000146,1026.36,Credit Card,Expired Card,0,failed,2026-07-24 16:56:21,0.0
TXN0002515,CUST000149,1659.53,Credit Card,Insufficient Funds,0,failed,2025-10-11 21:14:21,0.0
TXN0002516,CUST000833,515.24,ACH,,0,success,2026-03-16 20:27:21,0.0
TXN0002517,CUST001182,11426.58,ACH,,0,success,2025-10-22 00:41:21,0.0
TXN0002518,CUST000982,756.03,Bank Transfer,,0,success,2025-12-10 18:47:21,0.0
TXN0002519,CUST001302,49.39,Bank Transfer,,0,success,2026-04-02 16:39:21,0.0
TXN0002520,CUST001624,927.27,Credit Card,Insufficient Funds,0,failed,2026-07-15 09:31:21,0.0
TXN0002521,CUST001583,1391.13,Bank Transfer,,0,success,2026-02-07 23:59:21,0.0
TXN0002522,CUST001879,707.46,Debit Card,,0,success,2025-11-26 13:08:21,0.0
TXN0002523,CUST001752,4051.7,Credit Card,,0,success,2025-12-09 17:04:21,0.0
TXN0002524,CUST001720,6118.34,Wire Transfer,,0,success,2025-09-12 12:50:21,0.0
TXN0002525,CUST001176,1703.49,Debit Card,Insufficient Funds,1,failed,2025-09-07 17:07:21,621.68
TXN0002526,CUST001263,438.97,Debit Card,,0,success,2026-04-21 12:11:21,0.0
TXN0002527,CUST001792,98.05,Credit Card,,0,success,2026-03-20 21:30:21,0.0
TXN0002528,CUST001108,191.46,Bank Transfer,,0,pending,2026-03-25 01:36:21,0.0
TXN0002529,CUST001385,5466.34,ACH,,0,pending,2026-01-22 10:46:21,0.0
TXN0002530,CUST000772,270.22,Credit Card,,0,success,2026-06-17 10:10:21,0.0
TXN0002531,CUST001055,1918.3,Debit Card,,0,success,2025-11-17 22:15:21,0.0
TXN0002532,CUST001192,3968.4,Digital Wallet,,1,success,2026-06-28 08:42:21,0.0
TXN0002533,CUST001308,698.37,Bank Transfer,Insufficient Funds,0,failed,2025-09-30 17:05:21,0.0
TXN0002534,CUST000556,2226.96,Debit Card,,0,success,2025-11-10 17:54:21,0.0
TXN0002535,CUST000522,323.44,Credit Card,,0,success,2026-04-21 05:04:21,0.0
TXN0002536,CUST000806,30003.59,Bank Transfer,Routing Error,0,failed,2026-04-19 16:59:21,0.0
TXN0002537,CUST001128,626.51,Credit Card,,0,success,2026-04-08 15:52:21,0.0
TXN0002538,CUST000545,911.34,Wire Transfer,Sender Unverified,0,failed,2025-12-20 13:22:21,0.0
TXN0002539,CUST000793,8184.9,Debit Card,,0,pending,2026-06-18 03:21:21,0.0
TXN0002540,CUST001642,274.74,Bank Transfer,Account Closed,0,failed,2025-11-20 15:11:21,0.0
TXN0002541,CUST001217,408.4,Debit Card,,2,success,2025-09-10 19:15:21,0.0
TXN0002542,CUST000584,163.09,Credit Card,Card Declined,2,failed,2025-10-12 09:11:21,62.49
TXN0002543,CUST001086,616.65,Credit Card,Card Declined,0,failed,2025-11-08 23:29:21,0.0
TXN0002544,CUST001722,191.66,Credit Card,,0,pending,2026-08-16 14:51:21,0.0
TXN0002545,CUST000451,832.47,Digital Wallet,,0,success,2026-02-13 01:54:21,0.0
TXN0002546,CUST001955,2691.43,ACH,,0,success,2025-10-17 23:37:21,0.0
TXN0002547,CUST000196,1198.65,Bank Transfer,,0,pending,2026-02-01 01:13:21,0.0
TXN0002548,CUST000340,1313.41,Debit Card,,0,success,2026-04-07 05:28:21,0.0
TXN0002549,CUST000014,1365.48,Credit Card,,0,success,2025-10-24 20:00:21,0.0
TXN0002550,CUST000946,11786.73,Wire Transfer,,0,success,2026-01-30 10:00:21,0.0
TXN0002551,CUST001514,235.44,Credit Card,,0,success,2026-02-15 07:54:21,0.0
TXN0002552,CUST000421,247.51,Digital Wallet,,0,success,2025-12-02 22:08:21,0.0
TXN0002553,CUST001594,3136.37,Credit Card,,0,success,2026-01-13 13:15:21,0.0
TXN0002554,CUST001441,360.98,Bank Transfer,Daily Limit Exceeded,3,failed,2026-02-03 02:15:21,235.45
TXN0002555,CUST000830,5421.13,ACH,Routing Error,0,failed,2026-02-14 12:32:21,0.0
TXN0002556,CUST000050,752.45,ACH,,0,success,2025-11-13 00:47:21,0.0
TXN0002557,CUST000927,106.35,Debit Card,Daily Limit Exceeded,4,failed,2026-02-24 20:27:21,89.26
TXN0002558,CUST001484,1248.34,Credit Card,,0,success,2026-01-17 00:06:21,0.0
TXN0002559,CUST001769,795.91,Debit Card,,0,success,2026-04-16 17:18:21,0.0
TXN0002560,CUST001945,189.39,Debit Card,,1,success,2025-10-25 15:37:21,0.0
TXN0002561,CUST001209,36.73,Credit Card,,2,success,2026-02-23 06:40:21,0.0
TXN0002562,CUST000756,241.91,Debit Card,Card Declined,0,failed,2026-08-03 00:23:21,0.0
TXN0002563,CUST000523,2190.53,Credit Card,,0,success,2026-03-31 03:34:21,0.0
TXN0002564,CUST001784,2865.31,Debit Card,Insufficient Funds,2,failed,2025-12-05 06:14:21,1451.76
TXN0002565,CUST001272,1959.91,Wire Transfer,Account Closed,0,failed,2025-12-30 18:31:21,0.0
TXN0002566,CUST000606,122.47,Bank Transfer,,0,success,2026-05-19 12:43:21,0.0
TXN0002567,CUST001100,5181.99,Credit Card,,1,pending,2026-05-28 15:21:21,0.0
TXN0002568,CUST001134,148.63,Bank Transfer,,0,success,2026-05-29 03:54:21,0.0
TXN0002569,CUST000504,6841.08,Debit Card,,0,pending,2026-06-01 23:56:21,0.0
TXN0002570,CUST001026,33.36,Credit Card,Card Declined,3,failed,2026-08-03 17:19:21,18.37
TXN0002571,CUST000496,1326.21,Credit Card,,0,success,2025-11-07 23:59:21,0.0
TXN0002572,CUST001440,934.26,Credit Card,,0,success,2025-08-28 01:18:21,0.0
TXN0002573,CUST001546,2944.3,Debit Card,,0,success,2026-06-20 08:10:21,0.0
TXN0002574,CUST001637,2919.22,ACH,,0,success,2026-02-06 14:54:21,0.0
TXN0002575,CUST001821,974.22,Digital Wallet,,0,success,2025-12-04 20:38:21,0.0
TXN0002576,CUST001472,261.74,Debit Card,,0,success,2026-02-01 23:55:21,0.0
TXN0002577,CUST000342,472.46,Debit Card,,0,success,2025-12-16 03:37:21,0.0
TXN0002578,CUST001975,5757.39,Credit Card,,0,success,2026-02-20 23:21:21,0.0
TXN0002579,CUST000845,1278.57,Debit Card,,0,pending,2026-08-15 21:57:21,0.0
TXN0002580,CUST001493,1686.01,Credit Card,Card Declined,0,failed,2026-06-13 17:33:21,0.0
TXN0002581,CUST001554,832.29,Credit Card,,0,success,2025-09-29 23:03:21,0.0
TXN0002582,CUST001407,2113.55,Debit Card,,0,success,2026-01-15 23:57:21,0.0
TXN0002583,CUST001460,3788.63,Bank Transfer,,0,success,2026-01-03 04:02:21,0.0
TXN0002584,CUST000503,311.39,Debit Card,,0,success,2026-07-07 23:05:21,0.0
TXN0002585,CUST001291,781.14,Credit Card,,0,success,2025-09-27 19:24:21,0.0
TXN0002586,CUST000727,830.05,ACH,,0,success,2026-08-07 17:24:21,0.0
TXN0002587,CUST000397,1142.06,Credit Card,Card Declined,0,failed,2026-08-23 05:19:21,0.0
TXN0002588,CUST001151,1417.19,Credit Card,,0,pending,2026-08-15 16:15:21,0.0
TXN0002589,CUST000761,307.71,Digital Wallet,Device Not Verified,1,failed,2025-10-18 18:06:21,82.95
TXN0002590,CUST000584,110.12,Digital Wallet,,2,pending,2025-12-06 14:21:21,0.0
TXN0002591,CUST001554,361.77,Credit Card,,0,success,2025-12-08 06:46:21,0.0
TXN0002592,CUST001493,14.58,Debit Card,,0,success,2025-12-12 06:19:21,0.0
TXN0002593,CUST000774,1294.15,Digital Wallet,,0,success,2025-10-07 00:19:21,0.0
TXN0002594,CUST000322,327.04,Bank Transfer,Daily Limit Exceeded,1,failed,2026-05-08 07:26:21,134.46
TXN0002595,CUST001953,136.45,Bank Transfer,Daily Limit Exceeded,1,failed,2026-01-27 04:01:21,56.06
TXN0002596,CUST000523,452.41,Debit Card,,0,success,2026-05-13 08:24:21,0.0
TXN0002597,CUST001442,1834.85,Bank Transfer,Daily Limit Exceeded,0,failed,2026-05-07 17:30:21,264.7
TXN0002598,CUST001895,444.07,Bank Transfer,,4,success,2026-07-01 05:46:21,0.0
TXN0002599,CUST001842,7130.92,Credit Card,,0,success,2026-02-18 17:12:21,0.0
TXN0002600,CUST001123,418.01,Digital Wallet,,1,success,2026-03-11 11:46:21,0.0
TXN0002601,CUST000319,423.91,Debit Card,,0,success,2025-10-30 15:45:21,0.0
TXN0002602,CUST001423,1429.98,Debit Card,,0,success,2026-04-25 00:36:21,0.0
TXN0002603,CUST001086,3327.04,ACH,Routing Error,3,failed,2026-02-02 06:51:21,1272.21
TXN0002604,CUST001768,1793.02,Credit Card,,0,success,2025-11-17 00:34:21,0.0
TXN0002605,CUST001804,929.1,ACH,,0,success,2026-06-11 04:44:21,0.0
TXN0002606,CUST000744,296.53,Credit Card,,0,success,2025-11-10 22:09:21,0.0
TXN0002607,CUST001322,195.09,Debit Card,,0,success,2025-09-23 05:39:21,0.0
TXN0002608,CUST001822,121.42,Credit Card,Card Declined,0,failed,2026-01-19 04:02:21,0.0
TXN0002609,CUST000063,34.4,Bank Transfer,,0,success,2026-03-24 00:57:21,0.0
TXN0002610,CUST001008,216.24,Digital Wallet,,0,success,2026-02-06 14:15:21,0.0
TXN0002611,CUST001740,1135.62,ACH,,0,pending,2026-04-25 12:37:21,0.0
TXN0002612,CUST000418,3843.4,Digital Wallet,,2,success,2025-10-28 19:34:21,0.0
TXN0002613,CUST000954,385.99,Credit Card,CVV Mismatch,0,failed,2026-06-12 15:01:21,0.0
TXN0002614,CUST000190,180.7,Credit Card,,0,success,2025-09-04 12:19:21,0.0
TXN0002615,CUST000005,89.68,Credit Card,,0,success,2026-08-12 04:10:21,0.0
TXN0002616,CUST000752,1970.82,Bank Transfer,,0,success,2025-09-03 20:46:21,0.0
TXN0002617,CUST000083,109.99,Debit Card,,0,success,2026-07-08 06:51:21,0.0
TXN0002618,CUST001178,4909.46,ACH,,0,success,2026-05-22 02:31:21,0.0
TXN0002619,CUST001005,73.28,Credit Card,,0,success,2025-10-16 16:24:21,0.0
TXN0002620,CUST000583,100.07,Debit Card,Insufficient Funds,0,failed,2026-04-17 02:47:21,0.0
TXN0002621,CUST001055,1836.86,Digital Wallet,Funding Source Declined,0,failed,2026-08-11 19:34:21,0.0
TXN0002622,CUST000334,131.72,Digital Wallet,,0,success,2026-01-08 20:56:21,0.0
TXN0002623,CUST001339,2284.9,Bank Transfer,,0,success,2026-04-29 22:46:21,0.0
TXN0002624,CUST000493,4173.76,Debit Card,,0,success,2026-08-10 06:25:21,0.0
TXN0002625,CUST000242,1631.89,Digital Wallet,,0,success,2026-06-25 03:42:21,0.0
TXN0002626,CUST001769,50.03,Digital Wallet,,0,success,2025-11-05 00:43:21,0.0
TXN0002627,CUST000840,373.32,Debit Card,,0,success,2025-09-18 14:42:21,0.0
TXN0002628,CUST001920,40.37,Digital Wallet,,0,success,2025-09-27 07:05:21,0.0
TXN0002629,CUST000278,18282.49,ACH,,1,pending,2026-08-03 06:35:21,0.0
TXN0002630,CUST000517,4282.32,ACH,,0,success,2025-12-16 17:46:21,0.0
TXN0002631,CUST001606,2093.76,Credit Card,,0,success,2026-03-15 18:20:21,0.0
TXN0002632,CUST001527,152.83,Digital Wallet,,0,pending,2026-03-19 13:33:21,0.0
TXN0002633,CUST000016,1073.32,ACH,Routing Error,1,failed,2025-12-21 22:19:21,405.53
TXN0002634,CUST000276,515.57,Credit Card,,0,pending,2025-10-22 17:11:21,0.0
TXN0002635,CUST001477,442.03,Credit Card,Expired Card,0,failed,2026-02-24 10:07:21,131.35
TXN0002636,CUST000764,4232.66,Credit Card,,0,pending,2026-07-05 16:39:21,0.0
TXN0002637,CUST001027,69.06,Credit Card,CVV Mismatch,0,failed,2025-09-13 10:34:21,0.0
TXN0002638,CUST001035,477.8,Credit Card,,0,success,2025-11-30 13:49:21,0.0
TXN0002639,CUST000403,3382.25,Bank Transfer,,0,success,2026-08-07 17:42:21,0.0
TXN0002640,CUST000595,911.83,Debit Card,,0,success,2026-01-07 07:10:21,0.0
TXN0002641,CUST000835,2640.41,Wire Transfer,,0,success,2026-07-26 16:35:21,0.0
TXN0002642,CUST001903,6382.8,Wire Transfer,,3,success,2025-10-20 14:14:21,0.0
TXN0002643,CUST001710,1357.48,Debit Card,,0,success,2026-01-10 00:09:21,0.0
TXN0002644,CUST001746,48.41,Credit Card,Card Declined,0,failed,2025-11-05 00:03:21,6.57
TXN0002645,CUST001822,976.77,Debit Card,,0,pending,2026-05-06 18:13:21,0.0
TXN0002646,CUST000881,20577.91,Wire Transfer,Routing Error,0,failed,2026-04-09 14:36:21,0.0
TXN0002647,CUST001925,209.01,Credit Card,,2,success,2025-12-14 08:38:21,0.0
TXN0002648,CUST001614,315.15,Credit Card,,0,success,2026-08-01 16:51:21,0.0
TXN0002649,CUST000664,395.13,Credit Card,Card Declined,3,failed,2026-04-29 19:53:21,218.65
TXN0002650,CUST000363,2113.72,Bank Transfer,Daily Limit Exceeded,0,failed,2025-10-01 00:58:21,0.0
TXN0002651,CUST000179,2979.68,Debit Card,,1,success,2026-04-18 02:46:21,0.0
TXN0002652,CUST001328,172.91,Debit Card,,0,success,2026-01-22 01:42:21,0.0
TXN0002653,CUST001155,4063.16,Wire Transfer,,0,success,2026-04-02 22:54:21,0.0
TXN0002654,CUST001309,320.39,Debit Card,,0,success,2026-06-27 08:13:21,0.0
TXN0002655,CUST000456,3658.12,Debit Card,,0,success,2026-06-30 18:07:21,0.0
TXN0002656,CUST001336,979.94,ACH,,4,success,2026-06-26 16:46:21,0.0
TXN0002657,CUST001609,3670.04,ACH,Account Inactive,0,failed,2026-02-11 01:54:21,0.0
TXN0002658,CUST001486,1132.9,Bank Transfer,Account Closed,0,failed,2026-06-06 04:07:21,0.0
TXN0002659,CUST000799,191.78,Digital Wallet,Session Expired,0,failed,2026-02-09 19:22:21,0.0
TXN0002660,CUST001589,59.91,Debit Card,Insufficient Funds,4,failed,2025-10-05 16:39:21,49.04
TXN0002661,CUST001429,729.84,Credit Card,Card Declined,0,failed,2026-05-03 10:29:21,0.0
TXN0002662,CUST001013,165.45,Credit Card,,0,success,2026-03-16 12:05:21,0.0
TXN0002663,CUST000029,17.53,Credit Card,Insufficient Funds,2,failed,2025-11-08 21:27:21,6.53
TXN0002664,CUST001913,95.39,Debit Card,,0,pending,2026-03-07 18:41:21,0.0
TXN0002665,CUST001986,3320.76,Credit Card,Card Declined,0,failed,2026-06-21 04:50:21,0.0
TXN0002666,CUST001570,226.54,Digital Wallet,Funding Source Declined,0,failed,2025-11-17 14:42:21,0.0
TXN0002667,CUST000246,386.69,Debit Card,,0,success,2026-08-11 12:08:21,0.0
TXN0002668,CUST000211,1473.33,ACH,,0,success,2026-03-31 06:34:21,0.0
TXN0002669,CUST001575,2085.92,ACH,,0,success,2026-06-18 10:12:21,0.0
TXN0002670,CUST000314,10722.68,Debit Card,,0,pending,2026-01-30 05:55:21,0.0
TXN0002671,CUST001021,2619.58,Wire Transfer,,0,success,2026-08-17 08:10:21,0.0
TXN0002672,CUST001458,1492.53,Credit Card,Insufficient Funds,1,failed,2025-12-02 12:50:21,360.21
TXN0002673,CUST000743,2501.88,ACH,Routing Error,0,failed,2026-03-19 05:17:21,374.55
TXN0002674,CUST001193,1007.99,ACH,Routing Error,3,failed,2025-11-19 14:30:21,427.92
TXN0002675,CUST001663,5046.87,Credit Card,,0,success,2025-09-08 15:09:21,0.0
TXN0002676,CUST001348,68.8,Credit Card,Address Mismatch,0,failed,2026-08-07 22:30:21,7.27
TXN0002677,CUST000191,1711.09,ACH,,0,success,2026-04-12 09:25:21,0.0
TXN0002678,CUST000065,94.68,Debit Card,,2,success,2025-10-31 08:22:21,0.0
TXN0002679,CUST000088,3422.6,Bank Transfer,,0,success,2026-02-24 19:54:21,0.0
TXN0002680,CUST000756,72.62,Credit Card,,1,success,2025-11-14 01:23:21,0.0
TXN0002681,CUST000380,1301.07,ACH,,0,success,2025-11-09 09:33:21,0.0
TXN0002682,CUST001944,2971.26,ACH,,0,success,2025-08-31 04:18:21,0.0
TXN0002683,CUST001684,5296.03,Wire Transfer,,0,success,2026-02-01 07:45:21,0.0
TXN0002684,CUST000560,196.63,Credit Card,,0,success,2026-05-23 16:53:21,0.0
TXN0002685,CUST001497,1051.89,Debit Card,Account Locked,1,failed,2026-05-21 16:10:21,404.41
TXN0002686,CUST000829,101.42,Credit Card,,1,success,2026-01-29 14:10:21,0.0
TXN0002687,CUST001176,2599.87,Bank Transfer,,1,success,2026-06-25 10:02:21,0.0
TXN0002688,CUST000872,360.7,Debit Card,,0,success,2026-06-30 19:51:21,0.0
TXN0002689,CUST001998,1603.9,Credit Card,,0,success,2025-11-06 02:36:21,0.0
TXN0002690,CUST000246,241.86,Credit Card,,0,success,2026-04-23 03:43:21,0.0
TXN0002691,CUST000853,256.9,Digital Wallet,,1,success,2026-07-22 11:03:21,0.0
TXN0002692,CUST000308,138.5,Debit Card,,0,success,2026-07-01 14:28:21,0.0
TXN0002693,CUST001469,916.2,ACH,,0,success,2026-01-29 05:07:21,0.0
TXN0002694,CUST001196,367.12,Debit Card,Card Declined,0,failed,2026-06-25 21:08:21,0.0
TXN0002695,CUST000776,2043.47,ACH,,0,success,2025-09-14 00:00:21,0.0
TXN0002696,CUST001757,1779.06,Debit Card,Daily Limit Exceeded,2,failed,2025-09-21 11:13:21,723.99
TXN0002697,CUST001944,209.18,Credit Card,Card Declined,0,failed,2026-08-26 18:59:21,0.0
TXN0002698,CUST001457,46.48,Credit Card,,0,success,2025-12-02 23:15:21,0.0
TXN0002699,CUST001805,1866.65,Bank Transfer,,0,pending,2026-04-05 00:17:21,0.0
TXN0002700,CUST000029,1322.15,ACH,,2,success,2025-11-30 05:51:21,0.0
TXN0002701,CUST000621,1110.69,Debit Card,,0,success,2026-01-10 01:44:21,0.0
TXN0002702,CUST001720,607.86,Credit Card,,0,success,2026-02-10 00:18:21,0.0
TXN0002703,CUST000898,185.69,Credit Card,Expired Card,3,failed,2025-12-22 20:14:21,104.36
TXN0002704,CUST001130,295.45,Bank Transfer,,0,success,2026-06-15 05:11:21,0.0
TXN0002705,CUST001070,1074.86,Debit Card,Card Declined,0,failed,2025-12-06 22:41:21,0.0
TXN0002706,CUST000129,80.61,Credit Card,,0,success,2026-04-26 23:12:21,0.0
TXN0002707,CUST001552,4949.49,Debit Card,,0,success,2025-11-16 12:52:21,0.0
TXN0002708,CUST001086,3015.05,Bank Transfer,,3,success,2025-10-10 16:55:21,0.0
TXN0002709,CUST000914,527.65,Credit Card,Card Declined,0,failed,2025-11-17 18:52:21,0.0
TXN0002710,CUST000986,1031.83,ACH,,0,pending,2026-07-03 09:09:21,0.0
TXN0002711,CUST000871,3412.76,Debit Card,,0,success,2025-11-01 01:48:21,0.0
TXN0002712,CUST001725,216.56,Debit Card,,0,success,2025-11-11 14:06:21,0.0
TXN0002713,CUST000053,1033.09,Credit Card,,0,success,2026-04-24 22:26:21,0.0
TXN0002714,CUST000731,966.93,Bank Transfer,Insufficient Funds,0,failed,2026-01-19 15:27:21,0.0
TXN0002715,CUST000212,6458.6,Credit Card,Card Declined,0,failed,2026-08-06 01:59:21,0.0
TXN0002716,CUST001513,3575.05,ACH,Account Closed,0,failed,2026-05-06 09:15:21,466.1
TXN0002717,CUST001928,515.54,Credit Card,Expired Card,0,failed,2025-10-31 19:21:21,0.0
TXN0002718,CUST001317,7747.38,Digital Wallet,,0,success,2026-01-10 02:23:21,0.0
TXN0002719,CUST000485,12578.65,Debit Card,Daily Limit Exceeded,4,failed,2025-10-25 14:41:21,10289.57
TXN0002720,CUST001559,1307.56,Debit Card,Insufficient Funds,4,failed,2026-04-08 15:18:21,985.63
TXN0002721,CUST001426,228.79,Bank Transfer,,0,success,2025-12-21 01:38:21,0.0
TXN0002722,CUST000678,373.65,Digital Wallet,,0,success,2026-05-02 14:11:21,0.0
TXN0002723,CUST000090,376.85,Debit Card,,0,success,2026-01-08 14:44:21,0.0
TXN0002724,CUST001155,15123.28,Credit Card,,0,success,2025-11-09 07:46:21,0.0
TXN0002725,CUST001298,548.5,Bank Transfer,,0,success,2026-04-30 09:26:21,0.0
TXN0002726,CUST000402,250.26,Debit Card,Card Declined,2,failed,2026-07-27 11:00:21,146.12
TXN0002727,CUST000199,852.44,Digital Wallet,Funding Source Declined,0,failed,2026-03-27 11:01:21,0.0
TXN0002728,CUST000130,612.77,ACH,,0,success,2026-06-07 17:04:21,0.0
TXN0002729,CUST001554,322.01,Digital Wallet,Funding Source Declined,0,failed,2026-01-25 05:23:21,70.44
TXN0002730,CUST000434,2351.18,Debit Card,,0,success,2026-01-18 00:44:21,0.0
TXN0002731,CUST000546,473.12,Debit Card,,0,success,2025-09-15 15:31:21,0.0
TXN0002732,CUST001842,2118.03,ACH,,0,success,2025-11-01 21:32:21,0.0
TXN0002733,CUST001698,1730.92,Bank Transfer,,1,success,2025-11-28 10:52:21,0.0
TXN0002734,CUST000976,980.59,Credit Card,,0,success,2025-10-19 18:11:21,0.0
TXN0002735,CUST001242,1417.82,Bank Transfer,Account Closed,0,failed,2026-03-29 19:39:21,0.0
TXN0002736,CUST001900,1702.42,Debit Card,,0,success,2025-09-07 03:31:21,0.0
TXN0002737,CUST000892,244.15,Debit Card,,0,success,2026-07-01 14:58:21,0.0
TXN0002738,CUST001331,206.04,Digital Wallet,,0,success,2026-06-20 06:55:21,0.0
TXN0002739,CUST000125,684.58,Credit Card,,0,success,2026-04-27 06:56:21,0.0
TXN0002740,CUST001114,608.12,ACH,Account Inactive,0,failed,2025-11-26 06:12:21,0.0
TXN0002741,CUST000256,4619.73,Credit Card,Expired Card,2,failed,2026-01-21 16:34:21,2572.06
TXN0002742,CUST000287,2000.18,Wire Transfer,,0,success,2026-05-07 09:48:21,0.0
TXN0002743,CUST000099,522.89,Digital Wallet,,0,success,2026-07-22 18:42:21,0.0
TXN0002744,CUST000165,28320.77,Credit Card,,2,success,2026-03-16 18:18:21,0.0
TXN0002745,CUST001736,1384.69,Wire Transfer,Routing Error,0,failed,2025-09-21 10:27:21,202.88
TXN0002746,CUST001481,391.3,Bank Transfer,,0,success,2025-10-05 14:23:21,0.0
TXN0002747,CUST001124,8381.51,Credit Card,,0,success,2026-07-08 17:38:21,0.0
TXN0002748,CUST001327,8142.76,Debit Card,,0,success,2025-10-09 08:50:21,0.0
TXN0002749,CUST000098,384.57,Digital Wallet,,0,success,2026-03-20 19:45:21,0.0
TXN0002750,CUST001687,54.23,Debit Card,,2,success,2026-04-01 00:18:21,0.0
TXN0002751,CUST000099,318.0,Bank Transfer,,0,success,2025-11-05 14:58:21,0.0
TXN0002752,CUST001586,4876.02,Bank Transfer,,0,success,2026-07-20 04:17:21,0.0
TXN0002753,CUST000592,513.4,Credit Card,,0,success,2026-08-06 22:04:21,0.0
TXN0002754,CUST001039,1733.7,Digital Wallet,Account Suspended,0,failed,2026-04-17 01:04:21,0.0
TXN0002755,CUST000700,3236.24,Credit Card,Expired Card,0,failed,2026-04-09 16:19:21,638.39
TXN0002756,CUST001154,2354.25,ACH,Account Closed,1,failed,2026-04-12 16:14:21,803.5
TXN0002757,CUST000757,911.3,Debit Card,,0,success,2026-06-01 14:04:21,0.0
TXN0002758,CUST001132,447.82,Credit Card,,1,success,2025-10-11 17:25:21,0.0
TXN0002759,CUST000493,18362.71,ACH,,0,success,2025-10-17 14:59:21,0.0
TXN0002760,CUST001611,939.93,Digital Wallet,,0,success,2025-10-12 11:34:21,0.0
TXN0002761,CUST000379,349.67,Credit Card,Expired Card,0,failed,2026-06-26 20:12:21,0.0
TXN0002762,CUST000255,764.63,Credit Card,,0,success,2025-11-30 09:28:21,0.0
TXN0002763,CUST000938,152.95,Credit Card,,0,success,2025-10-03 02:53:21,0.0
TXN0002764,CUST001021,35.3,Bank Transfer,,0,success,2026-04-22 16:16:21,0.0
TXN0002765,CUST001565,88.03,Credit Card,,0,success,2026-02-05 00:13:21,0.0
TXN0002766,CUST001260,680.97,Bank Transfer,Daily Limit Exceeded,1,failed,2026-03-29 09:18:21,282.61
TXN0002767,CUST001322,188.8,Bank Transfer,,0,success,2026-03-23 19:09:21,0.0
TXN0002768,CUST000896,4127.61,Digital Wallet,,2,success,2026-06-22 20:42:21,0.0
TXN0002769,CUST001083,17725.3,Debit Card,Insufficient Funds,0,failed,2026-04-22 05:59:21,0.0
TXN0002770,CUST001684,468.46,Bank Transfer,,0,pending,2025-10-08 20:18:21,0.0
TXN0002771,CUST001537,290.1,Bank Transfer,,0,pending,2026-08-07 03:03:21,0.0
TXN0002772,CUST001477,454.44,Credit Card,,0,success,2026-03-06 14:45:21,0.0
TXN0002773,CUST001310,1148.41,ACH,,0,success,2026-08-16 11:23:21,0.0
TXN0002774,CUST000631,1180.84,Debit Card,,0,pending,2026-04-01 15:52:21,0.0
TXN0002775,CUST001087,1229.25,Bank Transfer,,0,success,2026-05-04 09:22:21,0.0
TXN0002776,CUST001139,439.22,Credit Card,,0,success,2026-04-08 21:42:21,0.0
TXN0002777,CUST000954,788.47,Credit Card,,0,success,2025-09-06 06:45:21,0.0
TXN0002778,CUST000077,1324.1,Credit Card,,0,success,2026-04-01 01:15:21,0.0
TXN0002779,CUST000428,482.6,Credit Card,,0,success,2026-05-20 16:12:21,0.0
TXN0002780,CUST001810,2851.14,Digital Wallet,,0,success,2026-05-07 03:37:21,0.0
TXN0002781,CUST001440,684.75,ACH,,0,success,2026-01-07 15:59:21,0.0
TXN0002782,CUST001613,376.96,Debit Card,Account Locked,2,failed,2026-05-19 00:51:21,195.95
TXN0002783,CUST001440,1788.79,Credit Card,CVV Mismatch,0,failed,2026-02-01 12:08:21,0.0
TXN0002784,CUST000081,9412.25,Debit Card,,0,success,2026-08-10 09:24:21,0.0
TXN0002785,CUST001881,1464.12,ACH,,3,success,2025-12-12 16:40:21,0.0
TXN0002786,CUST000798,14.44,Credit Card,Card Declined,0,failed,2026-01-31 14:42:21,0.0
TXN0002787,CUST001827,585.64,Credit Card,Expired Card,0,failed,2026-05-14 07:37:21,0.0
TXN0002788,CUST001008,863.25,Bank Transfer,,0,success,2026-01-28 04:53:21,0.0
TXN0002789,CUST000950,8724.25,Credit Card,,0,success,2026-08-22 00:44:21,0.0
TXN0002790,CUST000968,2213.82,ACH,,0,success,2026-04-04 13:21:21,0.0
TXN0002791,CUST001860,197.09,Bank Transfer,Routing Error,3,failed,2025-10-19 21:20:21,128.82
TXN0002792,CUST000157,1153.11,Credit Card,,0,pending,2026-07-23 04:33:21,0.0
TXN0002793,CUST001581,904.16,Digital Wallet,,0,success,2026-07-03 15:10:21,0.0
TXN0002794,CUST000460,563.11,Digital Wallet,,0,success,2026-03-06 07:51:21,0.0
TXN0002795,CUST001019,426.4,Digital Wallet,,1,pending,2026-06-09 01:50:21,0.0
TXN0002796,CUST000303,74.22,Bank Transfer,Daily Limit Exceeded,2,failed,2026-03-08 19:24:21,38.5
TXN0002797,CUST001497,2163.77,Credit Card,,1,success,2026-03-31 03:55:21,0.0
TXN0002798,CUST001927,287.34,Debit Card,,0,success,2025-10-10 07:39:21,0.0
TXN0002799,CUST000487,2081.32,Debit Card,,0,success,2026-01-17 09:26:21,0.0
TXN0002800,CUST000197,48.7,Digital Wallet,Funding Source Declined,1,failed,2026-08-19 07:16:21,14.35
TXN0002801,CUST000114,3321.91,Bank Transfer,,3,success,2026-05-15 21:04:21,0.0
TXN0002802,CUST001245,3036.12,Credit Card,CVV Mismatch,0,failed,2026-08-14 20:19:21,0.0
TXN0002803,CUST000149,178.79,Debit Card,,0,pending,2026-05-12 05:17:21,0.0
TXN0002804,CUST000521,198.6,Debit Card,,0,pending,2026-01-19 15:53:21,0.0
TXN0002805,CUST000499,9686.3,ACH,Account Closed,0,failed,2025-11-13 11:31:21,0.0
TXN0002806,CUST001027,242.92,Credit Card,,0,success,2026-04-14 22:41:21,0.0
TXN0002807,CUST000238,672.53,Debit Card,Insufficient Funds,0,failed,2026-08-25 16:00:21,0.0
TXN0002808,CUST000702,72.4,Debit Card,,0,success,2025-12-26 10:30:21,0.0
TXN0002809,CUST001831,223.41,Digital Wallet,,0,success,2026-05-12 00:47:21,0.0
TXN0002810,CUST001483,5041.79,ACH,Account Inactive,0,failed,2026-01-08 09:44:21,0.0
TXN0002811,CUST000313,704.68,Bank Transfer,,0,success,2025-11-11 13:43:21,0.0
TXN0002812,CUST000549,18.5,Bank Transfer,Routing Error,0,failed,2025-08-27 18:12:21,0.0
TXN0002813,CUST000340,4564.49,Bank Transfer,,0,pending,2025-10-25 09:52:21,0.0
TXN0002814,CUST001282,10.0,Credit Card,,0,success,2026-02-16 11:10:21,0.0
TXN0002815,CUST001315,130.8,Digital Wallet,,0,success,2025-10-24 08:42:21,0.0
TXN0002816,CUST001559,799.59,Digital Wallet,,4,success,2026-01-07 05:32:21,0.0
TXN0002817,CUST000298,2102.86,ACH,,0,success,2026-02-21 14:04:21,0.0
TXN0002818,CUST001165,1426.51,Credit Card,,0,success,2026-03-11 14:22:21,0.0
TXN0002819,CUST001916,280.09,Debit Card,,0,success,2025-11-09 12:38:21,0.0
TXN0002820,CUST000399,219.88,Debit Card,,0,success,2026-07-04 02:35:21,0.0
TXN0002821,CUST001679,484.64,Debit Card,,0,pending,2026-06-16 19:03:21,0.0
TXN0002822,CUST001968,5628.68,Credit Card,,0,pending,2025-09-04 07:53:21,0.0
TXN0002823,CUST000816,113.08,Credit Card,,0,success,2026-01-27 07:47:21,0.0
TXN0002824,CUST001535,696.32,Bank Transfer,,0,success,2026-05-03 15:50:21,0.0
TXN0002825,CUST001736,1020.55,Bank Transfer,,0,success,2026-02-23 12:13:21,0.0
TXN0002826,CUST001066,2807.34,ACH,,0,success,2026-08-19 22:36:21,0.0
TXN0002827,CUST001848,1417.33,ACH,,0,success,2025-09-23 05:19:21,0.0
TXN0002828,CUST001160,378.1,Credit Card,,0,success,2026-03-07 07:53:21,0.0
TXN0002829,CUST001606,2075.0,ACH,Routing Error,0,failed,2026-06-13 18:46:21,494.68
TXN0002830,CUST001310,640.33,Debit Card,,0,success,2026-02-15 21:02:21,0.0
TXN0002831,CUST001892,32.17,Credit Card,,0,success,2026-08-20 14:58:21,0.0
TXN0002832,CUST000202,1515.13,Debit Card,,0,success,2026-06-15 01:37:21,0.0
TXN0002833,CUST001171,1165.33,Bank Transfer,,0,success,2026-06-27 23:35:21,0.0
TXN0002834,CUST001676,2385.98,Debit Card,,0,success,2026-06-13 00:51:21,0.0
TXN0002835,CUST000637,44.48,Digital Wallet,,0,success,2026-04-10 11:31:21,0.0
TXN0002836,CUST000907,993.12,Credit Card,,0,success,2026-06-04 16:40:21,0.0
TXN0002837,CUST000867,544.43,Bank Transfer,,1,success,2025-12-07 18:50:21,0.0
TXN0002838,CUST001813,825.11,Digital Wallet,,0,success,2026-06-29 19:56:21,0.0
TXN0002839,CUST000360,1963.17,ACH,,1,success,2025-10-18 21:36:21,0.0
TXN0002840,CUST001750,3584.16,ACH,,0,success,2026-02-16 16:25:21,0.0
TXN0002841,CUST000572,259.52,Credit Card,Card Declined,0,failed,2026-07-21 09:08:21,0.0
TXN0002842,CUST000331,742.18,Digital Wallet,,0,success,2025-10-09 16:16:21,0.0
TXN0002843,CUST001945,210.48,Debit Card,,1,success,2026-01-29 12:19:21,0.0
TXN0002844,CUST000766,268.87,Bank Transfer,,0,pending,2026-04-07 00:27:21,0.0
TXN0002845,CUST000903,339.7,Credit Card,,0,success,2026-04-05 20:18:21,0.0
TXN0002846,CUST000976,107.53,Debit Card,,0,success,2026-02-02 18:46:21,0.0
TXN0002847,CUST001172,815.49,Debit Card,,0,pending,2025-11-17 05:41:21,0.0
TXN0002848,CUST001485,614.77,Bank Transfer,,0,success,2026-02-13 07:18:21,0.0
TXN0002849,CUST001910,3084.86,Credit Card,,0,success,2026-04-16 08:03:21,0.0
TXN0002850,CUST001382,499.86,Credit Card,,0,success,2026-07-25 02:16:21,0.0
TXN0002851,CUST001213,1586.08,Credit Card,Expired Card,0,failed,2026-03-20 20:43:21,0.0
TXN0002852,CUST000415,5530.54,Credit Card,,0,success,2026-07-03 17:54:21,0.0
TXN0002853,CUST000951,685.83,Bank Transfer,Routing Error,0,failed,2026-07-18 13:18:21,0.0
TXN0002854,CUST001497,73.81,Debit Card,Insufficient Funds,3,failed,2025-12-08 11:08:21,31.04
TXN0002855,CUST001631,373.97,Digital Wallet,,0,success,2026-03-04 20:21:21,0.0
TXN0002856,CUST000432,900.92,Credit Card,Expired Card,0,failed,2026-03-29 23:12:21,0.0
TXN0002857,CUST001487,22.1,Credit Card,,0,success,2025-11-04 22:25:21,0.0
TXN0002858,CUST000020,485.91,Bank Transfer,,0,pending,2026-08-06 05:01:21,0.0
TXN0002859,CUST000162,55.45,Credit Card,,0,pending,2026-05-15 11:12:21,0.0
TXN0002860,CUST000816,1462.18,ACH,,0,success,2026-07-04 03:31:21,0.0
TXN0002861,CUST001620,2835.05,Credit Card,,0,success,2025-12-09 02:30:21,0.0
TXN0002862,CUST001366,241.17,Credit Card,,0,success,2025-10-05 05:32:21,0.0
TXN0002863,CUST001681,499.73,Wire Transfer,,0,success,2026-07-06 12:16:21,0.0
TXN0002864,CUST000417,978.77,Debit Card,Insufficient Funds,0,failed,2025-12-19 08:45:21,0.0
TXN0002865,CUST000479,5589.52,Wire Transfer,,0,success,2026-05-01 15:13:21,0.0
TXN0002866,CUST001737,412.29,Debit Card,,0,success,2026-03-17 19:27:21,0.0
TXN0002867,CUST001173,2996.13,ACH,,0,success,2026-08-16 16:38:21,0.0
TXN0002868,CUST001116,58.26,Debit Card,,0,success,2026-01-20 19:45:21,0.0
TXN0002869,CUST000244,1893.88,Digital Wallet,,0,success,2026-02-02 17:13:21,0.0
TXN0002870,CUST001062,189.78,Credit Card,Expired Card,0,failed,2026-02-23 08:04:21,0.0
TXN0002871,CUST000173,25.11,Credit Card,Card Declined,0,failed,2026-03-02 21:45:21,0.0
TXN0002872,CUST000665,1002.54,Credit Card,,0,success,2025-09-24 21:28:21,0.0
TXN0002873,CUST001105,1841.09,Bank Transfer,,0,success,2025-09-11 00:03:21,0.0
TXN0002874,CUST001501,718.44,Debit Card,,0,success,2026-05-31 05:52:21,0.0
TXN0002875,CUST001996,45432.31,Bank Transfer,,2,success,2026-01-06 13:26:21,0.0
TXN0002876,CUST001095,18.43,Credit Card,Expired Card,1,failed,2025-10-20 15:10:21,6.77
TXN0002877,CUST001778,514.13,Digital Wallet,Funding Source Declined,0,failed,2026-08-08 21:37:21,79.96
TXN0002878,CUST000463,1293.18,Debit Card,,0,success,2026-05-02 10:35:21,0.0
TXN0002879,CUST001997,1429.65,Debit Card,,0,success,2025-09-07 23:56:21,0.0
TXN0002880,CUST001328,2254.68,Wire Transfer,Amount Limit Exceeded,0,failed,2025-10-19 15:53:21,0.0
TXN0002881,CUST001326,3278.8,ACH,Routing Error,2,failed,2025-11-21 15:59:21,1809.79
TXN0002882,CUST001539,465.28,Debit Card,,0,success,2025-09-06 12:00:21,0.0
TXN0002883,CUST000107,600.9,Debit Card,,0,pending,2025-11-22 20:00:21,0.0
TXN0002884,CUST000402,3974.31,Debit Card,,2,success,2025-09-26 03:27:21,0.0
TXN0002885,CUST000926,95.91,Debit Card,,0,success,2025-10-18 05:42:21,0.0
TXN0002886,CUST001994,3389.95,ACH,,0,success,2025-10-19 14:57:21,0.0
TXN0002887,CUST000308,206.13,Bank Transfer,,0,success,2025-11-06 18:56:21,0.0
TXN0002888,CUST001732,982.23,Bank Transfer,Routing Error,0,failed,2025-11-06 01:57:21,0.0
TXN0002889,CUST000079,17.24,Credit Card,,3,success,2025-11-28 21:45:21,0.0
TXN0002890,CUST000817,1856.12,Bank Transfer,,1,success,2025-09-12 11:38:21,0.0
TXN0002891,CUST000087,102.03,Credit Card,,0,success,2026-08-12 10:31:21,0.0
TXN0002892,CUST001548,3574.98,Wire Transfer,,0,success,2026-02-13 08:49:21,0.0
TXN0002893,CUST000936,124.93,Bank Transfer,Account Closed,0,failed,2025-11-24 02:39:21,0.0
TXN0002894,CUST001746,20666.99,Wire Transfer,,0,success,2026-04-22 02:29:21,0.0
TXN0002895,CUST000944,10849.63,Credit Card,,0,success,2026-05-20 04:06:21,0.0
TXN0002896,CUST001253,160.87,Credit Card,,0,success,2025-10-08 03:45:21,0.0
TXN0002897,CUST001180,47.15,Digital Wallet,,0,success,2026-05-07 01:54:21,0.0
TXN0002898,CUST001892,1029.17,Credit Card,,0,success,2026-07-06 22:03:21,0.0
TXN0002899,CUST001336,1064.71,Credit Card,,4,success,2026-03-14 02:54:21,0.0
TXN0002900,CUST001480,1806.33,Credit Card,,0,success,2025-12-24 02:30:21,0.0
TXN0002901,CUST000797,1824.28,Credit Card,Expired Card,0,failed,2026-02-02 14:14:21,493.31
TXN0002902,CUST000456,9471.65,Debit Card,,0,pending,2025-10-20 11:05:21,0.0
TXN0002903,CUST000872,1138.56,Credit Card,Expired Card,0,failed,2026-02-19 21:27:21,0.0
TXN0002904,CUST001003,110.52,Debit Card,,0,success,2025-11-14 22:27:21,0.0
TXN0002905,CUST001549,608.47,Credit Card,,0,success,2025-09-13 22:36:21,0.0
TXN0002906,CUST001482,4739.59,Debit Card,Insufficient Funds,0,failed,2026-06-27 10:31:21,0.0
TXN0002907,CUST001182,174.94,Credit Card,Insufficient Funds,0,failed,2025-12-24 12:58:21,0.0
TXN0002908,CUST001590,1705.16,Debit Card,,0,success,2025-09-01 21:51:21,0.0
TXN0002909,CUST000284,23.68,Debit Card,Insufficient Funds,0,failed,2026-02-07 23:23:21,0.0
TXN0002910,CUST000930,305.79,Credit Card,,0,success,2026-05-17 05:15:21,0.0
TXN0002911,CUST000750,103.75,Bank Transfer,Daily Limit Exceeded,1,failed,2025-12-03 05:13:21,40.06
TXN0002912,CUST000917,2809.8,Credit Card,Card Declined,0,failed,2026-04-14 03:44:21,0.0
TXN0002913,CUST001644,524.28,Credit Card,,0,success,2026-07-15 06:39:21,0.0
TXN0002914,CUST000936,921.84,Credit Card,,0,success,2025-12-01 04:44:21,0.0
TXN0002915,CUST000969,1099.2,Credit Card,,0,success,2025-10-22 08:35:21,0.0
TXN0002916,CUST000322,173.47,Credit Card,Card Declined,1,failed,2026-04-29 15:55:21,44.16
TXN0002917,CUST001571,1383.18,Credit Card,Card Declined,1,failed,2026-03-11 14:37:21,583.22
TXN0002918,CUST001589,9426.25,Credit Card,,4,success,2026-07-29 21:33:21,0.0
TXN0002919,CUST001038,55.85,Debit Card,,0,success,2026-01-09 15:00:21,0.0
TXN0002920,CUST000150,340.09,Bank Transfer,Insufficient Funds,0,failed,2025-09-19 23:54:21,63.65
TXN0002921,CUST001501,607.35,ACH,,0,success,2026-02-22 21:38:21,0.0
TXN0002922,CUST001257,322.62,Credit Card,,0,success,2026-03-25 12:30:21,0.0
TXN0002923,CUST001438,1938.67,Debit Card,,2,success,2026-01-20 22:27:21,0.0
TXN0002924,CUST001558,471.96,Debit Card,,0,success,2026-08-07 03:37:21,0.0
TXN0002925,CUST001310,3466.83,Debit Card,Card Declined,0,failed,2026-05-02 06:13:21,375.48
TXN0002926,CUST000076,375.7,Bank Transfer,,1,success,2026-03-19 06:15:21,0.0
TXN0002927,CUST000290,703.67,Credit Card,,0,success,2025-12-04 01:48:21,0.0
TXN0002928,CUST001138,3421.07,Debit Card,,0,success,2026-04-04 23:10:21,0.0
TXN0002929,CUST001075,529.56,Debit Card,,0,success,2026-02-11 13:49:21,0.0
TXN0002930,CUST001005,3262.39,Credit Card,Card Declined,0,failed,2025-09-09 01:01:21,0.0
TXN0002931,CUST001306,14.21,Debit Card,,0,success,2026-03-31 12:02:21,0.0
TXN0002932,CUST000867,574.34,Bank Transfer,Routing Error,0,failed,2026-04-03 02:24:21,0.0
TXN0002933,CUST001650,773.98,Debit Card,,0,success,2026-07-04 09:20:21,0.0
TXN0002934,CUST000213,1345.29,Digital Wallet,Funding Source Declined,0,failed,2025-10-02 07:48:21,0.0
TXN0002935,CUST000190,55.79,Credit Card,Expired Card,0,failed,2026-07-12 16:13:21,0.0
TXN0002936,CUST001003,862.5,ACH,Account Closed,0,failed,2025-11-29 02:39:21,0.0
TXN0002937,CUST001063,365.86,Credit Card,,0,success,2025-09-21 18:17:21,0.0
TXN0002938,CUST001843,1379.2,Bank Transfer,,0,success,2026-01-02 22:12:21,0.0
TXN0002939,CUST000744,849.46,Debit Card,,0,success,2026-04-13 17:20:21,0.0
TXN0002940,CUST001767,843.44,ACH,,0,success,2026-08-11 22:19:21,0.0
TXN0002941,CUST001047,2961.61,Debit Card,,0,success,2025-09-19 08:59:21,0.0
TXN0002942,CUST001347,485.4,ACH,,0,success,2026-07-06 20:25:21,0.0
TXN0002943,CUST000373,973.17,Digital Wallet,,0,success,2025-10-01 17:17:21,0.0
TXN0002944,CUST001559,173.14,Digital Wallet,Device Not Verified,0,failed,2026-05-08 13:47:21,0.0
TXN0002945,CUST000382,2037.28,Credit Card,,0,success,2026-03-15 03:17:21,0.0
TXN0002946,CUST001020,240.51,Credit Card,,0,success,2026-05-10 09:02:21,0.0
TXN0002947,CUST001957,50000.0,Debit Card,,0,success,2026-03-13 10:34:21,0.0
TXN0002948,CUST001312,1009.83,Digital Wallet,,0,success,2026-06-16 00:31:21,0.0
TXN0002949,CUST001348,5095.9,Debit Card,,0,pending,2026-04-24 13:34:21,0.0
TXN0002950,CUST000417,9774.24,Debit Card,,1,success,2026-03-24 00:02:21,0.0
TXN0002951,CUST000835,393.56,Bank Transfer,,0,success,2025-12-19 01:18:21,0.0
TXN0002952,CUST000594,490.82,Credit Card,Card Declined,1,failed,2026-03-10 23:33:21,156.82
TXN0002953,CUST000552,2855.87,Digital Wallet,,3,success,2026-06-30 02:31:21,0.0
TXN0002954,CUST001690,1834.95,Debit Card,,0,success,2025-11-02 18:28:21,0.0
TXN0002955,CUST001491,104.06,Debit Card,,0,success,2026-06-07 07:07:21,0.0
TXN0002956,CUST001467,350.7,Credit Card,,1,success,2025-12-01 16:42:21,0.0
TXN0002957,CUST001427,1909.5,Bank Transfer,,1,success,2026-03-14 03:51:21,0.0
TXN0002958,CUST001938,301.41,Digital Wallet,,0,success,2026-04-26 04:19:21,0.0
TXN0002959,CUST001260,13827.76,ACH,,1,success,2026-07-09 03:38:21,0.0
TXN0002960,CUST001494,154.03,Debit Card,,0,success,2025-11-21 02:17:21,0.0
TXN0002961,CUST000165,89.11,Bank Transfer,Daily Limit Exceeded,1,failed,2025-09-10 17:55:21,28.98
TXN0002962,CUST001769,480.4,Debit Card,,0,success,2026-03-02 11:15:21,0.0
TXN0002963,CUST001479,2384.36,Digital Wallet,,0,success,2025-12-07 21:17:21,0.0
TXN0002964,CUST000663,4170.47,Credit Card,,0,success,2026-07-28 07:16:21,0.0
TXN0002965,CUST000620,2874.32,Digital Wallet,Device Not Verified,3,failed,2025-11-07 14:08:21,2023.45
TXN0002966,CUST001176,665.9,Credit Card,,1,success,2026-06-06 01:33:21,0.0
TXN0002967,CUST001841,565.08,Digital Wallet,,0,success,2026-07-12 07:39:21,0.0
TXN0002968,CUST001370,377.13,Debit Card,Insufficient Funds,0,failed,2025-10-31 09:06:21,0.0
TXN0002969,CUST000190,7942.35,Digital Wallet,,0,pending,2025-12-26 23:47:21,0.0
TXN0002970,CUST001048,4550.93,ACH,Amount Limit Exceeded,0,failed,2025-11-05 18:58:21,0.0
TXN0002971,CUST001282,148.76,Digital Wallet,,0,success,2026-07-11 13:21:21,0.0
TXN0002972,CUST001770,7592.26,Credit Card,,0,success,2026-06-12 05:15:21,0.0
TXN0002973,CUST001282,13187.91,Credit Card,,0,success,2026-01-04 18:59:21,0.0
TXN0002974,CUST000286,1199.15,Debit Card,Daily Limit Exceeded,0,failed,2025-09-18 06:21:21,0.0
TXN0002975,CUST001787,1405.16,Debit Card,Daily Limit Exceeded,0,failed,2026-08-07 04:49:21,0.0
TXN0002976,CUST000915,2060.29,Credit Card,,0,success,2025-11-30 17:29:21,0.0
TXN0002977,CUST000421,1483.31,Wire Transfer,,0,success,2026-05-11 07:10:21,0.0
TXN0002978,CUST000884,1448.36,Bank Transfer,Account Closed,0,failed,2026-01-06 11:32:21,0.0
TXN0002979,CUST000618,7728.33,ACH,,0,success,2026-07-06 03:40:21,0.0
TXN0002980,CUST000361,107.11,Credit Card,Insufficient Funds,0,failed,2025-11-15 11:03:21,0.0
TXN0002981,CUST000288,161.89,Credit Card,,0,success,2025-11-05 11:08:21,0.0
TXN0002982,CUST000308,1410.93,ACH,,0,success,2026-02-17 04:27:21,0.0
TXN0002983,CUST001212,410.86,Debit Card,,0,success,2026-03-01 09:04:21,0.0
TXN0002984,CUST000136,61.66,Credit Card,,0,success,2026-08-28 01:43:21,0.0
TXN0002985,CUST001222,609.06,Digital Wallet,,0,success,2025-11-02 16:36:21,0.0
TXN0002986,CUST000649,3814.39,ACH,,0,pending,2026-01-08 05:19:21,0.0
TXN0002987,CUST000278,1364.45,Bank Transfer,,1,success,2025-11-19 21:54:21,0.0
TXN0002988,CUST000629,182.73,Debit Card,Card Declined,0,failed,2026-04-18 05:32:21,0.0
TXN0002989,CUST000320,6033.4,ACH,,0,success,2026-07-31 19:21:21,0.0
TXN0002990,CUST000332,543.72,Digital Wallet,,0,success,2025-11-15 17:11:21,0.0
TXN0002991,CUST000594,57.2,Debit Card,,1,success,2026-01-13 08:42:21,0.0
TXN0002992,CUST000884,15701.86,Wire Transfer,,0,success,2025-10-30 08:02:21,0.0
TXN0002993,CUST000659,563.3,Bank Transfer,,0,success,2025-11-29 11:31:21,0.0
TXN0002994,CUST000656,429.56,Bank Transfer,,0,success,2026-06-07 10:48:21,0.0
TXN0002995,CUST000455,623.1,Credit Card,,0,success,2026-04-04 07:13:21,0.0
TXN0002996,CUST000121,357.08,Credit Card,,0,success,2026-02-01 16:52:21,0.0
TXN0002997,CUST001311,224.59,Debit Card,,0,success,2026-03-23 13:24:21,0.0
TXN0002998,CUST001209,308.45,Bank Transfer,,2,success,2026-03-02 21:10:21,0.0
TXN0002999,CUST000354,264.03,Debit Card,Card Declined,0,failed,2026-06-18 23:59:21,0.0
TXN0003000,CUST000227,143.22,Credit Card,Card Declined,0,failed,2025-12-08 05:26:21,16.57
TXN0003001,CUST000987,2276.4,Digital Wallet,,0,success,2026-07-07 18:03:21,0.0
TXN0003002,CUST001307,2266.43,Digital Wallet,,1,success,2026-01-23 16:26:21,0.0
TXN0003003,CUST001059,18088.31,Bank Transfer,Insufficient Funds,0,failed,2026-06-13 14:27:21,0.0
TXN0003004,CUST000222,389.89,Bank Transfer,,0,success,2025-09-02 06:59:21,0.0
TXN0003005,CUST001894,23.07,Digital Wallet,Device Not Verified,0,failed,2026-07-31 17:43:21,0.0
TXN0003006,CUST001336,670.79,Bank Transfer,,4,success,2026-04-02 20:55:21,0.0
TXN0003007,CUST001008,385.79,Bank Transfer,,0,pending,2026-02-04 03:21:21,0.0
TXN0003008,CUST000051,2396.11,Digital Wallet,,0,success,2026-03-02 14:33:21,0.0
TXN0003009,CUST000728,743.79,Bank Transfer,,0,success,2025-10-26 23:57:21,0.0
TXN0003010,CUST001558,3097.8,Debit Card,,0,success,2026-03-11 01:46:21,0.0
TXN0003011,CUST001592,716.22,Bank Transfer,,0,success,2026-01-14 23:35:21,0.0
TXN0003012,CUST000807,1965.83,Bank Transfer,,0,success,2026-06-13 06:06:21,0.0
TXN0003013,CUST001075,871.4,Debit Card,,0,pending,2026-06-18 09:34:21,0.0
TXN0003014,CUST000066,441.69,Digital Wallet,,0,success,2026-01-27 19:22:21,0.0
TXN0003015,CUST000677,2442.51,Credit Card,,0,success,2026-08-16 05:38:21,0.0
TXN0003016,CUST001830,315.44,Credit Card,,0,success,2025-09-20 18:21:21,0.0
TXN0003017,CUST000077,4343.57,ACH,Routing Error,0,failed,2025-11-22 15:24:21,0.0
TXN0003018,CUST001153,539.93,ACH,,0,success,2025-08-30 11:44:21,0.0
TXN0003019,CUST000115,8612.71,Bank Transfer,,0,success,2025-09-20 10:24:21,0.0
TXN0003020,CUST000353,209.3,Credit Card,Card Declined,0,failed,2025-12-15 06:37:21,0.0
TXN0003021,CUST001325,11927.33,Wire Transfer,,0,success,2026-02-06 12:55:21,0.0
TXN0003022,CUST001309,4539.17,Debit Card,,0,pending,2026-07-26 01:59:21,0.0
TXN0003023,CUST001404,722.39,Credit Card,Insufficient Funds,1,failed,2025-10-23 14:41:21,281.63
TXN0003024,CUST000235,325.51,Digital Wallet,,4,success,2026-07-09 04:15:21,0.0
TXN0003025,CUST001951,95.08,Credit Card,,0,success,2026-04-14 01:14:21,0.0
TXN0003026,CUST001561,248.19,Debit Card,Insufficient Funds,0,failed,2025-12-07 10:51:21,0.0
TXN0003027,CUST001194,6748.7,Wire Transfer,Sender Unverified,0,failed,2026-07-24 09:36:21,0.0
TXN0003028,CUST000339,626.09,Bank Transfer,,0,success,2025-09-24 04:27:21,0.0
TXN0003029,CUST000026,2074.13,ACH,,0,success,2025-11-25 03:22:21,0.0
TXN0003030,CUST000865,1021.27,ACH,,1,success,2025-09-23 10:46:21,0.0
TXN0003031,CUST000129,119.7,Debit Card,,0,success,2026-07-10 14:37:21,0.0
TXN0003032,CUST001759,758.4,Credit Card,,0,success,2025-10-17 13:56:21,0.0
TXN0003033,CUST001813,943.47,Digital Wallet,,0,success,2025-11-01 17:31:21,0.0
TXN0003034,CUST001807,1190.27,ACH,Account Closed,0,failed,2025-11-25 15:48:21,0.0
TXN0003035,CUST000594,275.4,Credit Card,,1,success,2025-12-11 07:36:21,0.0
TXN0003036,CUST000145,940.03,Bank Transfer,,0,success,2026-02-05 00:09:21,0.0
TXN0003037,CUST000330,173.64,Credit Card,,0,success,2026-01-08 20:55:21,0.0
TXN0003038,CUST001899,3275.68,Debit Card,Card Declined,0,failed,2025-12-11 21:00:21,0.0
TXN0003039,CUST001105,180.68,Credit Card,Insufficient Funds,0,failed,2026-04-17 15:26:21,39.53
TXN0003040,CUST000656,3280.2,Credit Card,,0,success,2026-07-12 02:35:21,0.0
TXN0003041,CUST001402,487.61,Bank Transfer,Daily Limit Exceeded,0,failed,2025-09-30 11:23:21,126.71
TXN0003042,CUST001047,141.66,Digital Wallet,,0,success,2025-09-16 14:11:21,0.0
TXN0003043,CUST001229,1330.61,Credit Card,,0,success,2025-11-14 16:19:21,0.0
TXN0003044,CUST001541,104.7,Credit Card,,0,success,2025-09-18 16:46:21,0.0
TXN0003045,CUST000548,2766.63,Debit Card,Card Declined,0,failed,2025-08-28 05:12:21,0.0
TXN0003046,CUST000182,4479.59,Debit Card,,0,success,2026-01-24 05:06:21,0.0
TXN0003047,CUST001013,698.11,Credit Card,,0,success,2025-10-04 01:17:21,0.0
TXN0003048,CUST001381,10146.76,Digital Wallet,,0,success,2025-09-08 14:53:21,0.0
TXN0003049,CUST000165,114.75,Credit Card,,2,pending,2026-07-04 17:51:21,0.0
TXN0003050,CUST001649,103.45,Credit Card,,0,success,2026-05-26 22:48:21,0.0
TXN0003051,CUST001182,694.15,Credit Card,,0,success,2025-09-02 12:10:21,0.0
TXN0003052,CUST000771,687.18,Debit Card,,0,pending,2026-04-14 13:01:21,0.0
TXN0003053,CUST000286,26.88,Debit Card,,0,success,2026-06-12 06:00:21,0.0
TXN0003054,CUST000491,2109.2,ACH,,0,success,2026-02-12 04:18:21,0.0
TXN0003055,CUST000729,4872.8,Credit Card,Card Declined,0,failed,2026-04-09 14:54:21,0.0
TXN0003056,CUST001943,18283.9,Debit Card,,0,success,2026-05-06 23:54:21,0.0
TXN0003057,CUST001427,208.61,Bank Transfer,,1,success,2025-10-18 06:32:21,0.0
TXN0003058,CUST000530,180.17,Credit Card,,0,success,2026-06-11 16:00:21,0.0
TXN0003059,CUST000140,1972.17,Credit Card,,0,success,2026-07-27 06:09:21,0.0
TXN0003060,CUST000417,1303.4,Credit Card,,1,success,2026-04-22 20:46:21,0.0
TXN0003061,CUST001229,524.37,Credit Card,,0,success,2026-06-06 01:43:21,0.0
TXN0003062,CUST000477,167.83,Credit Card,Expired Card,0,failed,2026-08-27 22:17:21,0.0
TXN0003063,CUST000090,36.27,Credit Card,,0,success,2026-03-16 14:56:21,0.0
TXN0003064,CUST001617,2527.57,Debit Card,,0,success,2025-09-04 07:30:21,0.0
TXN0003065,CUST000723,385.51,Debit Card,,2,success,2025-12-18 04:12:21,0.0
TXN0003066,CUST000649,13508.94,ACH,,0,success,2025-09-30 06:33:21,0.0
TXN0003067,CUST001088,4970.09,ACH,,0,pending,2025-11-10 19:03:21,0.0
TXN0003068,CUST000963,37.21,Credit Card,,0,success,2025-12-23 09:24:21,0.0
TXN0003069,CUST000260,88.7,Credit Card,,0,success,2025-10-27 14:52:21,0.0
TXN0003070,CUST001292,1643.2,ACH,Account Inactive,0,failed,2026-01-03 15:19:21,0.0
TXN0003071,CUST001336,19101.65,Credit Card,,4,success,2026-01-28 15:34:21,0.0
TXN0003072,CUST001613,162.64,Bank Transfer,Insufficient Funds,0,failed,2026-02-07 12:04:21,0.0
TXN0003073,CUST001119,891.01,Debit Card,,0,success,2025-10-16 00:44:21,0.0
TXN0003074,CUST000811,3227.62,Debit Card,,0,success,2026-03-21 16:04:21,0.0
TXN0003075,CUST001411,4785.99,Credit Card,,0,success,2026-07-12 22:07:21,0.0
TXN0003076,CUST000643,535.25,Bank Transfer,,0,success,2026-08-03 05:21:21,0.0
TXN0003077,CUST001480,139.85,Digital Wallet,,0,success,2026-05-28 06:34:21,0.0
TXN0003078,CUST000979,649.06,Credit Card,Card Declined,0,failed,2025-09-07 07:06:21,0.0
TXN0003079,CUST001455,242.09,Bank Transfer,Account Closed,1,failed,2025-10-26 14:40:21,82.16
TXN0003080,CUST001654,2797.01,Debit Card,,0,success,2026-01-24 22:13:21,0.0
TXN0003081,CUST001453,309.31,Debit Card,Insufficient Funds,0,failed,2026-03-13 20:50:21,0.0
TXN0003082,CUST000012,377.78,Credit Card,Card Declined,0,failed,2025-09-26 11:52:21,0.0
TXN0003083,CUST000279,290.5,Bank Transfer,,0,success,2025-11-04 00:17:21,0.0
TXN0003084,CUST000561,128.29,Debit Card,,1,success,2025-09-12 23:38:21,0.0
TXN0003085,CUST001765,20699.54,Credit Card,,0,success,2025-12-16 19:25:21,0.0
TXN0003086,CUST000893,10951.08,Bank Transfer,Insufficient Funds,0,failed,2026-02-22 16:40:21,2885.17
TXN0003087,CUST001101,16976.9,Bank Transfer,,0,success,2025-11-08 17:38:21,0.0
TXN0003088,CUST001573,379.37,ACH,,0,pending,2025-12-11 13:27:21,0.0
TXN0003089,CUST000497,312.39,Credit Card,,0,success,2026-02-19 23:37:21,0.0
TXN0003090,CUST000781,1542.22,Debit Card,,0,success,2026-05-25 19:07:21,0.0
TXN0003091,CUST000111,130.47,Credit Card,Expired Card,0,failed,2025-10-22 13:06:21,0.0
TXN0003092,CUST000313,417.66,Digital Wallet,Device Not Verified,1,failed,2026-05-25 05:17:21,133.49
TXN0003093,CUST000523,1339.61,Debit Card,,0,success,2026-01-08 18:32:21,0.0
TXN0003094,CUST001345,2175.52,Debit Card,,0,success,2026-03-19 13:24:21,0.0
TXN0003095,CUST000213,888.48,Credit Card,Card Declined,0,failed,2026-07-08 06:05:21,0.0
TXN0003096,CUST001745,2826.81,Digital Wallet,,0,success,2026-04-21 14:37:21,0.0
TXN0003097,CUST000796,335.38,Credit Card,,0,success,2026-08-24 15:28:21,0.0
TXN0003098,CUST001989,4567.2,Debit Card,,0,success,2026-02-06 16:43:21,0.0
TXN0003099,CUST001145,6766.75,ACH,Account Inactive,0,failed,2025-10-27 21:00:21,0.0
TXN0003100,CUST001838,19.05,Credit Card,,0,success,2026-01-12 03:43:21,0.0
TXN0003101,CUST000539,214.02,Credit Card,,1,success,2025-10-05 19:24:21,0.0
TXN0003102,CUST000417,1142.14,Credit Card,,1,success,2026-08-01 01:55:21,0.0
TXN0003103,CUST001075,4909.01,Debit Card,,0,success,2025-12-25 22:14:21,0.0
TXN0003104,CUST001427,2679.53,Credit Card,,1,success,2026-02-11 15:25:21,0.0
TXN0003105,CUST000718,268.44,Credit Card,,0,success,2025-10-07 03:05:21,0.0
TXN0003106,CUST001942,1403.44,Digital Wallet,,0,success,2026-03-23 04:21:21,0.0
TXN0003107,CUST001423,52.38,Digital Wallet,,0,success,2025-12-13 21:32:21,0.0
TXN0003108,CUST000012,3010.65,Credit Card,,0,success,2026-04-13 07:26:21,0.0
TXN0003109,CUST000880,34780.86,Credit Card,,3,pending,2025-09-27 21:10:21,0.0
TXN0003110,CUST000694,1046.09,Debit Card,,0,success,2026-05-20 06:21:21,0.0
TXN0003111,CUST001059,5348.9,Debit Card,Account Locked,0,failed,2026-01-10 22:39:21,0.0
TXN0003112,CUST001568,88.43,Credit Card,,0,success,2025-12-19 10:49:21,0.0
TXN0003113,CUST000174,1114.1,Debit Card,,0,success,2026-02-06 02:13:21,0.0
TXN0003114,CUST001322,151.02,Digital Wallet,,0,success,2026-06-03 17:18:21,0.0
TXN0003115,CUST000109,2838.51,ACH,,0,success,2025-09-12 02:36:21,0.0
TXN0003116,CUST001307,254.56,Credit Card,,1,pending,2026-08-21 11:54:21,0.0
TXN0003117,CUST001006,18676.27,ACH,,0,success,2026-02-11 00:36:21,0.0
TXN0003118,CUST000256,1138.32,Digital Wallet,,2,success,2026-05-21 07:04:21,0.0
TXN0003119,CUST001624,208.16,Credit Card,,3,success,2026-03-14 08:54:21,0.0
TXN0003120,CUST000297,372.61,Debit Card,,0,pending,2026-05-02 21:34:21,0.0
TXN0003121,CUST000854,591.9,Bank Transfer,Account Closed,3,failed,2026-02-06 17:58:21,368.64
TXN0003122,CUST001054,2843.17,Wire Transfer,,3,success,2026-01-22 21:17:21,0.0
TXN0003123,CUST001788,108.44,Bank Transfer,,0,success,2026-02-25 00:12:21,0.0
TXN0003124,CUST001692,2583.09,ACH,,0,success,2025-11-27 20:44:21,0.0
TXN0003125,CUST000712,2643.36,Digital Wallet,,0,success,2026-01-09 09:38:21,0.0
TXN0003126,CUST000032,3066.78,Credit Card,,0,success,2025-09-19 22:13:21,0.0
TXN0003127,CUST000253,139.73,Credit Card,Expired Card,2,failed,2025-12-13 15:46:21,57.92
TXN0003128,CUST001355,1897.37,Digital Wallet,,0,success,2025-10-13 13:51:21,0.0
TXN0003129,CUST001201,1419.89,Debit Card,,0,success,2026-06-09 09:50:21,0.0
TXN0003130,CUST001688,1279.66,Bank Transfer,,0,success,2025-09-03 03:35:21,0.0
TXN0003131,CUST000562,165.06,Credit Card,,0,success,2026-04-20 20:14:21,0.0
TXN0003132,CUST000386,121.39,Credit Card,,0,success,2025-10-25 14:41:21,0.0
TXN0003133,CUST001456,477.04,Credit Card,CVV Mismatch,0,failed,2026-05-15 14:47:21,0.0
TXN0003134,CUST000235,76.59,Digital Wallet,Funding Source Declined,1,failed,2026-07-07 04:21:21,30.31
TXN0003135,CUST001351,803.59,Credit Card,,0,success,2026-08-12 19:30:21,0.0
TXN0003136,CUST001933,2136.62,Debit Card,,0,success,2026-05-13 02:55:21,0.0
TXN0003137,CUST001893,2420.61,Digital Wallet,Funding Source Declined,0,failed,2026-06-27 06:36:21,0.0
TXN0003138,CUST001763,131.67,Digital Wallet,Account Suspended,1,failed,2025-09-07 16:04:21,34.38
TXN0003139,CUST000778,1874.22,Bank Transfer,Account Closed,2,failed,2025-10-08 12:46:21,831.39
TXN0003140,CUST001884,130.21,Debit Card,,0,success,2026-02-12 05:28:21,0.0
TXN0003141,CUST001675,2796.03,Bank Transfer,,0,success,2026-02-18 19:38:21,0.0
TXN0003142,CUST001626,567.29,Debit Card,,0,success,2026-04-29 15:10:21,0.0
TXN0003143,CUST001331,371.74,Digital Wallet,,0,pending,2026-07-15 13:56:21,0.0
TXN0003144,CUST001611,4717.85,Credit Card,,0,success,2026-01-24 14:47:21,0.0
TXN0003145,CUST001271,306.35,Debit Card,Card Declined,0,failed,2025-10-30 21:35:21,0.0
TXN0003146,CUST000201,1683.36,Digital Wallet,,0,pending,2026-08-19 17:35:21,0.0
TXN0003147,CUST001876,97.13,Debit Card,,0,success,2026-04-07 21:41:21,0.0
TXN0003148,CUST000897,1950.07,Credit Card,,0,success,2026-03-12 07:31:21,0.0
TXN0003149,CUST000893,437.08,Digital Wallet,,0,success,2025-09-19 20:01:21,0.0
TXN0003150,CUST001691,1493.64,ACH,Account Closed,0,failed,2026-03-28 05:43:21,432.93
TXN0003151,CUST000427,347.91,Credit Card,,0,success,2026-08-27 17:54:21,0.0
TXN0003152,CUST000817,10010.46,Credit Card,,1,success,2025-10-29 23:39:21,0.0
TXN0003153,CUST000086,2864.21,Digital Wallet,,0,success,2026-08-20 20:39:21,0.0
TXN0003154,CUST000399,1695.69,Debit Card,,0,success,2025-11-21 02:10:21,0.0
TXN0003155,CUST000774,559.4,Credit Card,,0,success,2025-11-10 13:49:21,0.0
TXN0003156,CUST000796,61.84,Bank Transfer,,0,success,2026-08-20 16:14:21,0.0
TXN0003157,CUST001143,651.97,Bank Transfer,,0,success,2025-10-06 14:21:21,0.0
TXN0003158,CUST001397,397.8,Credit Card,,0,success,2025-12-22 13:24:21,0.0
TXN0003159,CUST000760,49.44,Debit Card,,0,success,2026-02-23 17:34:21,0.0
TXN0003160,CUST001045,11518.17,Debit Card,,2,success,2026-08-16 09:50:21,0.0
TXN0003161,CUST000278,2596.71,Digital Wallet,,1,success,2026-06-21 18:32:21,0.0
TXN0003162,CUST000735,1421.73,Credit Card,,0,success,2025-10-08 15:52:21,0.0
TXN0003163,CUST001788,44.16,Bank Transfer,Account Closed,1,failed,2026-07-18 14:34:21,17.04
TXN0003164,CUST000910,3920.17,Credit Card,,4,pending,2026-06-18 05:38:21,0.0
TXN0003165,CUST000688,451.06,Credit Card,,1,success,2026-06-28 17:57:21,0.0
TXN0003166,CUST001447,501.8,Bank Transfer,Routing Error,1,failed,2026-02-11 13:17:21,130.59
TXN0003167,CUST000198,50000.0,Wire Transfer,,0,success,2025-10-01 15:19:21,0.0
TXN0003168,CUST001244,932.16,Wire Transfer,,0,success,2026-02-03 04:01:21,0.0
TXN0003169,CUST001229,452.78,Debit Card,Card Declined,0,failed,2026-03-09 15:51:21,103.08
TXN0003170,CUST001322,89.51,Digital Wallet,,0,success,2026-04-14 08:42:21,0.0
TXN0003171,CUST001877,2648.62,Wire Transfer,Amount Limit Exceeded,0,failed,2026-02-18 16:35:21,0.0
TXN0003172,CUST000654,550.17,Digital Wallet,,1,success,2025-12-13 04:28:21,0.0
TXN0003173,CUST000290,641.24,Bank Transfer,Insufficient Funds,2,failed,2026-08-27 09:52:21,321.88
TXN0003174,CUST000051,78.78,Digital Wallet,Device Not Verified,1,failed,2025-09-01 22:02:21,34.45
TXN0003175,CUST000162,61.24,Credit Card,,0,success,2026-05-12 04:11:21,0.0
TXN0003176,CUST000963,245.43,Digital Wallet,,0,success,2025-12-14 02:30:21,0.0
TXN0003177,CUST000672,792.54,Credit Card,,0,success,2026-04-07 08:25:21,0.0
TXN0003178,CUST001623,96.7,Credit Card,,0,success,2025-12-07 03:18:21,0.0
TXN0003179,CUST001469,1091.35,Bank Transfer,,0,success,2026-07-13 04:02:21,0.0
TXN0003180,CUST000125,196.17,Credit Card,,0,success,2026-02-18 07:58:21,0.0
TXN0003181,CUST001328,384.32,Credit Card,,0,success,2025-10-03 09:40:21,0.0
TXN0003182,CUST000188,1417.15,Digital Wallet,,0,success,2026-08-27 13:17:21,0.0
TXN0003183,CUST001815,587.94,Bank Transfer,,0,success,2025-09-26 06:08:21,0.0
TXN0003184,CUST000029,1053.29,Bank Transfer,,2,success,2026-08-05 09:05:21,0.0
TXN0003185,CUST000792,1285.92,Credit Card,Expired Card,0,failed,2026-05-18 07:26:21,0.0
TXN0003186,CUST001659,573.95,Credit Card,,0,success,2026-03-20 11:28:21,0.0
TXN0003187,CUST000287,2832.91,Credit Card,Expired Card,0,failed,2025-09-28 05:32:21,0.0
TXN0003188,CUST001609,25054.02,Wire Transfer,,0,success,2025-08-28 21:44:21,0.0
TXN0003189,CUST000881,1390.15,Credit Card,Card Declined,0,failed,2025-12-31 18:51:21,0.0
TXN0003190,CUST000437,471.72,Credit Card,,0,success,2026-01-28 21:20:21,0.0
TXN0003191,CUST000572,1569.6,Debit Card,,0,success,2026-06-29 18:35:21,0.0
TXN0003192,CUST001965,182.94,Debit Card,,0,success,2026-06-16 17:16:21,0.0
TXN0003193,CUST001661,480.99,Debit Card,,1,success,2026-05-10 08:39:21,0.0
TXN0003194,CUST000112,144.78,Debit Card,,0,pending,2026-06-10 20:39:21,0.0
TXN0003195,CUST001251,318.67,Debit Card,,0,success,2025-09-12 03:24:21,0.0
TXN0003196,CUST000608,531.21,Bank Transfer,Insufficient Funds,1,failed,2025-12-03 01:07:21,144.71
TXN0003197,CUST000311,1419.42,Credit Card,,0,success,2026-07-28 19:33:21,0.0
TXN0003198,CUST001199,1468.15,Debit Card,,0,success,2026-01-20 18:16:21,0.0
TXN0003199,CUST000449,83.51,Credit Card,,0,success,2026-03-27 14:56:21,0.0
TXN0003200,CUST001292,2572.4,Credit Card,,0,success,2026-03-19 01:04:21,0.0
TXN0003201,CUST001634,210.8,Digital Wallet,,0,success,2026-03-28 19:30:21,0.0
TXN0003202,CUST000313,332.99,Credit Card,,1,pending,2026-07-31 17:36:21,0.0
TXN0003203,CUST000567,256.52,ACH,,0,success,2026-02-07 21:00:21,0.0
TXN0003204,CUST000722,3415.12,ACH,Account Closed,0,failed,2025-11-12 02:42:21,0.0
TXN0003205,CUST001217,305.01,Credit Card,Card Declined,0,failed,2026-03-15 05:26:21,61.96
TXN0003206,CUST001434,102.77,Bank Transfer,Account Closed,0,failed,2026-07-08 06:22:21,0.0
TXN0003207,CUST001040,233.37,Credit Card,,0,success,2026-07-10 12:45:21,0.0
TXN0003208,CUST001517,801.32,Credit Card,,4,success,2025-09-01 17:45:21,0.0
TXN0003209,CUST001407,516.74,Debit Card,,0,success,2026-06-02 12:27:21,0.0
TXN0003210,CUST001272,1633.79,Bank Transfer,,0,success,2026-04-30 21:36:21,0.0
TXN0003211,CUST000549,185.94,Credit Card,,0,success,2026-07-16 11:17:21,0.0
TXN0003212,CUST001829,322.31,Credit Card,Insufficient Funds,0,failed,2026-03-20 14:06:21,0.0
TXN0003213,CUST000122,29.76,Credit Card,Expired Card,0,failed,2025-09-04 07:23:21,6.15
TXN0003214,CUST000691,2951.3,Bank Transfer,,0,pending,2026-05-26 20:37:21,0.0
TXN0003215,CUST001406,3151.94,Credit Card,,0,success,2026-01-14 11:32:21,0.0
TXN0003216,CUST000066,981.92,ACH,,0,success,2026-08-05 17:22:21,0.0
TXN0003217,CUST001443,1881.5,Credit Card,Expired Card,0,failed,2025-10-27 15:25:21,338.8
TXN0003218,CUST001451,31.77,Bank Transfer,,0,success,2025-10-03 07:30:21,0.0
TXN0003219,CUST001480,472.48,Debit Card,,0,success,2026-08-04 08:03:21,0.0
TXN0003220,CUST001139,80.6,Digital Wallet,,0,success,2026-03-25 09:28:21,0.0
TXN0003221,CUST000186,782.13,Bank Transfer,Insufficient Funds,2,failed,2026-08-12 02:01:21,338.69
TXN0003222,CUST001883,170.72,Digital Wallet,,0,success,2026-04-05 06:24:21,0.0
TXN0003223,CUST001284,1351.32,Bank Transfer,,1,success,2026-07-11 00:47:21,0.0
TXN0003224,CUST001261,206.14,Bank Transfer,,0,success,2026-05-30 15:06:21,0.0
TXN0003225,CUST001537,48.58,Credit Card,,0,pending,2026-02-17 10:52:21,0.0
TXN0003226,CUST000094,166.92,Bank Transfer,Account Closed,0,failed,2025-12-21 13:52:21,0.0
TXN0003227,CUST000935,3288.1,Bank Transfer,,0,success,2026-01-20 15:25:21,0.0
TXN0003228,CUST001045,451.66,Credit Card,,2,success,2025-12-27 00:26:21,0.0
TXN0003229,CUST001834,22523.17,Wire Transfer,,0,success,2026-04-13 09:45:21,0.0
TXN0003230,CUST000780,1390.08,Credit Card,,0,success,2025-11-09 23:09:21,0.0
TXN0003231,CUST001973,106.18,Credit Card,,0,success,2026-08-18 08:03:21,0.0
TXN0003232,CUST000773,5636.07,Bank Transfer,,0,success,2026-03-09 22:28:21,0.0
TXN0003233,CUST000774,212.22,Bank Transfer,,0,success,2026-08-23 05:57:21,0.0
TXN0003234,CUST001910,420.3,Credit Card,,0,pending,2026-06-22 20:17:21,0.0
TXN0003235,CUST001830,8421.3,Bank Transfer,,0,success,2026-05-25 14:25:21,0.0
TXN0003236,CUST001355,825.91,Debit Card,,0,success,2025-09-03 04:14:21,0.0
TXN0003237,CUST000631,394.56,Debit Card,,0,success,2026-07-11 06:28:21,0.0
TXN0003238,CUST000066,594.43,Credit Card,,0,success,2025-10-02 18:35:21,0.0
TXN0003239,CUST000730,3157.88,Wire Transfer,,0,success,2025-11-24 14:30:21,0.0
TXN0003240,CUST000519,2231.81,Bank Transfer,Account Closed,2,failed,2026-02-07 18:14:21,1178.55
TXN0003241,CUST001263,1410.58,Debit Card,,0,success,2026-04-05 11:07:21,0.0
TXN0003242,CUST001892,676.3,Bank Transfer,,0,success,2026-03-09 13:53:21,0.0
TXN0003243,CUST001113,1581.09,Credit Card,,0,success,2026-05-25 06:18:21,0.0
TXN0003244,CUST001216,246.82,Digital Wallet,,0,success,2026-03-22 03:03:21,0.0
TXN0003245,CUST000799,476.41,Bank Transfer,,0,success,2026-05-29 07:32:21,0.0
TXN0003246,CUST000938,736.7,Digital Wallet,,0,success,2025-12-05 03:24:21,0.0
TXN0003247,CUST001237,2484.14,Digital Wallet,,0,success,2025-09-06 13:20:21,0.0
TXN0003248,CUST000087,145.25,Credit Card,Card Declined,0,failed,2026-06-07 00:43:21,0.0
TXN0003249,CUST000013,306.46,Credit Card,,0,pending,2026-01-19 10:18:21,0.0
TXN0003250,CUST000691,143.33,Debit Card,,0,success,2026-06-02 06:06:21,0.0
TXN0003251,CUST001075,48.11,Debit Card,,0,success,2025-12-03 13:30:21,0.0
TXN0003252,CUST000009,509.67,Credit Card,,0,success,2026-01-18 04:39:21,0.0
TXN0003253,CUST001186,62.23,Bank Transfer,Insufficient Funds,3,failed,2025-11-20 05:42:21,46.41
TXN0003254,CUST000641,195.03,Digital Wallet,,0,success,2026-01-02 09:58:21,0.0
TXN0003255,CUST001310,810.97,ACH,Account Inactive,0,failed,2026-03-08 00:58:21,0.0
TXN0003256,CUST001656,650.36,Bank Transfer,,0,success,2026-05-10 05:53:21,0.0
TXN0003257,CUST001247,227.5,Credit Card,,0,success,2025-12-10 13:58:21,0.0
TXN0003258,CUST001646,575.39,Digital Wallet,,0,pending,2026-03-22 06:46:21,0.0
TXN0003259,CUST001887,8053.26,Credit Card,Insufficient Funds,0,failed,2025-12-27 03:28:21,0.0
TXN0003260,CUST001863,463.39,Digital Wallet,Session Expired,0,failed,2025-10-12 01:20:21,0.0
TXN0003261,CUST000319,497.72,Debit Card,Account Locked,1,failed,2026-04-07 17:11:21,143.8
TXN0003262,CUST001498,6047.36,Debit Card,,0,success,2025-12-02 09:21:21,0.0
TXN0003263,CUST001971,922.96,Digital Wallet,,0,success,2025-08-30 01:44:21,0.0
TXN0003264,CUST000659,4597.62,Credit Card,,0,success,2026-08-22 04:26:21,0.0
TXN0003265,CUST000104,16556.11,Debit Card,,0,success,2025-08-27 10:19:21,0.0
TXN0003266,CUST000341,328.77,Digital Wallet,Device Not Verified,0,failed,2026-06-23 09:32:21,0.0
TXN0003267,CUST000189,613.12,ACH,,0,success,2026-08-07 03:56:21,0.0
TXN0003268,CUST000429,926.44,Credit Card,,0,success,2026-02-01 00:03:21,0.0
TXN0003269,CUST001019,250.17,Credit Card,,1,success,2026-07-29 20:43:21,0.0
TXN0003270,CUST000473,711.45,Credit Card,,0,success,2026-01-04 21:03:21,0.0
TXN0003271,CUST000197,384.61,Digital Wallet,,1,success,2026-05-06 03:39:21,0.0
TXN0003272,CUST001467,312.67,Debit Card,,1,success,2025-10-26 06:02:21,0.0
TXN0003273,CUST001665,418.63,Debit Card,,0,success,2026-07-21 17:09:21,0.0
TXN0003274,CUST001246,6751.21,Digital Wallet,,0,success,2025-11-02 08:55:21,0.0
TXN0003275,CUST001443,31.46,Bank Transfer,Routing Error,0,failed,2025-11-24 00:24:21,0.0
TXN0003276,CUST000803,103.2,Digital Wallet,Account Suspended,0,failed,2026-05-17 05:02:21,0.0
TXN0003277,CUST001027,120.08,Bank Transfer,Daily Limit Exceeded,0,failed,2026-02-20 18:35:21,0.0
TXN0003278,CUST000806,371.8,Bank Transfer,,3,success,2026-08-07 20:14:21,0.0
TXN0003279,CUST001905,96.14,Debit Card,,0,success,2026-02-07 21:05:21,0.0
TXN0003280,CUST001362,726.09,Bank Transfer,,0,pending,2026-04-19 22:47:21,0.0
TXN0003281,CUST001641,2299.27,ACH,,2,success,2026-05-19 11:09:21,0.0
TXN0003282,CUST000387,637.78,Wire Transfer,,0,success,2026-03-05 08:09:21,0.0
TXN0003283,CUST000772,197.44,Credit Card,Insufficient Funds,0,failed,2026-06-02 20:20:21,0.0
TXN0003284,CUST001709,6157.1,Wire Transfer,Amount Limit Exceeded,0,failed,2026-04-20 01:38:21,0.0
TXN0003285,CUST000282,1849.4,Digital Wallet,,0,success,2026-03-05 11:53:21,0.0
TXN0003286,CUST000546,2817.92,Bank Transfer,,0,success,2026-07-07 10:56:21,0.0
TXN0003287,CUST001304,2103.21,Debit Card,,0,success,2026-08-07 14:41:21,0.0
TXN0003288,CUST001217,663.43,Bank Transfer,,2,success,2025-10-16 04:41:21,0.0
TXN0003289,CUST000835,76.85,Debit Card,Insufficient Funds,0,failed,2026-03-21 10:23:21,0.0
TXN0003290,CUST001170,474.43,Debit Card,,0,success,2026-04-16 01:16:21,0.0
TXN0003291,CUST001649,1150.66,Debit Card,Insufficient Funds,1,failed,2026-04-05 18:17:21,357.0
TXN0003292,CUST001366,627.19,Credit Card,Card Declined,0,failed,2026-05-05 01:12:21,0.0
TXN0003293,CUST001945,6451.53,Digital Wallet,,1,success,2025-09-09 01:24:21,0.0
TXN0003294,CUST001634,1231.53,Credit Card,,0,success,2025-11-30 17:03:21,0.0
TXN0003295,CUST000382,193.11,Bank Transfer,Daily Limit Exceeded,0,failed,2026-02-09 09:52:21,0.0
TXN0003296,CUST001023,216.94,Credit Card,,0,success,2025-10-31 09:31:21,0.0
TXN0003297,CUST000550,230.63,Credit Card,,0,success,2025-10-06 22:16:21,0.0
TXN0003298,CUST000492,3223.28,Wire Transfer,,0,success,2026-04-11 20:04:21,0.0
TXN0003299,CUST001218,439.65,Credit Card,,0,success,2026-02-14 06:01:21,0.0
TXN0003300,CUST001567,399.97,Bank Transfer,Routing Error,0,failed,2026-02-20 07:54:21,0.0
TXN0003301,CUST000017,1640.71,ACH,,0,success,2025-10-15 22:56:21,0.0
TXN0003302,CUST001001,625.03,Bank Transfer,Daily Limit Exceeded,1,failed,2026-03-15 20:52:21,262.76
TXN0003303,CUST000619,1628.82,Credit Card,,0,success,2026-05-27 04:34:21,0.0
TXN0003304,CUST000028,120.94,Debit Card,,0,success,2026-06-20 01:05:21,0.0
TXN0003305,CUST001206,1693.24,Credit Card,CVV Mismatch,0,failed,2026-04-04 06:46:21,0.0
TXN0003306,CUST001333,10051.64,Digital Wallet,Funding Source Declined,0,failed,2026-06-29 22:39:21,0.0
TXN0003307,CUST000633,1118.84,Bank Transfer,Account Closed,1,failed,2026-01-29 00:46:21,277.16
TXN0003308,CUST000463,1230.14,ACH,Account Inactive,0,failed,2025-10-01 10:42:21,0.0
TXN0003309,CUST000018,1338.99,Bank Transfer,,0,success,2026-06-04 03:29:21,0.0
TXN0003310,CUST000766,555.15,Credit Card,,0,success,2026-01-12 05:30:21,0.0
TXN0003311,CUST000576,3524.02,Wire Transfer,,1,pending,2026-05-12 20:36:21,0.0
TXN0003312,CUST000573,1376.14,Digital Wallet,,0,success,2026-05-29 18:32:21,0.0
TXN0003313,CUST001634,3019.03,Wire Transfer,,0,success,2026-04-13 10:47:21,0.0
TXN0003314,CUST001021,61.37,Debit Card,Insufficient Funds,0,failed,2025-10-03 02:33:21,0.0
TXN0003315,CUST001671,225.88,Credit Card,,0,success,2026-01-29 21:32:21,0.0
TXN0003316,CUST000303,166.32,Debit Card,,2,pending,2026-01-12 18:00:21,0.0
TXN0003317,CUST001648,1186.34,Credit Card,,0,success,2026-03-15 19:16:21,0.0
TXN0003318,CUST001795,1908.34,Credit Card,Insufficient Funds,0,failed,2025-10-02 06:29:21,446.11
TXN0003319,CUST001435,825.22,Bank Transfer,,0,success,2026-06-10 17:29:21,0.0
TXN0003320,CUST000051,2242.37,ACH,,1,success,2026-02-20 21:47:21,0.0
TXN0003321,CUST000094,444.77,Digital Wallet,Funding Source Declined,0,failed,2025-09-13 02:42:21,0.0
TXN0003322,CUST001746,864.21,Debit Card,Insufficient Funds,0,failed,2026-05-21 05:01:21,0.0
TXN0003323,CUST000179,576.39,Digital Wallet,Account Suspended,0,failed,2026-05-08 19:55:21,0.0
TXN0003324,CUST001422,803.11,ACH,,0,success,2026-08-11 02:21:21,0.0
TXN0003325,CUST000946,101.95,Credit Card,,0,pending,2025-08-30 03:55:21,0.0
TXN0003326,CUST000361,912.53,Credit Card,,0,success,2026-08-14 12:47:21,0.0
TXN0003327,CUST001787,125.5,Debit Card,,1,success,2025-12-23 01:06:21,0.0
TXN0003328,CUST001938,1541.24,Wire Transfer,,0,success,2026-02-28 10:45:21,0.0
TXN0003329,CUST001728,2125.73,Credit Card,Card Declined,0,failed,2025-09-07 18:14:21,0.0
TXN0003330,CUST000390,870.15,Bank Transfer,,0,success,2025-10-23 13:17:21,0.0
TXN0003331,CUST000199,124.33,Digital Wallet,,0,success,2025-09-08 09:35:21,0.0
TXN0003332,CUST001704,3809.64,Credit Card,,0,success,2026-06-23 01:01:21,0.0
TXN0003333,CUST001039,4461.52,Wire Transfer,,0,success,2026-08-10 17:03:21,0.0
TXN0003334,CUST000054,2207.06,Digital Wallet,,1,success,2026-01-05 06:56:21,0.0
TXN0003335,CUST000524,116.81,Debit Card,,0,success,2026-06-27 15:37:21,0.0
TXN0003336,CUST000090,453.42,Debit Card,,0,pending,2026-07-09 07:57:21,0.0
TXN0003337,CUST000278,620.74,Debit Card,Daily Limit Exceeded,1,failed,2025-11-18 00:31:21,269.02
TXN0003338,CUST001389,368.59,Bank Transfer,,0,success,2026-05-26 10:23:21,0.0
TXN0003339,CUST001010,2541.64,ACH,,0,success,2026-01-17 09:40:21,0.0
TXN0003340,CUST000963,397.79,Digital Wallet,,0,success,2025-12-27 02:08:21,0.0
TXN0003341,CUST000538,191.37,Debit Card,,0,pending,2026-05-09 10:19:21,0.0
TXN0003342,CUST000318,1632.58,ACH,,0,success,2025-12-11 07:48:21,0.0
TXN0003343,CUST000779,929.79,Debit Card,Card Declined,0,failed,2026-03-03 14:46:21,102.06
TXN0003344,CUST001160,2908.01,Digital Wallet,Funding Source Declined,1,failed,2026-02-27 20:25:21,1063.78
TXN0003345,CUST001682,5533.47,Debit Card,,0,success,2026-03-09 02:05:21,0.0
TXN0003346,CUST001844,731.66,Debit Card,,0,success,2025-10-06 08:58:21,0.0
TXN0003347,CUST000502,974.06,Debit Card,Card Declined,0,failed,2025-11-29 07:11:21,0.0
TXN0003348,CUST001625,232.15,Debit Card,Card Declined,0,failed,2025-12-22 11:08:21,0.0
TXN0003349,CUST000628,1673.07,Bank Transfer,,0,success,2026-06-26 11:53:21,0.0
TXN0003350,CUST000028,1428.71,Credit Card,,0,success,2026-07-23 00:39:21,0.0
TXN0003351,CUST000822,5495.61,ACH,,0,success,2026-04-03 11:03:21,0.0
TXN0003352,CUST000417,1094.31,Debit Card,,1,success,2026-02-21 20:24:21,0.0
TXN0003353,CUST000567,51.12,Debit Card,,0,success,2026-08-04 21:08:21,0.0
TXN0003354,CUST001019,368.84,Debit Card,,1,success,2025-10-11 11:24:21,0.0
TXN0003355,CUST000877,148.12,Debit Card,Daily Limit Exceeded,0,failed,2025-09-17 22:07:21,36.13
TXN0003356,CUST000035,166.79,Bank Transfer,,0,success,2025-09-19 05:52:21,0.0
TXN0003357,CUST001214,311.29,Credit Card,,0,success,2026-01-09 14:57:21,0.0
TXN0003358,CUST000379,508.13,Credit Card,Insufficient Funds,0,failed,2026-06-19 08:12:21,104.6
TXN0003359,CUST001489,2003.9,ACH,,0,success,2026-07-22 12:33:21,0.0
TXN0003360,CUST000197,69.47,Debit Card,Daily Limit Exceeded,0,failed,2026-06-12 23:24:21,0.0
TXN0003361,CUST001171,14710.7,Digital Wallet,,0,pending,2026-01-19 13:03:21,0.0
TXN0003362,CUST001161,843.15,Digital Wallet,,0,success,2026-02-02 06:52:21,0.0
TXN0003363,CUST000972,2274.71,Credit Card,Insufficient Funds,1,failed,2025-12-19 17:14:21,731.13
TXN0003364,CUST001696,496.11,Debit Card,,0,success,2026-05-26 04:00:21,0.0
TXN0003365,CUST001383,16372.86,Credit Card,,0,success,2026-03-07 09:52:21,0.0
TXN0003366,CUST001096,1015.41,Debit Card,,0,success,2026-01-24 21:13:21,0.0
TXN0003367,CUST001917,633.92,Digital Wallet,,0,pending,2025-10-08 10:52:21,0.0
TXN0003368,CUST001431,699.44,Debit Card,Card Declined,0,failed,2025-10-09 20:07:21,0.0
TXN0003369,CUST000064,1986.18,Bank Transfer,,0,success,2025-11-04 12:07:21,0.0
TXN0003370,CUST000341,664.68,ACH,Amount Limit Exceeded,1,failed,2026-07-23 20:35:21,181.55
TXN0003371,CUST000090,8118.75,ACH,,0,success,2026-02-16 00:10:21,0.0
TXN0003372,CUST000935,673.97,Credit Card,,0,success,2026-04-04 17:28:21,0.0
TXN0003373,CUST000003,1856.92,Bank Transfer,,0,success,2026-01-02 20:09:21,0.0
TXN0003374,CUST001363,353.61,Credit Card,,0,success,2025-12-16 20:09:21,0.0
TXN0003375,CUST001215,127.95,Bank Transfer,,0,pending,2026-07-13 18:36:21,0.0
TXN0003376,CUST001517,1865.23,Credit Card,,4,success,2026-08-10 23:34:21,0.0
TXN0003377,CUST000048,2527.75,Debit Card,,0,success,2025-09-05 00:58:21,0.0
TXN0003378,CUST001989,267.5,Digital Wallet,,0,success,2026-04-10 14:01:21,0.0
TXN0003379,CUST001972,6692.3,Debit Card,,0,success,2026-07-19 04:32:21,0.0
TXN0003380,CUST001332,7034.61,Digital Wallet,,0,success,2025-11-09 10:04:21,0.0
TXN0003381,CUST000453,160.22,Debit Card,Card Declined,0,failed,2026-01-01 09:28:21,0.0
TXN0003382,CUST001992,170.66,Debit Card,Card Declined,0,failed,2026-01-03 18:45:21,0.0
TXN0003383,CUST001165,262.45,Digital Wallet,,0,pending,2026-07-18 21:49:21,0.0
TXN0003384,CUST000542,276.32,Debit Card,,0,success,2025-11-14 13:40:21,0.0
TXN0003385,CUST000806,43.35,Credit Card,,3,pending,2026-04-05 18:46:21,0.0
TXN0003386,CUST000612,3949.96,Debit Card,,0,success,2026-03-31 09:14:21,0.0
TXN0003387,CUST000528,329.08,Debit Card,,0,success,2026-03-24 13:21:21,0.0
TXN0003388,CUST001901,1629.43,ACH,,0,success,2026-04-24 13:13:21,0.0
TXN0003389,CUST001935,330.53,Debit Card,Card Declined,1,failed,2026-05-04 13:32:21,110.22
TXN0003390,CUST001316,582.67,Bank Transfer,Routing Error,2,failed,2026-08-03 14:07:21,217.09
TXN0003391,CUST000263,2046.58,Credit Card,,0,success,2025-12-26 08:29:21,0.0
TXN0003392,CUST001288,1342.81,ACH,,0,success,2025-11-28 11:39:21,0.0
TXN0003393,CUST001194,70.58,Credit Card,,0,success,2026-04-12 05:13:21,0.0
TXN0003394,CUST000834,652.98,Credit Card,,1,success,2025-11-08 18:20:21,0.0
TXN0003395,CUST000239,1291.39,Credit Card,Expired Card,0,failed,2026-08-05 17:08:21,0.0
TXN0003396,CUST001745,215.7,Credit Card,,0,success,2026-05-21 22:48:21,0.0
TXN0003397,CUST000846,321.36,Credit Card,,0,success,2025-11-02 03:34:21,0.0
TXN0003398,CUST000077,1329.13,Bank Transfer,,0,pending,2026-08-06 23:11:21,0.0
TXN0003399,CUST001738,50.27,Credit Card,,0,success,2026-07-27 03:42:21,0.0
TXN0003400,CUST001161,2203.01,Credit Card,Card Declined,0,failed,2026-02-27 05:20:21,438.46
TXN0003401,CUST000418,102.27,Debit Card,,2,success,2026-01-03 21:34:21,0.0
TXN0003402,CUST000730,2332.7,Credit Card,,0,success,2025-10-27 20:16:21,0.0
TXN0003403,CUST000691,1293.49,Debit Card,,0,success,2025-12-30 07:53:21,0.0
TXN0003404,CUST001989,774.3,Bank Transfer,,0,success,2025-11-07 13:15:21,0.0
TXN0003405,CUST000535,2020.57,Debit Card,,0,success,2025-11-18 23:16:21,0.0
TXN0003406,CUST000741,804.81,Digital Wallet,,0,success,2026-05-07 06:24:21,0.0
TXN0003407,CUST000743,204.11,Credit Card,,0,success,2026-08-04 02:10:21,0.0
TXN0003408,CUST000391,179.89,Debit Card,,4,success,2026-06-08 10:41:21,0.0
TXN0003409,CUST000437,211.66,Digital Wallet,Device Not Verified,2,failed,2026-04-14 19:15:21,98.88
TXN0003410,CUST000039,670.84,Digital Wallet,,0,success,2025-08-27 14:02:21,0.0
TXN0003411,CUST001420,192.72,Credit Card,,0,success,2025-09-25 19:38:21,0.0
TXN0003412,CUST001703,15465.95,ACH,Routing Error,0,failed,2026-06-16 13:33:21,3967.84
TXN0003413,CUST000893,12088.86,Digital Wallet,,0,success,2026-08-03 03:32:21,0.0
TXN0003414,CUST000184,3155.02,ACH,,0,success,2026-01-15 23:24:21,0.0
TXN0003415,CUST000386,3436.46,Debit Card,,0,success,2026-03-27 01:35:21,0.0
TXN0003416,CUST000318,198.54,Credit Card,,0,pending,2026-02-22 07:18:21,0.0
TXN0003417,CUST000081,1228.56,Debit Card,,0,success,2026-04-06 19:03:21,0.0
TXN0003418,CUST000919,1807.94,Debit Card,,0,success,2026-06-08 02:16:21,0.0
TXN0003419,CUST001976,88.16,Credit Card,,0,success,2026-05-01 08:20:21,0.0
TXN0003420,CUST000395,172.74,Credit Card,,0,success,2026-07-04 02:15:21,0.0
TXN0003421,CUST000471,423.59,Digital Wallet,Funding Source Declined,0,failed,2025-12-31 18:24:21,0.0
TXN0003422,CUST000252,697.31,Wire Transfer,,0,success,2026-01-20 18:05:21,0.0
TXN0003423,CUST000022,8414.84,Debit Card,,0,success,2026-01-22 03:39:21,0.0
TXN0003424,CUST001250,6753.77,Debit Card,,0,success,2026-04-22 09:25:21,0.0
TXN0003425,CUST000278,690.53,Debit Card,,1,pending,2026-07-31 05:31:21,0.0
TXN0003426,CUST001177,242.31,Debit Card,,4,success,2025-11-16 23:36:21,0.0
TXN0003427,CUST000482,940.16,Credit Card,,0,success,2026-06-22 07:20:21,0.0
TXN0003428,CUST000939,188.96,Credit Card,Card Declined,0,failed,2025-11-03 08:37:21,29.6
TXN0003429,CUST001579,225.81,Credit Card,,0,success,2026-06-06 02:46:21,0.0
TXN0003430,CUST000600,122.92,Credit Card,,0,success,2026-01-15 09:02:21,0.0
TXN0003431,CUST000531,2752.35,Debit Card,,0,success,2026-07-06 16:47:21,0.0
TXN0003432,CUST001015,722.35,Credit Card,,0,pending,2026-04-16 19:22:21,0.0
TXN0003433,CUST001705,383.44,Digital Wallet,,0,success,2026-04-15 07:04:21,0.0
TXN0003434,CUST001110,1023.87,Debit Card,,0,success,2026-01-15 03:38:21,0.0
TXN0003435,CUST001289,183.2,Credit Card,,0,success,2026-07-27 03:19:21,0.0
TXN0003436,CUST000083,174.89,Bank Transfer,,0,success,2025-11-01 10:07:21,0.0
TXN0003437,CUST001553,237.51,Debit Card,,0,success,2025-12-11 08:41:21,0.0
TXN0003438,CUST001058,3808.78,Credit Card,,0,success,2025-10-11 02:00:21,0.0
TXN0003439,CUST001927,7106.69,ACH,Amount Limit Exceeded,1,failed,2026-07-16 06:25:21,2367.31
TXN0003440,CUST000097,96.64,Debit Card,,0,success,2026-08-07 00:44:21,0.0
TXN0003441,CUST001410,359.91,Debit Card,,0,success,2025-10-18 06:46:21,0.0
TXN0003442,CUST001999,940.1,Bank Transfer,,0,success,2026-01-08 06:33:21,0.0
TXN0003443,CUST000597,1485.82,ACH,,0,success,2026-05-04 13:19:21,0.0
TXN0003444,CUST001204,8701.46,Debit Card,,0,success,2025-10-15 23:44:21,0.0
TXN0003445,CUST001226,131.65,Credit Card,,0,pending,2026-07-02 17:22:21,0.0
TXN0003446,CUST000535,684.96,Debit Card,,0,success,2026-02-10 09:12:21,0.0
TXN0003447,CUST001176,543.38,Digital Wallet,,1,success,2026-06-06 08:05:21,0.0
TXN0003448,CUST000307,642.17,Wire Transfer,,0,success,2026-02-16 11:08:21,0.0
TXN0003449,CUST000534,432.47,Bank Transfer,,0,success,2025-10-01 19:34:21,0.0
TXN0003450,CUST001862,3735.85,Digital Wallet,,0,success,2025-09-07 14:36:21,0.0
TXN0003451,CUST000481,456.98,Credit Card,Expired Card,2,failed,2026-08-18 22:56:21,158.17
TXN0003452,CUST001023,412.95,Credit Card,,0,success,2025-11-03 22:28:21,0.0
TXN0003453,CUST000567,1838.64,Bank Transfer,,0,success,2026-08-22 20:49:21,0.0
TXN0003454,CUST001569,7859.62,Debit Card,,0,success,2026-03-03 05:49:21,0.0
TXN0003455,CUST000642,255.33,Bank Transfer,Daily Limit Exceeded,0,failed,2025-10-12 09:31:21,0.0
TXN0003456,CUST000034,3676.29,Wire Transfer,,0,success,2026-05-13 02:32:21,0.0
TXN0003457,CUST000649,3025.81,Credit Card,,0,success,2026-04-13 03:00:21,0.0
TXN0003458,CUST000972,90.25,Credit Card,,1,pending,2026-06-02 02:30:21,0.0
TXN0003459,CUST000315,192.73,Debit Card,Card Declined,2,failed,2026-02-04 20:54:21,66.12
TXN0003460,CUST000303,101.76,Debit Card,,2,success,2026-08-13 12:05:21,0.0
TXN0003461,CUST001900,2450.29,ACH,Routing Error,1,failed,2026-03-15 19:15:21,917.82
TXN0003462,CUST000755,1350.94,ACH,,0,pending,2025-09-21 09:51:21,0.0
TXN0003463,CUST000893,3551.13,Credit Card,,0,pending,2025-09-19 08:37:21,0.0
TXN0003464,CUST001732,942.13,Credit Card,CVV Mismatch,0,failed,2026-03-29 10:40:21,164.86
TXN0003465,CUST000088,939.25,Credit Card,,0,success,2026-07-20 21:46:21,0.0
TXN0003466,CUST000228,800.48,Bank Transfer,Insufficient Funds,1,failed,2026-05-15 09:22:21,327.45
TXN0003467,CUST001995,609.33,Credit Card,,0,success,2026-08-08 07:11:21,0.0
TXN0003468,CUST001745,2297.56,Credit Card,,0,success,2025-09-02 03:24:21,0.0
TXN0003469,CUST000172,134.42,Bank Transfer,Routing Error,0,failed,2026-02-18 09:10:21,0.0
TXN0003470,CUST001868,615.65,Credit Card,,0,success,2025-11-26 03:33:21,0.0
TXN0003471,CUST000855,11707.77,Credit Card,,0,success,2026-02-03 22:31:21,0.0
TXN0003472,CUST001355,3812.69,Debit Card,,0,success,2025-11-29 22:12:21,0.0
TXN0003473,CUST000120,1076.53,Digital Wallet,,0,success,2026-06-20 11:28:21,0.0
TXN0003474,CUST001332,2990.97,Credit Card,Insufficient Funds,0,failed,2025-12-16 17:48:21,333.67
TXN0003475,CUST000501,12192.17,Debit Card,,0,success,2025-12-04 21:39:21,0.0
TXN0003476,CUST000795,2389.93,Debit Card,,0,success,2026-04-05 19:41:21,0.0
TXN0003477,CUST001527,3609.55,ACH,Account Closed,0,failed,2026-05-08 22:46:21,0.0
TXN0003478,CUST001436,190.05,Credit Card,CVV Mismatch,0,failed,2026-06-15 03:24:21,0.0
TXN0003479,CUST000606,439.07,Credit Card,,0,pending,2026-07-27 07:10:21,0.0
TXN0003480,CUST001998,242.84,Debit Card,,0,success,2026-07-01 22:42:21,0.0
TXN0003481,CUST001047,81.16,Credit Card,,0,success,2025-11-10 09:33:21,0.0
TXN0003482,CUST001216,15315.82,Credit Card,,0,success,2026-01-12 03:36:21,0.0
TXN0003483,CUST001205,1606.98,Credit Card,,3,success,2025-10-18 23:52:21,0.0
TXN0003484,CUST000198,2817.25,Digital Wallet,,0,success,2025-12-07 10:16:21,0.0
TXN0003485,CUST001672,258.2,Bank Transfer,Routing Error,0,failed,2026-01-23 19:27:21,77.13
TXN0003486,CUST001527,425.47,Credit Card,CVV Mismatch,4,failed,2026-08-25 20:29:21,329.3
TXN0003487,CUST001140,2159.81,Debit Card,,0,success,2026-05-20 15:03:21,0.0
TXN0003488,CUST001718,46.22,Credit Card,CVV Mismatch,0,failed,2026-03-14 03:11:21,0.0
TXN0003489,CUST000138,719.49,Debit Card,,0,success,2025-11-19 10:28:21,0.0
TXN0003490,CUST001133,746.59,Digital Wallet,,0,success,2025-10-17 02:46:21,0.0
TXN0003491,CUST001572,5934.47,Bank Transfer,Daily Limit Exceeded,1,failed,2026-01-19 02:36:21,2117.91
TXN0003492,CUST000894,4967.19,Bank Transfer,,0,success,2026-05-29 14:32:21,0.0
TXN0003493,CUST000191,14007.95,Wire Transfer,,0,success,2026-02-11 10:38:21,0.0
TXN0003494,CUST000418,5075.0,ACH,Account Closed,0,failed,2026-07-16 16:07:21,0.0
TXN0003495,CUST001809,19261.85,Credit Card,,0,success,2025-11-23 20:17:21,0.0
TXN0003496,CUST000215,11.15,Digital Wallet,Session Expired,0,failed,2026-07-04 08:24:21,0.0
TXN0003497,CUST001559,2894.0,Debit Card,,4,success,2026-06-09 01:31:21,0.0
TXN0003498,CUST000142,31209.49,Credit Card,Insufficient Funds,0,failed,2025-12-10 09:14:21,0.0
TXN0003499,CUST000383,1059.67,Digital Wallet,,0,success,2026-07-26 15:58:21,0.0
TXN0003500,CUST001921,122.62,Bank Transfer,,0,success,2025-09-04 08:03:21,0.0
TXN0003501,CUST000988,85.96,Credit Card,Card Declined,1,failed,2025-10-09 09:05:21,27.11
TXN0003502,CUST000343,299.52,Bank Transfer,Account Closed,0,failed,2026-04-14 00:39:21,0.0
TXN0003503,CUST001634,62.98,Bank Transfer,,0,success,2026-01-12 19:21:21,0.0
TXN0003504,CUST001031,164.26,Debit Card,,0,pending,2025-10-28 18:51:21,0.0
TXN0003505,CUST001318,2099.77,Debit Card,,0,success,2026-03-01 10:57:21,0.0
TXN0003506,CUST000896,357.51,Digital Wallet,Funding Source Declined,0,failed,2026-02-16 20:44:21,0.0
TXN0003507,CUST000818,3869.18,ACH,,0,success,2026-06-01 12:33:21,0.0
TXN0003508,CUST001699,67.8,Credit Card,,0,success,2026-05-15 22:49:21,0.0
TXN0003509,CUST001159,677.39,Digital Wallet,,0,success,2026-06-05 22:08:21,0.0
TXN0003510,CUST000380,578.64,Credit Card,,0,success,2025-10-10 12:28:21,0.0
TXN0003511,CUST001512,2840.38,Credit Card,Insufficient Funds,0,failed,2026-08-16 18:11:21,0.0
TXN0003512,CUST000293,3637.28,ACH,,0,success,2025-10-29 23:24:21,0.0
TXN0003513,CUST001176,10.19,Credit Card,,1,success,2025-12-23 07:53:21,0.0
TXN0003514,CUST000567,3454.02,Credit Card,,0,success,2026-03-23 10:45:21,0.0
TXN0003515,CUST001146,2910.45,Bank Transfer,,0,success,2025-11-08 23:03:21,0.0
TXN0003516,CUST001379,8901.14,Digital Wallet,Session Expired,1,failed,2026-01-04 01:10:21,2623.32
TXN0003517,CUST001063,947.98,Credit Card,,0,success,2026-03-06 02:03:21,0.0
TXN0003518,CUST001099,162.6,Credit Card,Card Declined,1,failed,2025-11-01 15:27:21,40.15
TXN0003519,CUST000305,4059.14,Bank Transfer,Routing Error,0,failed,2025-12-07 19:32:21,0.0
TXN0003520,CUST001604,163.17,Bank Transfer,Account Closed,0,failed,2026-06-17 18:26:21,0.0
TXN0003521,CUST000594,4610.35,Digital Wallet,,1,success,2026-07-28 07:35:21,0.0
TXN0003522,CUST000555,5401.98,Bank Transfer,Account Closed,0,failed,2026-08-27 14:32:21,0.0
TXN0003523,CUST001138,163.82,Credit Card,CVV Mismatch,0,failed,2026-08-06 21:58:21,0.0
TXN0003524,CUST001669,6132.33,Digital Wallet,,0,success,2026-04-28 12:50:21,0.0
TXN0003525,CUST000537,206.63,Bank Transfer,,0,success,2026-07-04 15:06:21,0.0
TXN0003526,CUST001773,250.18,Credit Card,Expired Card,0,failed,2026-02-20 08:25:21,0.0
TXN0003527,CUST000165,99.8,Credit Card,,2,success,2026-02-09 11:03:21,0.0
TXN0003528,CUST000881,5259.04,Wire Transfer,,0,success,2025-10-02 02:27:21,0.0
TXN0003529,CUST001947,9452.23,Credit Card,,0,pending,2025-11-15 23:39:21,0.0
TXN0003530,CUST001691,897.18,Debit Card,,0,success,2025-11-23 10:34:21,0.0
TXN0003531,CUST000603,97.38,Bank Transfer,,0,success,2025-12-13 16:30:21,0.0
TXN0003532,CUST000040,142.52,Bank Transfer,,0,success,2025-11-29 17:18:21,0.0
TXN0003533,CUST001317,54.97,Debit Card,,0,success,2026-08-13 04:48:21,0.0
TXN0003534,CUST000876,1684.96,Debit Card,,0,success,2025-09-10 05:25:21,0.0
TXN0003535,CUST001200,100.78,Credit Card,,0,success,2026-04-21 03:50:21,0.0
TXN0003536,CUST000089,5878.98,ACH,,0,pending,2026-03-05 18:53:21,0.0
TXN0003537,CUST000821,865.12,Debit Card,,0,success,2026-02-18 03:09:21,0.0
TXN0003538,CUST000774,36.69,Debit Card,Card Declined,0,failed,2026-06-29 21:30:21,0.0
TXN0003539,CUST001224,4774.82,Credit Card,,0,success,2025-12-27 04:08:21,0.0
TXN0003540,CUST001574,160.27,Debit Card,,0,success,2026-05-28 04:50:21,0.0
TXN0003541,CUST001459,9226.1,Digital Wallet,Session Expired,0,failed,2026-08-12 23:57:21,977.8
TXN0003542,CUST001845,384.63,Digital Wallet,,0,success,2025-09-11 22:05:21,0.0
TXN0003543,CUST001231,331.16,Digital Wallet,,0,success,2026-06-02 04:34:21,0.0
TXN0003544,CUST000475,377.37,Credit Card,,0,success,2026-03-21 07:57:21,0.0
TXN0003545,CUST001986,3436.62,Wire Transfer,Amount Limit Exceeded,0,failed,2026-05-09 05:18:21,497.21
TXN0003546,CUST001766,55.78,Credit Card,,1,success,2026-07-31 07:41:21,0.0
TXN0003547,CUST001941,1587.81,Debit Card,,0,success,2026-07-13 05:29:21,0.0
TXN0003548,CUST000968,762.77,Debit Card,Daily Limit Exceeded,0,failed,2026-06-15 11:59:21,0.0
TXN0003549,CUST000872,594.95,Debit Card,,0,success,2025-11-26 11:54:21,0.0
TXN0003550,CUST001265,504.3,Bank Transfer,,0,success,2025-09-16 21:53:21,0.0
TXN0003551,CUST000371,3076.38,Wire Transfer,,0,pending,2025-09-13 21:20:21,0.0
TXN0003552,CUST000641,1442.62,Credit Card,Card Declined,3,failed,2025-12-13 21:57:21,707.18
TXN0003553,CUST000173,1439.44,ACH,,0,success,2026-07-30 21:30:21,0.0
TXN0003554,CUST000138,5062.44,Debit Card,,0,success,2026-02-23 22:50:21,0.0
TXN0003555,CUST001877,700.23,Debit Card,,0,success,2026-04-12 17:14:21,0.0
TXN0003556,CUST001308,53.45,Credit Card,Card Declined,0,failed,2026-03-28 17:33:21,0.0
TXN0003557,CUST001523,1526.3,ACH,,0,success,2026-03-30 04:35:21,0.0
TXN0003558,CUST000945,6617.44,Debit Card,Insufficient Funds,0,failed,2025-09-02 13:59:21,0.0
TXN0003559,CUST000549,1862.83,Digital Wallet,,0,success,2025-10-24 02:26:21,0.0
TXN0003560,CUST001001,2021.53,Digital Wallet,,1,success,2026-08-13 01:16:21,0.0
TXN0003561,CUST001489,373.07,Credit Card,,0,success,2026-07-23 10:16:21,0.0
TXN0003562,CUST000595,29.75,Credit Card,,0,success,2025-10-25 03:01:21,0.0
TXN0003563,CUST001051,184.61,Digital Wallet,,0,success,2026-05-30 15:24:21,0.0
TXN0003564,CUST000357,363.36,Debit Card,,0,success,2025-12-28 02:28:21,0.0
TXN0003565,CUST001135,9487.02,Wire Transfer,,0,success,2026-03-19 11:24:21,0.0
TXN0003566,CUST000251,89.19,Debit Card,,0,success,2026-03-24 19:08:21,0.0
TXN0003567,CUST000436,11462.44,Credit Card,,0,success,2025-12-23 16:25:21,0.0
TXN0003568,CUST001693,560.75,Debit Card,,0,success,2026-02-26 18:45:21,0.0
TXN0003569,CUST000600,1504.69,ACH,,0,success,2026-02-13 17:23:21,0.0
TXN0003570,CUST000907,1906.98,ACH,,0,success,2026-06-05 13:37:21,0.0
TXN0003571,CUST001910,5228.69,Debit Card,Insufficient Funds,2,failed,2026-05-12 20:20:21,2339.92
TXN0003572,CUST001179,1140.84,Credit Card,,0,success,2026-02-16 11:38:21,0.0
TXN0003573,CUST001990,1066.0,Credit Card,Card Declined,2,failed,2025-11-02 07:44:21,631.18
TXN0003574,CUST001230,1704.52,ACH,,3,success,2025-11-17 21:58:21,0.0
TXN0003575,CUST000121,30.03,Debit Card,,0,success,2026-04-30 10:43:21,0.0
TXN0003576,CUST000195,16033.68,Credit Card,,0,success,2026-01-30 10:55:21,0.0
TXN0003577,CUST000483,843.15,Debit Card,Account Locked,3,failed,2026-04-08 08:56:21,404.07
TXN0003578,CUST000610,2523.6,ACH,,0,success,2025-09-18 12:42:21,0.0
TXN0003579,CUST000760,2040.94,Debit Card,,0,success,2025-11-13 20:36:21,0.0
TXN0003580,CUST001005,1039.83,Debit Card,,0,success,2025-08-29 14:06:21,0.0
TXN0003581,CUST000259,41381.49,Wire Transfer,,0,success,2026-07-02 14:25:21,0.0
TXN0003582,CUST000418,72.33,Digital Wallet,,2,success,2025-11-02 17:42:21,0.0
TXN0003583,CUST001353,13042.08,Wire Transfer,,0,success,2025-10-09 05:36:21,0.0
TXN0003584,CUST001870,187.58,Debit Card,,0,success,2025-10-04 12:30:21,0.0
TXN0003585,CUST001841,1014.19,Credit Card,Insufficient Funds,0,failed,2026-03-12 13:55:21,0.0
TXN0003586,CUST001683,6213.0,Debit Card,,0,success,2026-07-08 23:38:21,0.0
TXN0003587,CUST000872,95.93,Bank Transfer,,0,success,2026-06-07 16:03:21,0.0
TXN0003588,CUST000215,3015.83,Wire Transfer,Account Closed,0,failed,2026-05-12 15:56:21,0.0
TXN0003589,CUST000890,273.94,Debit Card,Insufficient Funds,1,failed,2026-04-24 12:57:21,120.92
TXN0003590,CUST000164,6855.44,Debit Card,,0,success,2026-03-08 14:28:21,0.0
TXN0003591,CUST000047,489.71,Debit Card,,0,success,2025-10-15 10:30:21,0.0
TXN0003592,CUST001728,50000.0,Credit Card,,0,success,2025-10-10 02:35:21,0.0
TXN0003593,CUST000207,610.27,Debit Card,,0,success,2026-02-19 22:19:21,0.0
TXN0003594,CUST000871,2319.71,ACH,,0,success,2025-11-02 02:14:21,0.0
TXN0003595,CUST000766,139.96,Bank Transfer,Insufficient Funds,0,failed,2025-11-26 07:40:21,0.0
TXN0003596,CUST001969,13194.4,ACH,,0,success,2025-09-19 22:16:21,0.0
TXN0003597,CUST001307,259.25,Bank Transfer,Account Closed,4,failed,2026-04-26 14:23:21,232.2
TXN0003598,CUST001176,4580.54,Digital Wallet,,1,success,2025-11-07 17:09:21,0.0
TXN0003599,CUST000968,1420.22,ACH,,0,pending,2026-06-27 00:42:21,0.0
TXN0003600,CUST001176,208.02,Credit Card,Card Declined,0,failed,2025-11-28 04:34:21,0.0
TXN0003601,CUST000252,1039.17,ACH,Routing Error,0,failed,2026-06-19 23:15:21,0.0
TXN0003602,CUST000424,253.46,Digital Wallet,,0,success,2026-03-05 09:38:21,0.0
TXN0003603,CUST001017,654.34,Bank Transfer,,0,success,2026-06-17 18:23:21,0.0
TXN0003604,CUST000798,593.18,Debit Card,,0,success,2025-10-25 19:52:21,0.0
TXN0003605,CUST000986,3965.97,Credit Card,,0,pending,2025-10-16 06:43:21,0.0
TXN0003606,CUST000366,3153.26,Digital Wallet,,0,success,2026-01-20 06:05:21,0.0
TXN0003607,CUST000598,1280.62,Digital Wallet,,0,success,2026-04-24 05:47:21,0.0
TXN0003608,CUST000791,1214.16,Credit Card,Insufficient Funds,4,failed,2026-05-24 21:06:21,826.11
TXN0003609,CUST000237,1719.44,Bank Transfer,,0,success,2026-02-07 10:49:21,0.0
TXN0003610,CUST001928,773.08,Debit Card,,3,success,2026-04-27 16:57:21,0.0
TXN0003611,CUST001307,2062.58,Bank Transfer,,4,success,2025-11-22 13:02:21,0.0
TXN0003612,CUST001332,625.24,Credit Card,,0,success,2026-08-25 21:30:21,0.0
TXN0003613,CUST000528,3068.72,Debit Card,,0,success,2026-02-16 00:12:21,0.0
TXN0003614,CUST000308,1770.93,Bank Transfer,,0,success,2026-07-20 06:31:21,0.0
TXN0003615,CUST001497,1763.59,ACH,,3,success,2026-03-15 11:31:21,0.0
TXN0003616,CUST000534,601.94,Credit Card,,0,success,2025-10-06 23:02:21,0.0
TXN0003617,CUST000088,2463.65,Debit Card,,0,success,2026-06-26 07:16:21,0.0
TXN0003618,CUST001120,25318.46,Credit Card,CVV Mismatch,3,failed,2026-05-11 08:12:21,14208.7
TXN0003619,CUST000417,451.5,Debit Card,,1,pending,2026-06-20 15:33:21,0.0
TXN0003620,CUST000523,2447.97,Digital Wallet,Session Expired,1,failed,2025-11-30 14:14:21,658.01
TXN0003621,CUST001627,587.64,Credit Card,Insufficient Funds,0,failed,2026-08-05 18:57:21,129.94
TXN0003622,CUST001424,2111.08,Debit Card,,0,success,2025-10-21 11:44:21,0.0
TXN0003623,CUST001167,656.26,Credit Card,Insufficient Funds,0,failed,2026-04-07 12:56:21,0.0
TXN0003624,CUST000553,160.59,Credit Card,,0,success,2026-03-02 04:34:21,0.0
TXN0003625,CUST001703,3337.02,Bank Transfer,,0,success,2026-03-12 14:41:21,0.0
TXN0003626,CUST000279,3200.03,Debit Card,,0,success,2026-06-25 18:11:21,0.0
TXN0003627,CUST000044,127.2,ACH,,0,success,2025-11-17 15:21:21,0.0
TXN0003628,CUST001552,254.02,Credit Card,,0,success,2026-04-11 08:39:21,0.0
TXN0003629,CUST000416,799.0,Credit Card,Card Declined,0,failed,2025-12-04 05:56:21,104.7
TXN0003630,CUST001124,354.8,Credit Card,,0,success,2025-09-28 09:06:21,0.0
TXN0003631,CUST000456,118.98,Digital Wallet,,0,success,2026-05-10 20:10:21,0.0
TXN0003632,CUST000921,209.89,Credit Card,,0,success,2026-04-30 10:28:21,0.0
TXN0003633,CUST001276,543.97,Digital Wallet,,0,success,2026-03-03 01:56:21,0.0
TXN0003634,CUST001789,132.93,Debit Card,,0,success,2026-08-17 02:54:21,0.0
TXN0003635,CUST001036,3731.53,Bank Transfer,,3,success,2026-06-04 06:29:21,0.0
TXN0003636,CUST000560,1393.75,Credit Card,,0,success,2026-05-01 05:49:21,0.0
TXN0003637,CUST000743,224.11,Credit Card,,0,success,2026-01-04 04:28:21,0.0
TXN0003638,CUST000235,338.43,Credit Card,Card Declined,1,failed,2025-09-08 16:44:21,135.39
TXN0003639,CUST001443,5994.37,Bank Transfer,,0,pending,2025-11-12 02:18:21,0.0
TXN0003640,CUST000449,202.13,Credit Card,Card Declined,1,failed,2026-07-21 06:49:21,74.21
TXN0003641,CUST001262,530.38,Credit Card,,0,success,2025-10-08 04:19:21,0.0
TXN0003642,CUST001115,1126.43,ACH,Account Closed,2,failed,2026-02-09 23:33:21,356.75
TXN0003643,CUST000834,1355.53,Credit Card,,1,pending,2026-05-29 21:23:21,0.0
TXN0003644,CUST001725,1922.51,Bank Transfer,,0,success,2026-06-16 03:10:21,0.0
TXN0003645,CUST000039,84.48,Digital Wallet,,0,success,2025-10-01 11:15:21,0.0
TXN0003646,CUST001976,326.86,Debit Card,Card Declined,0,failed,2026-08-02 07:16:21,0.0
TXN0003647,CUST001077,1683.52,Debit Card,,0,success,2025-09-09 20:15:21,0.0
TXN0003648,CUST001653,2669.87,ACH,Account Closed,3,failed,2025-09-28 03:25:21,1251.31
TXN0003649,CUST000311,629.63,Digital Wallet,,0,success,2026-08-11 13:07:21,0.0
TXN0003650,CUST000485,49.07,Digital Wallet,,4,success,2026-01-27 09:20:21,0.0
TXN0003651,CUST001928,270.57,Debit Card,Insufficient Funds,0,failed,2025-11-03 08:28:21,75.58
TXN0003652,CUST000975,1233.89,Digital Wallet,,1,success,2026-08-13 07:22:21,0.0
TXN0003653,CUST000280,95.42,Credit Card,,0,success,2026-08-22 07:37:21,0.0
TXN0003654,CUST001261,194.9,Credit Card,,0,success,2026-05-23 06:47:21,0.0
TXN0003655,CUST000329,2426.14,Digital Wallet,,0,pending,2026-02-14 14:26:21,0.0
TXN0003656,CUST000968,30.13,Credit Card,,0,success,2025-09-26 19:57:21,0.0
TXN0003657,CUST001219,5855.46,Digital Wallet,Session Expired,2,failed,2025-08-29 23:41:21,2260.74
TXN0003658,CUST000230,98.95,Credit Card,,0,success,2026-07-02 14:18:21,0.0
TXN0003659,CUST001976,741.09,ACH,Account Inactive,0,failed,2026-03-25 01:02:21,0.0
TXN0003660,CUST001842,17043.58,ACH,,0,success,2026-03-26 22:34:21,0.0
TXN0003661,CUST001849,263.59,Digital Wallet,,0,success,2026-07-11 12:03:21,0.0
TXN0003662,CUST000090,125.8,Digital Wallet,Session Expired,0,failed,2026-06-16 08:30:21,0.0
TXN0003663,CUST001496,401.3,Bank Transfer,,0,success,2026-01-11 16:32:21,0.0
TXN0003664,CUST001108,6529.38,Digital Wallet,Funding Source Declined,0,failed,2025-10-11 21:08:21,0.0
TXN0003665,CUST000344,909.85,Credit Card,,0,success,2026-07-18 11:59:21,0.0
TXN0003666,CUST000615,725.83,Credit Card,,0,success,2026-08-15 11:20:21,0.0
TXN0003667,CUST000742,1347.12,Debit Card,,0,success,2026-02-25 13:54:21,0.0
TXN0003668,CUST000783,12816.86,Digital Wallet,Account Suspended,0,failed,2025-11-26 13:29:21,0.0
TXN0003669,CUST000350,1569.74,Digital Wallet,,0,success,2025-11-24 19:40:21,0.0
TXN0003670,CUST001501,1206.61,Bank Transfer,,0,success,2025-11-26 19:12:21,0.0
TXN0003671,CUST000877,1785.27,ACH,,0,success,2025-12-07 11:02:21,0.0
TXN0003672,CUST000642,1101.04,ACH,,0,success,2026-07-29 07:56:21,0.0
TXN0003673,CUST000639,414.0,Credit Card,,0,success,2026-08-15 15:41:21,0.0
TXN0003674,CUST000972,3342.05,ACH,,1,success,2026-07-13 14:21:21,0.0
TXN0003675,CUST001005,4555.96,Bank Transfer,,0,success,2025-11-11 04:23:21,0.0
TXN0003676,CUST000090,747.71,Debit Card,Insufficient Funds,0,failed,2025-12-01 02:03:21,0.0
TXN0003677,CUST001496,5340.08,Debit Card,,0,success,2026-05-18 22:14:21,0.0
TXN0003678,CUST000932,823.5,Digital Wallet,,1,success,2026-04-11 18:26:21,0.0
TXN0003679,CUST000241,258.47,Bank Transfer,Daily Limit Exceeded,0,failed,2026-01-19 03:19:21,0.0
TXN0003680,CUST000020,4333.11,ACH,Amount Limit Exceeded,0,failed,2025-12-19 10:41:21,753.06
TXN0003681,CUST000052,208.87,Credit Card,,0,pending,2026-03-13 07:32:21,0.0
TXN0003682,CUST000780,12908.01,ACH,Account Inactive,0,failed,2025-12-05 20:13:21,0.0
TXN0003683,CUST001524,1821.86,Credit Card,,0,success,2026-02-02 18:13:21,0.0
TXN0003684,CUST001254,50.77,Debit Card,,0,success,2025-11-08 14:23:21,0.0
TXN0003685,CUST000785,439.72,Debit Card,,1,pending,2026-08-27 07:51:21,0.0
TXN0003686,CUST001742,51.5,Debit Card,,0,success,2025-10-11 03:36:21,0.0
TXN0003687,CUST000702,1129.14,ACH,,0,success,2026-01-06 08:35:21,0.0
TXN0003688,CUST001090,5719.36,Credit Card,,0,success,2025-11-05 08:59:21,0.0
TXN0003689,CUST001266,173.3,Credit Card,Card Declined,0,failed,2026-03-08 22:54:21,26.42
TXN0003690,CUST001948,10.0,Bank Transfer,,0,success,2025-11-20 18:58:21,0.0
TXN0003691,CUST000796,45.1,Credit Card,Card Declined,1,failed,2025-10-26 13:56:21,19.51
TXN0003692,CUST001232,1494.65,Credit Card,Expired Card,0,failed,2026-07-09 08:35:21,0.0
TXN0003693,CUST001264,1328.64,Debit Card,Daily Limit Exceeded,0,failed,2026-07-15 22:23:21,0.0
TXN0003694,CUST001138,166.25,Debit Card,,0,success,2025-09-07 00:07:21,0.0
TXN0003695,CUST001555,68.67,Credit Card,,0,success,2026-06-13 08:16:21,0.0
TXN0003696,CUST001649,1713.53,Debit Card,,1,success,2026-08-22 06:05:21,0.0
TXN0003697,CUST001692,762.61,Debit Card,Card Declined,1,failed,2026-08-12 18:08:21,319.51
TXN0003698,CUST001178,5367.96,ACH,,0,success,2026-04-21 22:51:21,0.0
TXN0003699,CUST000560,2130.99,Digital Wallet,,0,success,2026-01-18 18:19:21,0.0
TXN0003700,CUST000196,321.85,Debit Card,Daily Limit Exceeded,2,failed,2025-10-02 09:27:21,181.77
TXN0003701,CUST001447,134.96,Credit Card,,1,success,2026-07-12 09:56:21,0.0
TXN0003702,CUST001976,3079.24,Credit Card,,0,success,2025-12-08 17:50:21,0.0
TXN0003703,CUST000592,169.94,Credit Card,,0,success,2026-06-12 20:19:21,0.0
TXN0003704,CUST001388,2078.18,Credit Card,,0,success,2026-07-23 17:12:21,0.0
TXN0003705,CUST001854,263.71,Digital Wallet,Funding Source Declined,0,failed,2026-02-25 12:16:21,30.03
TXN0003706,CUST000328,88.06,Debit Card,,0,success,2026-05-06 20:59:21,0.0
TXN0003707,CUST001001,113.13,Credit Card,Expired Card,1,failed,2025-11-15 03:53:21,35.7
TXN0003708,CUST000220,118.21,Credit Card,,0,success,2026-07-23 12:17:21,0.0
TXN0003709,CUST001996,353.53,Credit Card,,2,pending,2025-11-12 08:10:21,0.0
TXN0003710,CUST001828,1689.22,Debit Card,,0,pending,2026-08-12 06:59:21,0.0
TXN0003711,CUST000449,708.76,ACH,Account Closed,1,failed,2026-08-01 06:20:21,166.4
TXN0003712,CUST001070,4499.22,Credit Card,Insufficient Funds,1,failed,2026-07-13 08:32:21,1561.27
TXN0003713,CUST000360,692.19,Digital Wallet,,1,pending,2026-06-23 13:41:21,0.0
TXN0003714,CUST001285,2541.19,Debit Card,,1,success,2026-03-02 06:20:21,0.0
TXN0003715,CUST001854,1914.65,Debit Card,Insufficient Funds,3,failed,2026-02-18 07:57:21,800.39
TXN0003716,CUST000892,1121.99,Digital Wallet,,0,success,2026-05-05 08:30:21,0.0
TXN0003717,CUST000530,3189.65,Wire Transfer,,0,success,2026-08-04 22:47:21,0.0
TXN0003718,CUST001196,1692.22,Credit Card,,0,success,2026-01-26 00:34:21,0.0
TXN0003719,CUST000785,2299.43,Credit Card,,1,success,2026-08-16 04:49:21,0.0
TXN0003720,CUST000865,68.85,Digital Wallet,Device Not Verified,0,failed,2025-10-12 01:42:21,0.0
TXN0003721,CUST001732,2496.17,ACH,Amount Limit Exceeded,0,failed,2026-01-25 05:57:21,0.0
TXN0003722,CUST001096,21.84,Credit Card,Card Declined,0,failed,2026-07-07 08:45:21,0.0
TXN0003723,CUST000460,353.46,Bank Transfer,,0,success,2026-05-26 20:00:21,0.0
TXN0003724,CUST001044,10.0,Debit Card,,0,success,2026-02-10 20:29:21,0.0
TXN0003725,CUST000820,5457.19,Wire Transfer,,0,success,2026-06-23 00:24:21,0.0
TXN0003726,CUST001273,70.8,Digital Wallet,,0,success,2026-01-30 15:00:21,0.0
TXN0003727,CUST001730,504.03,Bank Transfer,Insufficient Funds,1,failed,2026-07-17 11:18:21,176.16
TXN0003728,CUST001309,1763.64,Credit Card,,0,pending,2026-08-21 07:02:21,0.0
TXN0003729,CUST000223,200.24,Bank Transfer,Daily Limit Exceeded,0,failed,2026-06-15 04:13:21,0.0
TXN0003730,CUST000557,314.67,Debit Card,,0,success,2026-03-24 07:09:21,0.0
TXN0003731,CUST001800,921.32,Debit Card,,0,success,2026-06-11 05:19:21,0.0
TXN0003732,CUST000730,331.24,Bank Transfer,,0,success,2026-04-20 12:41:21,0.0
TXN0003733,CUST000336,9646.58,Credit Card,,0,success,2026-06-01 08:03:21,0.0
TXN0003734,CUST000567,458.97,Debit Card,,0,success,2025-10-03 05:39:21,0.0
TXN0003735,CUST001124,2916.38,Debit Card,,0,success,2025-12-19 01:54:21,0.0
TXN0003736,CUST001088,499.77,ACH,Amount Limit Exceeded,1,failed,2025-09-19 19:14:21,167.09
TXN0003737,CUST000691,2882.22,Credit Card,,0,success,2026-04-02 15:33:21,0.0
TXN0003738,CUST001652,573.92,Credit Card,Address Mismatch,3,failed,2025-12-06 23:51:21,347.41
TXN0003739,CUST001100,503.2,Credit Card,CVV Mismatch,1,failed,2026-04-18 08:06:21,179.31
TXN0003740,CUST001673,1609.27,Debit Card,Card Declined,2,failed,2026-07-13 02:36:21,667.02
TXN0003741,CUST000637,102.0,Credit Card,,0,pending,2026-04-08 05:37:21,0.0
TXN0003742,CUST000507,1161.63,Credit Card,,2,success,2026-06-28 10:03:21,0.0
TXN0003743,CUST000858,30.76,Credit Card,,3,success,2025-11-30 19:28:21,0.0
TXN0003744,CUST000491,374.89,Credit Card,,0,success,2026-07-07 09:42:21,0.0
TXN0003745,CUST001035,633.03,Credit Card,,0,success,2026-07-30 02:18:21,0.0
TXN0003746,CUST001681,2641.66,Wire Transfer,Sender Unverified,0,failed,2025-10-28 12:50:21,0.0
TXN0003747,CUST000102,5353.47,Credit Card,,0,success,2026-08-12 08:15:21,0.0
TXN0003748,CUST001307,4787.82,Digital Wallet,,4,success,2026-04-27 04:40:21,0.0
TXN0003749,CUST001531,12007.25,Credit Card,Expired Card,0,failed,2025-09-28 15:02:21,1538.21
TXN0003750,CUST000260,713.22,Digital Wallet,Device Not Verified,0,failed,2026-06-09 20:45:21,0.0
TXN0003751,CUST001539,1111.16,Credit Card,,0,success,2025-12-12 00:22:21,0.0
TXN0003752,CUST000584,11800.4,Debit Card,,2,success,2025-10-06 17:36:21,0.0
TXN0003753,CUST001777,2398.99,Credit Card,,0,pending,2026-08-23 12:21:21,0.0
TXN0003754,CUST001116,988.74,Debit Card,,0,pending,2026-03-08 16:18:21,0.0
TXN0003755,CUST000047,180.92,Digital Wallet,,0,success,2026-06-03 14:55:21,0.0
TXN0003756,CUST001715,482.8,Credit Card,,0,success,2025-12-30 03:39:21,0.0
TXN0003757,CUST001558,66.75,Credit Card,Insufficient Funds,2,failed,2026-07-01 19:22:21,26.49
TXN0003758,CUST001132,122.38,Credit Card,,1,success,2026-07-02 12:58:21,0.0
TXN0003759,CUST000317,1146.54,Credit Card,Card Declined,0,failed,2025-10-26 13:48:21,0.0
TXN0003760,CUST000515,436.56,ACH,,0,success,2025-11-27 01:57:21,0.0
TXN0003761,CUST000465,388.54,Digital Wallet,,0,success,2025-11-15 04:31:21,0.0
TXN0003762,CUST000373,105.9,Debit Card,,0,success,2025-11-21 07:45:21,0.0
TXN0003763,CUST001125,130.5,Digital Wallet,,0,pending,2026-02-28 17:33:21,0.0
TXN0003764,CUST000065,695.54,Digital Wallet,Session Expired,0,failed,2026-03-31 01:37:21,0.0
TXN0003765,CUST000437,220.92,Debit Card,,2,success,2026-05-25 02:36:21,0.0
TXN0003766,CUST000953,81.55,Debit Card,Insufficient Funds,0,failed,2025-10-23 10:40:21,0.0
TXN0003767,CUST000722,452.09,Credit Card,,0,success,2026-04-17 19:46:21,0.0
TXN0003768,CUST000797,613.08,Digital Wallet,,0,success,2025-09-12 11:06:21,0.0
TXN0003769,CUST000793,801.96,Credit Card,,0,success,2026-04-24 13:34:21,0.0
TXN0003770,CUST001908,381.8,Digital Wallet,,0,pending,2026-06-17 06:08:21,0.0
TXN0003771,CUST000271,75.14,Digital Wallet,,0,success,2026-03-29 04:04:21,0.0
TXN0003772,CUST000772,633.94,Digital Wallet,,0,success,2026-05-09 02:05:21,0.0
TXN0003773,CUST001704,1160.22,Bank Transfer,,0,success,2026-04-18 03:10:21,0.0
TXN0003774,CUST001440,468.75,Credit Card,,0,success,2026-07-01 12:54:21,0.0
TXN0003775,CUST001184,8148.46,Wire Transfer,Amount Limit Exceeded,0,failed,2026-05-08 08:28:21,0.0
TXN0003776,CUST000220,5474.05,ACH,,0,success,2025-10-25 05:36:21,0.0
TXN0003777,CUST001146,457.28,Digital Wallet,,0,pending,2026-06-14 05:05:21,0.0
TXN0003778,CUST000773,89.55,Credit Card,,0,success,2026-02-22 09:53:21,0.0
TXN0003779,CUST001431,242.04,Debit Card,,0,pending,2025-08-28 01:14:21,0.0
TXN0003780,CUST001917,5714.44,Credit Card,,0,success,2026-03-13 01:09:21,0.0
TXN0003781,CUST000192,130.67,Bank Transfer,Account Closed,0,failed,2026-04-08 17:02:21,0.0
TXN0003782,CUST000385,385.54,Bank Transfer,,0,success,2025-11-01 18:34:21,0.0
TXN0003783,CUST000656,102.99,Credit Card,,0,success,2025-11-18 22:08:21,0.0
TXN0003784,CUST001873,2801.19,Credit Card,,0,success,2026-06-18 14:39:21,0.0
TXN0003785,CUST000976,2335.53,ACH,,0,success,2026-03-13 05:20:21,0.0
TXN0003786,CUST001198,399.11,Credit Card,,0,success,2025-12-16 16:22:21,0.0
TXN0003787,CUST000532,31.63,Debit Card,,0,success,2025-10-05 06:40:21,0.0
TXN0003788,CUST001226,677.15,Credit Card,,0,success,2026-05-03 09:04:21,0.0
TXN0003789,CUST001200,3450.05,Debit Card,,0,success,2026-01-17 08:35:21,0.0
TXN0003790,CUST001581,1815.57,Debit Card,,0,pending,2026-01-03 18:19:21,0.0
TXN0003791,CUST000753,253.37,Bank Transfer,,3,success,2026-08-14 18:15:21,0.0
TXN0003792,CUST000498,170.94,Credit Card,,1,success,2026-02-23 19:37:21,0.0
TXN0003793,CUST001458,783.03,Credit Card,,1,success,2025-10-04 00:58:21,0.0
TXN0003794,CUST000126,66.14,Bank Transfer,Daily Limit Exceeded,3,failed,2026-05-03 16:27:21,28.39
TXN0003795,CUST001820,3472.42,Credit Card,,0,success,2026-03-26 15:34:21,0.0
TXN0003796,CUST000941,1391.29,Bank Transfer,,0,success,2026-02-13 07:18:21,0.0
TXN0003797,CUST000681,3325.56,Credit Card,Card Declined,0,failed,2025-09-11 16:03:21,0.0
TXN0003798,CUST001830,184.92,Credit Card,,0,success,2025-11-16 15:35:21,0.0
TXN0003799,CUST000094,468.75,Digital Wallet,,0,success,2026-01-21 00:20:21,0.0
TXN0003800,CUST001193,6085.1,Bank Transfer,,3,success,2025-09-13 02:19:21,0.0
TXN0003801,CUST000139,401.95,Debit Card,,0,success,2025-09-01 02:07:21,0.0
TXN0003802,CUST001746,123.74,Bank Transfer,,0,success,2026-02-03 17:02:21,0.0
TXN0003803,CUST000734,2472.98,ACH,,0,success,2026-05-08 16:01:21,0.0
TXN0003804,CUST001712,209.96,Credit Card,Expired Card,0,failed,2025-09-07 07:37:21,0.0
TXN0003805,CUST001125,2746.18,Credit Card,,0,success,2026-02-07 13:45:21,0.0
TXN0003806,CUST000868,290.37,Bank Transfer,,1,success,2026-02-20 01:12:21,0.0
TXN0003807,CUST001834,149.03,Debit Card,Insufficient Funds,0,failed,2025-10-23 03:58:21,0.0
TXN0003808,CUST000395,135.84,Digital Wallet,,0,success,2026-03-13 12:34:21,0.0
TXN0003809,CUST001949,418.45,Wire Transfer,,3,pending,2026-08-23 22:16:21,0.0
TXN0003810,CUST001512,113.15,Digital Wallet,,0,success,2026-01-10 06:41:21,0.0
TXN0003811,CUST001220,67.76,Debit Card,,0,success,2026-03-07 21:12:21,0.0
TXN0003812,CUST000198,1034.41,Digital Wallet,Account Suspended,1,failed,2025-12-02 00:19:21,291.18
TXN0003813,CUST000977,242.41,Digital Wallet,,0,success,2026-06-22 17:42:21,0.0
TXN0003814,CUST001457,1797.7,Digital Wallet,,0,success,2026-05-30 12:19:21,0.0
TXN0003815,CUST000218,141.95,Digital Wallet,,0,success,2026-02-19 11:32:21,0.0
TXN0003816,CUST001243,321.81,Credit Card,,0,success,2026-01-24 03:25:21,0.0
TXN0003817,CUST000323,2048.0,Debit Card,,0,success,2025-11-22 21:21:21,0.0
TXN0003818,CUST001579,32.38,Credit Card,,0,success,2025-11-05 15:14:21,0.0
TXN0003819,CUST001641,1055.21,ACH,,2,success,2026-01-22 14:28:21,0.0
TXN0003820,CUST001159,218.39,Debit Card,,0,success,2026-05-25 07:31:21,0.0
TXN0003821,CUST001924,232.31,Debit Card,,0,success,2025-11-09 15:28:21,0.0
TXN0003822,CUST001653,178.8,Credit Card,Insufficient Funds,0,failed,2026-04-12 16:35:21,0.0
TXN0003823,CUST001098,9863.54,Digital Wallet,,0,success,2026-07-22 17:59:21,0.0
TXN0003824,CUST001556,413.85,Digital Wallet,Funding Source Declined,0,failed,2026-07-17 19:29:21,0.0
TXN0003825,CUST001789,286.81,Credit Card,,0,success,2026-03-05 11:28:21,0.0
TXN0003826,CUST000597,301.24,Credit Card,,0,success,2026-05-14 03:02:21,0.0
TXN0003827,CUST000376,491.2,Credit Card,Insufficient Funds,2,failed,2025-11-06 00:34:21,254.08
TXN0003828,CUST000576,7935.67,Bank Transfer,,1,success,2025-11-12 23:38:21,0.0
TXN0003829,CUST000495,121.86,Bank Transfer,Routing Error,0,failed,2026-08-11 09:03:21,0.0
TXN0003830,CUST000666,2517.63,Bank Transfer,Insufficient Funds,0,failed,2025-10-18 15:08:21,0.0
TXN0003831,CUST001296,496.13,Digital Wallet,Funding Source Declined,0,failed,2025-09-04 02:40:21,0.0
TXN0003832,CUST001108,1509.45,Debit Card,,0,success,2026-06-07 14:21:21,0.0
TXN0003833,CUST000456,223.6,Digital Wallet,,0,pending,2026-08-03 22:39:21,0.0
TXN0003834,CUST000880,178.32,Credit Card,Address Mismatch,0,failed,2026-01-25 18:03:21,0.0
TXN0003835,CUST001688,2059.21,Credit Card,Card Declined,0,failed,2025-11-17 12:09:21,594.3
TXN0003836,CUST000421,5770.69,Wire Transfer,,0,success,2026-04-14 12:41:21,0.0
TXN0003837,CUST000766,1905.81,ACH,Account Inactive,0,failed,2025-11-21 19:09:21,0.0
TXN0003838,CUST000858,1096.46,Bank Transfer,,3,success,2026-02-22 18:34:21,0.0
TXN0003839,CUST000348,227.9,Digital Wallet,Account Suspended,0,failed,2026-06-01 13:26:21,0.0
TXN0003840,CUST000278,3895.7,Credit Card,Expired Card,2,failed,2026-03-28 00:49:21,2236.21
TXN0003841,CUST000047,852.23,Debit Card,,0,success,2026-08-10 14:14:21,0.0
TXN0003842,CUST000858,677.75,Debit Card,,3,pending,2026-05-22 01:15:21,0.0
TXN0003843,CUST001375,96.7,Bank Transfer,Account Closed,1,failed,2026-02-17 11:37:21,22.44
TXN0003844,CUST001748,485.0,ACH,,0,success,2026-06-30 12:32:21,0.0
TXN0003845,CUST000692,471.51,Debit Card,,0,pending,2025-09-13 07:14:21,0.0
TXN0003846,CUST001190,832.81,Credit Card,,0,success,2025-11-17 15:10:21,0.0
TXN0003847,CUST000427,396.63,Debit Card,,0,success,2026-04-25 01:32:21,0.0
TXN0003848,CUST001047,677.59,Credit Card,,0,pending,2026-06-05 14:01:21,0.0
TXN0003849,CUST000361,2060.16,Debit Card,,0,success,2026-03-03 13:41:21,0.0
TXN0003850,CUST001322,807.74,Bank Transfer,Routing Error,0,failed,2026-04-13 00:23:21,0.0
TXN0003851,CUST000547,395.49,Debit Card,Card Declined,0,failed,2025-10-25 20:08:21,0.0
TXN0003852,CUST001253,435.95,Bank Transfer,,0,success,2026-06-21 07:21:21,0.0
TXN0003853,CUST000662,1987.69,Digital Wallet,,0,pending,2026-07-20 16:59:21,0.0
TXN0003854,CUST000762,26116.04,Wire Transfer,,0,pending,2026-07-26 08:04:21,0.0
TXN0003855,CUST000051,2241.81,Debit Card,,1,success,2025-10-04 05:52:21,0.0
TXN0003856,CUST001877,2059.39,Wire Transfer,,0,success,2026-07-08 14:20:21,0.0
TXN0003857,CUST000802,158.52,Bank Transfer,Routing Error,0,failed,2026-02-19 00:42:21,0.0
TXN0003858,CUST001934,21513.91,Debit Card,,0,success,2025-12-28 22:19:21,0.0
TXN0003859,CUST001042,2227.15,Bank Transfer,,0,success,2026-02-05 00:04:21,0.0
TXN0003860,CUST001828,3644.6,Credit Card,Expired Card,2,failed,2025-10-14 19:21:21,1981.39
TXN0003861,CUST001570,6691.05,Debit Card,,0,pending,2026-08-25 13:51:21,0.0
TXN0003862,CUST001105,908.52,Bank Transfer,,0,success,2026-04-12 21:33:21,0.0
TXN0003863,CUST000011,2278.75,Debit Card,Daily Limit Exceeded,0,failed,2026-07-26 20:44:21,0.0
TXN0003864,CUST001417,980.92,ACH,,0,pending,2026-03-19 05:11:21,0.0
TXN0003865,CUST000735,17121.14,Wire Transfer,Routing Error,0,failed,2025-09-21 06:55:21,0.0
TXN0003866,CUST000994,144.27,Debit Card,,0,success,2026-01-03 12:20:21,0.0
TXN0003867,CUST000872,4074.09,Digital Wallet,,0,success,2026-02-17 09:41:21,0.0
TXN0003868,CUST000341,47.8,Debit Card,Card Declined,4,failed,2025-11-22 00:43:21,34.51
TXN0003869,CUST001287,3326.02,Credit Card,,0,success,2026-03-16 09:29:21,0.0
TXN0003870,CUST000225,923.27,Debit Card,,3,success,2026-08-24 22:39:21,0.0
TXN0003871,CUST001009,37.93,Credit Card,Card Declined,2,failed,2026-02-13 14:16:21,14.21
TXN0003872,CUST001804,1867.92,Debit Card,Account Locked,2,failed,2025-10-30 15:01:21,881.89
TXN0003873,CUST000734,291.83,Bank Transfer,,0,success,2026-07-30 03:07:21,0.0
TXN0003874,CUST001112,189.97,Debit Card,,0,success,2026-01-19 00:25:21,0.0
TXN0003875,CUST000684,1310.48,Credit Card,,0,success,2026-02-25 08:55:21,0.0
TXN0003876,CUST001699,91.34,Credit Card,,0,success,2026-06-01 21:44:21,0.0
TXN0003877,CUST001626,5600.27,Credit Card,,0,success,2026-02-02 03:27:21,0.0
TXN0003878,CUST000546,193.74,Bank Transfer,,0,success,2026-06-24 10:51:21,0.0
TXN0003879,CUST000743,34.48,Debit Card,,0,pending,2026-05-09 11:33:21,0.0
TXN0003880,CUST000765,6400.8,ACH,Account Closed,0,failed,2026-06-08 03:17:21,749.24
TXN0003881,CUST000018,793.44,Bank Transfer,,0,success,2025-11-28 03:06:21,0.0
TXN0003882,CUST001360,834.73,Credit Card,,0,success,2026-02-02 02:40:21,0.0
TXN0003883,CUST000615,339.32,Credit Card,,0,success,2025-11-18 19:16:21,0.0
TXN0003884,CUST000516,945.19,Digital Wallet,,0,success,2026-07-13 02:38:21,0.0
TXN0003885,CUST001146,316.94,Digital Wallet,,0,pending,2026-04-02 13:52:21,0.0
TXN0003886,CUST001917,1018.17,Digital Wallet,,0,success,2025-10-21 09:47:21,0.0
TXN0003887,CUST000349,608.96,Bank Transfer,,0,success,2026-06-20 19:03:21,0.0
TXN0003888,CUST001125,477.52,Credit Card,,0,success,2026-03-06 06:51:21,0.0
TXN0003889,CUST000398,497.5,Bank Transfer,Daily Limit Exceeded,0,failed,2025-10-01 07:27:21,0.0
TXN0003890,CUST001259,2032.21,Digital Wallet,Account Suspended,0,failed,2026-04-24 20:40:21,0.0
TXN0003891,CUST001128,1742.23,Credit Card,,0,pending,2026-06-06 22:35:21,0.0
TXN0003892,CUST000178,443.46,Credit Card,,0,success,2026-05-06 19:34:21,0.0
TXN0003893,CUST000235,1910.73,Bank Transfer,,4,success,2026-08-17 16:19:21,0.0
TXN0003894,CUST001350,591.86,Credit Card,,0,success,2026-02-05 04:29:21,0.0
TXN0003895,CUST000857,605.26,Credit Card,Card Declined,0,failed,2026-06-22 20:10:21,0.0
TXN0003896,CUST000525,1559.5,ACH,,1,success,2026-02-28 08:28:21,0.0
TXN0003897,CUST000468,1754.03,Bank Transfer,Daily Limit Exceeded,0,failed,2026-01-22 11:19:21,0.0
TXN0003898,CUST001379,21309.08,Debit Card,Account Locked,0,failed,2026-05-18 19:21:21,0.0
TXN0003899,CUST000858,478.4,Digital Wallet,,3,success,2026-04-17 22:43:21,0.0
TXN0003900,CUST001217,411.59,Credit Card,,2,pending,2026-05-17 10:22:21,0.0
TXN0003901,CUST000566,600.38,Credit Card,,0,success,2026-04-03 04:30:21,0.0
TXN0003902,CUST000942,152.36,Bank Transfer,,0,success,2026-02-10 16:05:21,0.0
TXN0003903,CUST000861,689.61,ACH,,0,success,2026-01-23 10:15:21,0.0
TXN0003904,CUST001238,2841.36,Credit Card,Card Declined,0,failed,2026-08-04 23:32:21,0.0
TXN0003905,CUST000143,1610.43,Debit Card,,0,success,2026-03-07 04:56:21,0.0
TXN0003906,CUST000041,10.0,Bank Transfer,,0,success,2025-12-17 12:49:21,0.0
TXN0003907,CUST000354,237.46,Debit Card,Insufficient Funds,2,failed,2026-06-02 22:53:21,130.42
TXN0003908,CUST000343,308.78,Digital Wallet,Session Expired,1,failed,2025-12-17 03:14:21,126.07
TXN0003909,CUST000479,6569.67,Credit Card,,0,success,2026-05-19 15:36:21,0.0
TXN0003910,CUST000524,11543.03,Debit Card,,0,success,2026-08-23 03:06:21,0.0
TXN0003911,CUST001583,45996.96,Debit Card,,0,success,2026-05-04 19:35:21,0.0
TXN0003912,CUST000857,390.99,Digital Wallet,,0,success,2026-08-06 23:44:21,0.0
TXN0003913,CUST000406,277.8,Credit Card,,0,success,2025-09-01 00:24:21,0.0
TXN0003914,CUST001961,1210.23,Credit Card,Address Mismatch,4,failed,2025-12-14 21:48:21,982.59
TXN0003915,CUST000987,91.82,Credit Card,,0,success,2026-04-13 03:23:21,0.0
TXN0003916,CUST000571,464.92,Debit Card,,0,success,2025-10-24 07:35:21,0.0
TXN0003917,CUST001192,822.54,Digital Wallet,,1,success,2025-12-26 15:24:21,0.0
TXN0003918,CUST000820,1356.8,Debit Card,Card Declined,0,failed,2025-09-30 12:02:21,0.0
TXN0003919,CUST000602,38.8,Credit Card,Card Declined,0,failed,2025-12-04 00:11:21,0.0
TXN0003920,CUST000433,1710.36,Digital Wallet,,0,success,2026-02-17 05:54:21,0.0
TXN0003921,CUST001727,404.24,Debit Card,,0,success,2026-01-27 23:31:21,0.0
TXN0003922,CUST000958,32.64,Digital Wallet,,0,success,2026-04-30 19:53:21,0.0
TXN0003923,CUST001846,545.68,Credit Card,Card Declined,0,failed,2025-09-07 05:55:21,0.0
TXN0003924,CUST001060,1576.03,Credit Card,,0,success,2025-11-09 07:25:21,0.0
TXN0003925,CUST001837,302.92,Credit Card,,0,success,2026-06-03 13:35:21,0.0
TXN0003926,CUST001815,27068.4,ACH,,0,success,2026-03-10 06:44:21,0.0
TXN0003927,CUST001723,4370.61,Credit Card,,0,pending,2026-04-02 01:05:21,0.0
TXN0003928,CUST001807,1863.22,Digital Wallet,,1,success,2026-03-09 07:14:21,0.0
TXN0003929,CUST000910,3310.98,ACH,Account Closed,0,failed,2026-04-25 02:27:21,0.0
TXN0003930,CUST001321,849.74,Debit Card,,0,success,2026-05-12 07:36:21,0.0
TXN0003931,CUST001436,440.55,Credit Card,,3,success,2026-06-27 14:29:21,0.0
TXN0003932,CUST001592,335.01,Credit Card,Card Declined,0,failed,2025-12-27 13:47:21,0.0
TXN0003933,CUST000360,3296.94,ACH,,1,success,2025-12-08 17:56:21,0.0
TXN0003934,CUST000883,2103.56,Bank Transfer,,0,pending,2025-12-13 21:45:21,0.0
TXN0003935,CUST001693,1041.96,Credit Card,Card Declined,0,failed,2026-05-14 14:02:21,0.0
TXN0003936,CUST001881,5127.86,ACH,,3,success,2025-09-05 15:44:21,0.0
TXN0003937,CUST001737,170.83,Credit Card,,0,success,2025-12-24 20:27:21,0.0
TXN0003938,CUST000645,2812.92,ACH,,0,success,2025-10-05 21:34:21,0.0
TXN0003939,CUST001327,1064.85,Credit Card,,0,success,2025-11-09 04:20:21,0.0
TXN0003940,CUST001423,71.74,Digital Wallet,,0,success,2026-04-15 11:34:21,0.0
TXN0003941,CUST001567,511.85,Bank Transfer,,0,success,2026-07-19 14:33:21,0.0
TXN0003942,CUST001482,9510.66,ACH,,0,success,2026-01-31 20:15:21,0.0
TXN0003943,CUST000011,23.86,Debit Card,,3,success,2026-02-04 02:52:21,0.0
TXN0003944,CUST001385,25038.42,Debit Card,,0,success,2026-08-20 17:16:21,0.0
TXN0003945,CUST001189,34.53,Digital Wallet,,0,success,2025-12-10 13:23:21,0.0
TXN0003946,CUST001161,1024.58,Credit Card,,0,success,2026-06-07 17:21:21,0.0
TXN0003947,CUST000858,76.26,Credit Card,,3,success,2026-05-16 00:59:21,0.0
TXN0003948,CUST001325,1296.31,Credit Card,,0,success,2026-08-24 15:01:21,0.0
TXN0003949,CUST000631,3574.04,Bank Transfer,,0,success,2026-06-01 19:51:21,0.0
TXN0003950,CUST001217,2226.89,Debit Card,Daily Limit Exceeded,0,failed,2025-11-26 10:46:21,0.0
TXN0003951,CUST001424,4060.37,ACH,Amount Limit Exceeded,0,failed,2026-03-26 10:48:21,0.0
TXN0003952,CUST000040,3754.99,Credit Card,Address Mismatch,0,failed,2025-11-11 13:02:21,0.0
TXN0003953,CUST000780,443.39,Credit Card,,0,success,2026-07-26 13:07:21,0.0
TXN0003954,CUST000900,82.71,Credit Card,Address Mismatch,1,failed,2025-10-21 16:18:21,28.89
TXN0003955,CUST000557,625.24,Bank Transfer,Insufficient Funds,0,failed,2026-04-25 06:44:21,0.0
TXN0003956,CUST000907,16961.17,Bank Transfer,,0,success,2026-07-20 17:42:21,0.0
TXN0003957,CUST000849,6233.38,Digital Wallet,,0,success,2026-08-25 19:48:21,0.0
TXN0003958,CUST001313,322.46,Credit Card,,0,pending,2026-06-30 21:32:21,0.0
TXN0003959,CUST001188,363.95,Credit Card,,0,success,2026-08-02 05:04:21,0.0
TXN0003960,CUST000518,134.97,Digital Wallet,,0,success,2025-09-26 03:31:21,0.0
TXN0003961,CUST001047,4955.07,Digital Wallet,Account Suspended,2,failed,2026-01-11 07:21:21,1916.82
TXN0003962,CUST001919,47.45,Credit Card,,2,success,2026-06-09 18:48:21,0.0
TXN0003963,CUST000593,749.85,Credit Card,,3,success,2026-05-16 07:56:21,0.0
TXN0003964,CUST000065,7223.65,Wire Transfer,,2,success,2026-07-25 18:18:21,0.0
TXN0003965,CUST001083,151.14,Credit Card,Card Declined,0,failed,2025-11-20 02:47:21,0.0
TXN0003966,CUST000607,1967.57,Debit Card,,0,success,2026-03-14 07:46:21,0.0
TXN0003967,CUST000938,303.6,Credit Card,Card Declined,0,failed,2025-11-04 21:52:21,0.0
TXN0003968,CUST000363,221.55,Digital Wallet,,0,success,2026-04-09 06:24:21,0.0
TXN0003969,CUST000005,950.76,Debit Card,,0,success,2025-10-28 11:21:21,0.0
TXN0003970,CUST001812,188.45,Credit Card,,0,success,2026-06-01 17:03:21,0.0
TXN0003971,CUST000032,1082.62,Digital Wallet,,0,success,2025-11-30 03:35:21,0.0
TXN0003972,CUST001945,1588.99,Credit Card,CVV Mismatch,1,failed,2026-05-30 19:16:21,385.59
TXN0003973,CUST001808,7773.23,Digital Wallet,,0,pending,2026-03-14 13:04:21,0.0
TXN0003974,CUST000377,14612.42,Wire Transfer,,0,success,2026-03-09 15:45:21,0.0
TXN0003975,CUST000993,230.18,Credit Card,,0,success,2026-07-18 03:28:21,0.0
TXN0003976,CUST000605,18302.33,Credit Card,,0,success,2026-06-15 23:18:21,0.0
TXN0003977,CUST000766,1086.26,Credit Card,,0,pending,2025-10-27 07:51:21,0.0
TXN0003978,CUST000126,190.05,Bank Transfer,Routing Error,1,failed,2026-04-23 08:17:21,46.75
TXN0003979,CUST000546,2208.05,Credit Card,,0,success,2026-02-01 10:25:21,0.0
TXN0003980,CUST000196,609.88,Debit Card,,2,success,2026-01-11 08:20:21,0.0
TXN0003981,CUST000602,1839.1,Bank Transfer,Insufficient Funds,1,failed,2025-09-08 23:26:21,726.47
TXN0003982,CUST000456,4761.0,ACH,,0,success,2026-01-22 23:56:21,0.0
TXN0003983,CUST001434,431.78,Debit Card,,0,success,2026-01-14 20:39:21,0.0
TXN0003984,CUST001392,1269.7,Credit Card,Card Declined,2,failed,2026-02-04 10:11:21,577.33
TXN0003985,CUST001841,221.54,Debit Card,,0,success,2026-06-14 05:06:21,0.0
TXN0003986,CUST001168,1164.17,ACH,,0,success,2025-12-16 00:55:21,0.0
TXN0003987,CUST001924,16018.35,Digital Wallet,,0,success,2026-01-30 04:16:21,0.0
TXN0003988,CUST000473,2883.53,Debit Card,,0,success,2026-02-13 19:37:21,0.0
TXN0003989,CUST001589,43.9,Debit Card,,4,success,2025-11-30 19:10:21,0.0
TXN0003990,CUST000265,159.81,Debit Card,,0,success,2025-12-22 10:31:21,0.0
TXN0003991,CUST000649,119.95,Debit Card,Card Declined,0,failed,2025-10-22 16:04:21,32.58
TXN0003992,CUST000645,727.68,Credit Card,,0,success,2025-10-15 04:28:21,0.0
TXN0003993,CUST000816,356.96,Credit Card,Insufficient Funds,2,failed,2025-11-09 14:02:21,198.64
TXN0003994,CUST000968,6329.2,Bank Transfer,,0,pending,2025-10-19 13:30:21,0.0
TXN0003995,CUST001231,64.74,Debit Card,,0,success,2026-06-09 13:30:21,0.0
TXN0003996,CUST001621,81.02,Bank Transfer,,0,success,2026-05-09 21:40:21,0.0
TXN0003997,CUST000978,491.02,Debit Card,,0,success,2026-02-04 14:56:21,0.0
TXN0003998,CUST001015,505.29,Bank Transfer,,0,success,2026-05-24 20:30:21,0.0
TXN0003999,CUST000026,2778.77,Credit Card,Card Declined,0,failed,2025-12-03 03:25:21,0.0
TXN0004000,CUST001776,2172.45,Debit Card,,0,success,2026-04-24 05:08:21,0.0
TXN0004001,CUST001307,131.55,Credit Card,,4,success,2025-10-26 06:19:21,0.0
TXN0004002,CUST000825,113.74,Credit Card,Card Declined,2,failed,2026-07-24 23:09:21,44.77
TXN0004003,CUST001944,748.87,Credit Card,,0,success,2026-02-05 03:35:21,0.0
TXN0004004,CUST001530,3478.0,Wire Transfer,,0,success,2026-03-24 08:47:21,0.0
TXN0004005,CUST001747,875.26,Credit Card,CVV Mismatch,2,failed,2025-11-13 06:15:21,511.71
TXN0004006,CUST000035,150.31,Bank Transfer,Daily Limit Exceeded,0,failed,2025-10-06 14:58:21,0.0
TXN0004007,CUST000755,998.14,Debit Card,,0,success,2026-01-17 12:08:21,0.0
TXN0004008,CUST000786,263.18,Digital Wallet,,0,pending,2025-09-20 10:20:21,0.0
TXN0004009,CUST001917,43146.78,Wire Transfer,,0,success,2025-08-29 12:19:21,0.0
TXN0004010,CUST001639,1210.64,Digital Wallet,,0,pending,2026-05-02 07:52:21,0.0
TXN0004011,CUST000874,762.18,Credit Card,,0,success,2026-07-06 13:12:21,0.0
TXN0004012,CUST001271,50.56,Credit Card,,0,pending,2025-11-09 14:30:21,0.0
TXN0004013,CUST001673,10103.31,ACH,Routing Error,0,failed,2026-06-22 08:23:21,2432.62
TXN0004014,CUST000747,551.89,Bank Transfer,,0,success,2026-01-10 13:02:21,0.0
TXN0004015,CUST001918,2867.47,Digital Wallet,,0,success,2025-11-08 21:58:21,0.0
TXN0004016,CUST000386,318.07,Credit Card,,0,success,2025-10-03 22:34:21,0.0
TXN0004017,CUST000635,549.74,Debit Card,Insufficient Funds,0,failed,2025-12-20 00:21:21,0.0
TXN0004018,CUST000652,71.75,Credit Card,Address Mismatch,0,failed,2026-05-20 16:46:21,0.0
TXN0004019,CUST001742,137.6,Digital Wallet,,0,success,2026-08-22 06:57:21,0.0
TXN0004020,CUST000403,2366.52,Credit Card,,0,success,2026-07-21 17:06:21,0.0
TXN0004021,CUST000418,708.28,Debit Card,Daily Limit Exceeded,0,failed,2025-09-23 03:26:21,0.0
TXN0004022,CUST000260,34717.66,Credit Card,,0,success,2025-11-02 12:42:21,0.0
TXN0004023,CUST001161,3729.82,Bank Transfer,,0,success,2026-05-21 01:59:21,0.0
TXN0004024,CUST001151,8303.14,ACH,,0,success,2026-03-30 23:11:21,0.0
TXN0004025,CUST000587,629.34,Digital Wallet,Session Expired,0,failed,2026-08-14 17:41:21,0.0
TXN0004026,CUST000852,276.87,Credit Card,,0,success,2026-05-04 22:24:21,0.0
TXN0004027,CUST001813,117.2,Debit Card,Account Locked,0,failed,2026-01-28 22:24:21,19.03
TXN0004028,CUST001246,34.08,Credit Card,CVV Mismatch,0,failed,2026-08-10 09:53:21,5.87
TXN0004029,CUST001997,3498.75,Debit Card,,0,success,2025-12-23 10:13:21,0.0
TXN0004030,CUST000341,1239.14,Debit Card,,4,success,2025-10-28 21:23:21,0.0
TXN0004031,CUST000889,47.69,Debit Card,,0,pending,2026-04-20 06:50:21,0.0
TXN0004032,CUST001144,686.1,ACH,,0,success,2026-03-04 20:54:21,0.0
TXN0004033,CUST001493,175.34,Digital Wallet,,0,success,2026-07-10 21:31:21,0.0
TXN0004034,CUST000534,523.42,Bank Transfer,,0,success,2025-10-14 19:46:21,0.0
TXN0004035,CUST001234,469.46,Credit Card,,0,success,2026-08-03 11:57:21,0.0
TXN0004036,CUST000006,675.75,Credit Card,Insufficient Funds,1,failed,2026-08-21 10:09:21,152.25
TXN0004037,CUST000639,3293.86,Wire Transfer,Amount Limit Exceeded,0,failed,2026-04-22 12:29:21,0.0
TXN0004038,CUST001119,2509.61,Credit Card,CVV Mismatch,3,failed,2025-11-25 07:45:21,1686.82
TXN0004039,CUST000319,2486.23,Digital Wallet,,1,success,2026-06-06 08:42:21,0.0
TXN0004040,CUST001887,947.2,ACH,,4,success,2025-11-22 15:03:21,0.0
TXN0004041,CUST000571,441.64,Credit Card,,0,success,2025-09-06 09:27:21,0.0
TXN0004042,CUST001094,9917.2,Wire Transfer,Amount Limit Exceeded,0,failed,2025-09-04 22:23:21,0.0
TXN0004043,CUST000783,5543.31,Wire Transfer,,0,success,2026-01-16 09:50:21,0.0
TXN0004044,CUST001932,482.54,Debit Card,,0,success,2026-03-05 09:02:21,0.0
TXN0004045,CUST001661,1982.79,Debit Card,,1,success,2025-10-22 18:09:21,0.0
TXN0004046,CUST001036,153.09,Credit Card,,3,success,2025-12-12 06:40:21,0.0
TXN0004047,CUST000885,316.94,Bank Transfer,,0,success,2025-12-12 08:50:21,0.0
TXN0004048,CUST001985,72.03,Credit Card,,0,pending,2025-09-14 10:21:21,0.0
TXN0004049,CUST001260,1191.1,Debit Card,Card Declined,0,failed,2025-09-07 11:32:21,0.0
TXN0004050,CUST001773,1850.72,Credit Card,,0,pending,2026-07-12 01:45:21,0.0
TXN0004051,CUST000298,1340.61,Bank Transfer,,0,success,2026-02-16 05:22:21,0.0
TXN0004052,CUST000565,293.99,Credit Card,,0,success,2026-03-06 02:37:21,0.0
TXN0004053,CUST000382,2668.81,Debit Card,,0,success,2026-07-01 12:47:21,0.0
TXN0004054,CUST000605,372.78,Credit Card,,0,success,2025-09-11 11:18:21,0.0
TXN0004055,CUST000931,1279.11,Bank Transfer,,0,pending,2025-12-30 11:28:21,0.0
TXN0004056,CUST001950,1139.17,ACH,,0,success,2025-08-29 00:10:21,0.0
TXN0004057,CUST001430,2177.95,Debit Card,,1,success,2026-07-29 14:45:21,0.0
TXN0004058,CUST001583,643.52,Debit Card,Card Declined,0,failed,2026-05-20 06:00:21,0.0
TXN0004059,CUST000593,245.19,Bank Transfer,,3,success,2026-07-21 12:52:21,0.0
TXN0004060,CUST000500,1075.33,Digital Wallet,,0,success,2026-01-24 16:37:21,0.0
TXN0004061,CUST000836,197.89,Debit Card,,0,success,2026-04-22 21:44:21,0.0
TXN0004062,CUST000770,457.94,Bank Transfer,,0,pending,2026-08-22 03:41:21,0.0
TXN0004063,CUST001516,7794.77,ACH,,0,success,2026-08-20 04:05:21,0.0
TXN0004064,CUST001138,345.55,Debit Card,,0,success,2026-08-25 01:30:21,0.0
TXN0004065,CUST000822,58.22,Bank Transfer,Account Closed,3,failed,2026-08-06 20:03:21,28.29
TXN0004066,CUST000846,4530.37,Debit Card,Card Declined,4,failed,2025-11-29 12:23:21,3705.33
TXN0004067,CUST000879,721.15,Debit Card,,0,pending,2026-08-23 12:54:21,0.0
TXN0004068,CUST000023,90.98,Digital Wallet,,3,success,2025-11-01 06:51:21,0.0
TXN0004069,CUST000213,1851.05,Digital Wallet,Funding Source Declined,0,failed,2026-06-15 21:20:21,0.0
TXN0004070,CUST001493,2751.4,Credit Card,,0,pending,2025-09-10 01:39:21,0.0
TXN0004071,CUST001551,2273.7,ACH,,0,success,2025-10-26 21:14:21,0.0
TXN0004072,CUST001177,762.56,Credit Card,,4,success,2026-05-24 20:26:21,0.0
TXN0004073,CUST001003,5592.82,Wire Transfer,,0,success,2026-08-06 03:33:21,0.0
TXN0004074,CUST000715,2973.0,Bank Transfer,,4,success,2025-12-18 22:46:21,0.0
TXN0004075,CUST001662,18209.59,Debit Card,,0,pending,2025-10-09 14:20:21,0.0
TXN0004076,CUST000080,749.55,Debit Card,,0,success,2025-10-22 22:44:21,0.0
TXN0004077,CUST000594,295.73,Debit Card,Insufficient Funds,0,failed,2025-11-16 07:48:21,0.0
TXN0004078,CUST001472,1878.48,Wire Transfer,,0,success,2026-02-09 20:48:21,0.0
TXN0004079,CUST000433,1666.37,Credit Card,Insufficient Funds,0,failed,2026-04-05 22:03:21,201.49
TXN0004080,CUST000322,64.13,Credit Card,,1,success,2025-10-26 11:05:21,0.0
TXN0004081,CUST001716,238.69,Digital Wallet,,1,success,2026-08-01 21:44:21,0.0
TXN0004082,CUST000025,2023.76,Credit Card,,0,success,2026-01-31 04:37:21,0.0
TXN0004083,CUST000286,4193.09,ACH,,0,success,2026-01-24 08:00:21,0.0
TXN0004084,CUST000827,2531.6,Credit Card,,1,success,2026-06-10 18:31:21,0.0
TXN0004085,CUST000033,91.68,Debit Card,,0,success,2026-07-26 20:56:21,0.0
TXN0004086,CUST000146,968.69,Debit Card,,0,success,2026-05-18 11:28:21,0.0
TXN0004087,CUST000677,3460.62,Bank Transfer,,0,success,2025-10-07 06:01:21,0.0
TXN0004088,CUST000193,241.45,Digital Wallet,Account Suspended,0,failed,2026-01-14 14:25:21,0.0
TXN0004089,CUST000368,347.6,Digital Wallet,Funding Source Declined,0,failed,2026-03-23 17:52:21,0.0
TXN0004090,CUST001182,21714.39,ACH,,0,success,2026-04-14 08:41:21,0.0
TXN0004091,CUST000199,671.54,Debit Card,,0,success,2026-03-17 09:30:21,0.0
TXN0004092,CUST000112,41.58,Debit Card,,0,pending,2026-01-05 04:52:21,0.0
TXN0004093,CUST000164,3242.67,Credit Card,,0,success,2025-12-02 11:52:21,0.0
TXN0004094,CUST000891,5368.43,ACH,,0,success,2026-02-01 14:15:21,0.0
TXN0004095,CUST000796,14718.97,Wire Transfer,,1,success,2025-11-18 01:16:21,0.0
TXN0004096,CUST001462,151.33,Debit Card,,1,success,2026-04-14 11:46:21,0.0
TXN0004097,CUST000811,915.29,Bank Transfer,,0,success,2026-08-24 20:45:21,0.0
TXN0004098,CUST001582,654.89,Digital Wallet,,0,pending,2026-04-25 08:44:21,0.0
TXN0004099,CUST000971,3989.22,Wire Transfer,,0,success,2026-07-13 15:12:21,0.0
TXN0004100,CUST001467,4953.69,Credit Card,,1,success,2026-07-07 14:17:21,0.0
TXN0004101,CUST001348,685.39,Debit Card,,0,success,2026-04-27 02:16:21,0.0
TXN0004102,CUST000295,365.13,Debit Card,,0,success,2025-12-26 01:38:21,0.0
TXN0004103,CUST000431,359.96,Debit Card,,0,success,2026-02-01 23:12:21,0.0
TXN0004104,CUST000985,136.43,Debit Card,,0,pending,2026-06-05 19:29:21,0.0
TXN0004105,CUST001975,790.3,Debit Card,,0,success,2025-10-15 13:47:21,0.0
TXN0004106,CUST000498,5658.95,Bank Transfer,,1,success,2026-04-28 12:29:21,0.0
TXN0004107,CUST000459,1766.64,ACH,,0,success,2026-03-07 12:19:21,0.0
TXN0004108,CUST001839,995.47,Digital Wallet,,0,success,2026-08-16 14:22:21,0.0
TXN0004109,CUST000179,500.8,Debit Card,Card Declined,0,failed,2026-05-04 02:55:21,0.0
TXN0004110,CUST000198,584.35,Debit Card,Insufficient Funds,1,failed,2025-09-25 05:50:21,167.21
TXN0004111,CUST000306,860.16,Digital Wallet,,0,success,2026-08-23 10:58:21,0.0
TXN0004112,CUST000658,1604.63,Credit Card,,0,pending,2026-04-12 10:07:21,0.0
TXN0004113,CUST000287,1060.53,Credit Card,Card Declined,0,failed,2026-03-15 18:52:21,0.0
TXN0004114,CUST001275,147.41,Debit Card,,0,success,2026-05-07 05:27:21,0.0
TXN0004115,CUST001284,181.92,Bank Transfer,,1,success,2026-04-25 01:45:21,0.0
TXN0004116,CUST000475,3653.46,Digital Wallet,,0,success,2026-06-12 03:57:21,0.0
TXN0004117,CUST000957,2230.57,Debit Card,,0,success,2026-01-27 08:56:21,0.0
TXN0004118,CUST000070,10.0,Digital Wallet,,0,success,2026-02-03 22:42:21,0.0
TXN0004119,CUST001896,835.05,Credit Card,,0,success,2026-08-27 01:53:21,0.0
TXN0004120,CUST000488,143.22,Credit Card,,1,success,2026-08-10 21:49:21,0.0
TXN0004121,CUST001278,582.56,Debit Card,,1,success,2026-03-26 03:48:21,0.0
TXN0004122,CUST000614,18325.24,Bank Transfer,,1,success,2025-08-30 22:42:21,0.0
TXN0004123,CUST001138,2498.87,Debit Card,Card Declined,0,failed,2026-01-17 16:38:21,0.0
TXN0004124,CUST001037,3106.4,Bank Transfer,Daily Limit Exceeded,0,failed,2026-02-18 13:29:21,0.0
TXN0004125,CUST000594,350.26,ACH,,1,success,2026-08-21 07:13:21,0.0
TXN0004126,CUST000391,69.35,Digital Wallet,,4,success,2025-09-22 20:48:21,0.0
TXN0004127,CUST001659,806.48,Bank Transfer,,0,success,2026-04-15 18:42:21,0.0
TXN0004128,CUST000350,273.98,Debit Card,,0,pending,2025-10-27 16:47:21,0.0
TXN0004129,CUST000214,809.54,Credit Card,Expired Card,0,failed,2025-11-08 10:57:21,0.0
TXN0004130,CUST001718,184.07,Credit Card,,0,success,2026-04-07 12:38:21,0.0
TXN0004131,CUST000988,2430.58,Bank Transfer,Insufficient Funds,0,failed,2026-08-20 22:50:21,0.0
TXN0004132,CUST001356,5266.58,ACH,Account Closed,0,failed,2026-01-16 23:15:21,0.0
TXN0004133,CUST000087,192.88,Debit Card,,0,success,2026-04-18 20:22:21,0.0
TXN0004134,CUST000606,317.55,Debit Card,,0,success,2025-11-01 09:29:21,0.0
TXN0004135,CUST001650,10011.06,Debit Card,,0,success,2025-09-24 05:07:21,0.0
TXN0004136,CUST001152,7802.06,Digital Wallet,Account Suspended,1,failed,2026-07-22 02:45:21,3143.26
TXN0004137,CUST001519,349.57,Credit Card,,0,success,2026-06-06 03:30:21,0.0
TXN0004138,CUST001442,12955.44,Wire Transfer,,4,success,2026-03-28 02:36:21,0.0
TXN0004139,CUST001305,2168.73,Credit Card,,0,pending,2026-02-05 09:59:21,0.0
TXN0004140,CUST001426,1328.82,Debit Card,,0,success,2025-12-08 15:55:21,0.0
TXN0004141,CUST001648,14209.63,ACH,,0,pending,2025-12-01 11:54:21,0.0
TXN0004142,CUST000119,4168.91,Digital Wallet,,0,success,2026-04-02 06:04:21,0.0
TXN0004143,CUST000788,1969.18,Credit Card,,3,success,2026-05-17 09:42:21,0.0
TXN0004144,CUST001759,1882.28,ACH,,0,success,2025-12-31 08:52:21,0.0
TXN0004145,CUST001992,3275.06,Wire Transfer,,2,success,2026-04-11 20:27:21,0.0
TXN0004146,CUST000665,21108.05,Wire Transfer,,0,success,2025-09-10 17:49:21,0.0
TXN0004147,CUST001229,5440.66,Debit Card,Insufficient Funds,0,failed,2026-04-27 07:34:21,0.0
TXN0004148,CUST001881,29732.87,Credit Card,,3,success,2026-05-16 19:37:21,0.0
TXN0004149,CUST001698,1675.02,ACH,,1,success,2026-06-16 19:23:21,0.0
TXN0004150,CUST000272,1068.6,Digital Wallet,Device Not Verified,1,failed,2026-03-17 09:00:21,304.81
TXN0004151,CUST000833,1665.9,Debit Card,,0,success,2026-03-11 16:46:21,0.0
TXN0004152,CUST001940,355.03,Digital Wallet,,0,success,2026-02-25 17:06:21,0.0
TXN0004153,CUST000561,203.97,Debit Card,Card Declined,0,failed,2026-08-26 08:25:21,0.0
TXN0004154,CUST000915,912.98,Credit Card,,0,success,2026-01-27 15:34:21,0.0
TXN0004155,CUST001061,502.3,Bank Transfer,,0,success,2026-01-27 20:06:21,0.0
TXN0004156,CUST001913,2208.11,Credit Card,Insufficient Funds,0,failed,2026-03-27 00:24:21,0.0
TXN0004157,CUST001206,4309.79,ACH,,0,success,2026-03-30 08:19:21,0.0
TXN0004158,CUST001707,1181.31,Debit Card,,0,pending,2025-11-30 18:30:21,0.0
TXN0004159,CUST000873,372.77,Digital Wallet,Funding Source Declined,0,failed,2025-12-31 06:42:21,0.0
TXN0004160,CUST000305,168.4,Debit Card,,0,success,2026-01-31 02:26:21,0.0
TXN0004161,CUST000611,504.5,Debit Card,Insufficient Funds,0,failed,2025-12-08 12:02:21,0.0
TXN0004162,CUST000736,488.45,Credit Card,,0,success,2026-03-10 09:25:21,0.0
TXN0004163,CUST001508,2949.28,Bank Transfer,,0,success,2026-08-12 12:39:21,0.0
TXN0004164,CUST001530,1308.32,Debit Card,Insufficient Funds,1,failed,2025-11-05 07:51:21,476.36
TXN0004165,CUST001307,192.09,Bank Transfer,Daily Limit Exceeded,0,failed,2025-11-06 17:20:21,0.0
TXN0004166,CUST000690,1948.97,Debit Card,,0,success,2025-11-17 00:21:21,0.0
TXN0004167,CUST000881,32499.38,Wire Transfer,,0,success,2025-12-02 08:09:21,0.0
TXN0004168,CUST000087,395.89,Digital Wallet,,0,success,2026-02-27 19:40:21,0.0
TXN0004169,CUST000613,2664.9,Credit Card,,0,success,2026-08-20 14:08:21,0.0
TXN0004170,CUST001309,856.61,Debit Card,,0,success,2025-11-07 23:45:21,0.0
TXN0004171,CUST000493,3083.64,ACH,,0,success,2025-10-10 15:26:21,0.0
TXN0004172,CUST001459,3818.02,Debit Card,Account Locked,0,failed,2026-04-22 00:19:21,0.0
TXN0004173,CUST001657,20.94,Debit Card,,0,success,2026-05-01 06:06:21,0.0
TXN0004174,CUST001230,8034.4,Bank Transfer,,3,success,2026-06-17 21:55:21,0.0
TXN0004175,CUST000548,15976.28,Debit Card,,3,success,2026-03-22 04:26:21,0.0
TXN0004176,CUST000986,91.16,Credit Card,,0,success,2025-12-29 22:54:21,0.0
TXN0004177,CUST000743,2265.51,Credit Card,,0,success,2026-06-30 11:09:21,0.0
TXN0004178,CUST001672,144.63,Credit Card,,0,success,2025-09-10 15:42:21,0.0
TXN0004179,CUST001467,1287.68,ACH,,1,success,2026-06-22 13:08:21,0.0
TXN0004180,CUST001065,263.68,Credit Card,,0,success,2025-09-05 15:37:21,0.0
TXN0004181,CUST000218,1302.31,Credit Card,,0,success,2026-06-08 00:47:21,0.0
TXN0004182,CUST000345,1082.42,Bank Transfer,,0,success,2025-10-02 20:42:21,0.0
TXN0004183,CUST001468,489.72,Credit Card,,0,success,2026-04-07 02:59:21,0.0
TXN0004184,CUST000985,552.99,Wire Transfer,,0,pending,2025-12-07 02:22:21,0.0
TXN0004185,CUST000909,346.87,Credit Card,Card Declined,0,failed,2025-10-30 01:46:21,0.0
TXN0004186,CUST001874,8027.6,Debit Card,,0,success,2025-11-30 05:59:21,0.0
TXN0004187,CUST000307,255.89,Credit Card,,0,success,2026-06-13 19:36:21,0.0
TXN0004188,CUST000697,2021.36,Digital Wallet,,0,success,2026-01-27 12:53:21,0.0
TXN0004189,CUST000048,842.57,Credit Card,,0,success,2026-06-11 01:20:21,0.0
TXN0004190,CUST000296,6210.19,Wire Transfer,,0,success,2026-01-09 12:56:21,0.0
TXN0004191,CUST000056,201.65,Debit Card,,0,success,2026-05-03 16:45:21,0.0
TXN0004192,CUST000116,5426.92,Credit Card,,0,success,2026-01-20 21:36:21,0.0
TXN0004193,CUST000877,881.93,Debit Card,Card Declined,0,failed,2026-04-06 18:00:21,254.45
TXN0004194,CUST001441,185.53,Debit Card,Card Declined,0,failed,2026-01-12 18:57:21,0.0
TXN0004195,CUST000415,47.79,Credit Card,,0,success,2026-07-19 14:54:21,0.0
TXN0004196,CUST000082,3842.6,ACH,,0,success,2026-05-12 17:56:21,0.0
TXN0004197,CUST001669,176.17,Digital Wallet,,0,success,2025-10-24 06:53:21,0.0
TXN0004198,CUST000757,260.54,Credit Card,,0,success,2025-10-20 09:48:21,0.0
TXN0004199,CUST000830,127.49,Credit Card,,2,success,2026-05-12 16:12:21,0.0
TXN0004200,CUST000908,1994.66,Debit Card,,0,success,2026-06-10 07:45:21,0.0
TXN0004201,CUST000163,1028.21,ACH,,0,success,2025-09-14 05:17:21,0.0
TXN0004202,CUST000081,7217.65,Debit Card,,0,success,2026-03-10 09:23:21,0.0
TXN0004203,CUST001654,1322.9,Debit Card,,0,success,2026-06-09 13:47:21,0.0
TXN0004204,CUST001072,126.83,Debit Card,,0,success,2026-07-08 15:39:21,0.0
TXN0004205,CUST000157,4463.61,ACH,,0,success,2025-12-21 07:30:21,0.0
TXN0004206,CUST001465,5443.9,Debit Card,,0,success,2026-08-10 05:25:21,0.0
TXN0004207,CUST000271,593.77,Credit Card,Card Declined,0,failed,2025-10-30 15:19:21,86.54
TXN0004208,CUST001243,6676.35,Credit Card,,0,success,2026-05-05 23:31:21,0.0
TXN0004209,CUST001358,230.87,Credit Card,,0,success,2026-01-16 11:09:21,0.0
TXN0004210,CUST000931,1962.85,Debit Card,,0,success,2026-04-25 10:08:21,0.0
TXN0004211,CUST000418,2972.55,Debit Card,,2,success,2025-12-09 13:02:21,0.0
TXN0004212,CUST001604,3012.98,ACH,,0,success,2026-05-05 02:07:21,0.0
TXN0004213,CUST000914,624.29,Debit Card,Card Declined,1,failed,2026-04-29 09:22:21,245.5
TXN0004214,CUST001721,438.06,Bank Transfer,,0,success,2026-05-09 05:08:21,0.0
TXN0004215,CUST001295,130.37,Credit Card,Insufficient Funds,0,failed,2026-03-18 17:45:21,0.0
TXN0004216,CUST000733,1411.57,Credit Card,Insufficient Funds,0,failed,2025-10-23 10:32:21,0.0
TXN0004217,CUST001058,7682.29,Credit Card,Card Declined,0,failed,2026-04-16 07:09:21,0.0
TXN0004218,CUST001043,221.52,Digital Wallet,Account Suspended,1,failed,2026-03-23 17:25:21,81.25
TXN0004219,CUST001437,448.38,Bank Transfer,Routing Error,0,failed,2025-09-30 21:34:21,0.0
TXN0004220,CUST000387,24.75,Bank Transfer,,0,success,2026-01-13 05:08:21,0.0
TXN0004221,CUST000806,273.64,Debit Card,,3,success,2025-11-27 13:24:21,0.0
TXN0004222,CUST001194,9476.13,Credit Card,,0,success,2026-01-09 13:00:21,0.0
TXN0004223,CUST001790,2140.47,Credit Card,,0,success,2026-05-01 12:09:21,0.0
TXN0004224,CUST001286,1788.28,Credit Card,,0,success,2026-04-01 00:02:21,0.0
TXN0004225,CUST001177,13665.22,Wire Transfer,,4,success,2026-08-16 00:36:21,0.0
TXN0004226,CUST001487,670.06,Digital Wallet,,0,success,2026-03-29 08:24:21,0.0
TXN0004227,CUST001921,3727.68,Digital Wallet,Session Expired,0,failed,2025-12-15 15:46:21,994.14
TXN0004228,CUST001657,261.04,Digital Wallet,,0,pending,2025-12-15 21:00:21,0.0
TXN0004229,CUST000329,316.57,Credit Card,,0,success,2025-09-01 11:19:21,0.0
TXN0004230,CUST000479,144.89,Debit Card,Insufficient Funds,2,failed,2025-11-14 09:15:21,44.2
TXN0004231,CUST000280,3027.73,Credit Card,,0,success,2026-07-13 21:53:21,0.0
TXN0004232,CUST001445,340.82,Credit Card,,0,success,2025-10-04 02:36:21,0.0
TXN0004233,CUST001520,1010.34,ACH,,0,success,2026-02-16 09:05:21,0.0
TXN0004234,CUST001945,76.4,Digital Wallet,,1,success,2026-04-19 15:13:21,0.0
TXN0004235,CUST001633,4444.82,Bank Transfer,,0,success,2026-05-13 23:10:21,0.0
TXN0004236,CUST001734,1929.27,Credit Card,,0,pending,2026-05-29 09:21:21,0.0
TXN0004237,CUST001295,1733.36,Digital Wallet,,0,success,2025-11-22 22:47:21,0.0
TXN0004238,CUST000265,13328.02,ACH,,0,pending,2025-10-20 05:01:21,0.0
TXN0004239,CUST000865,411.09,Digital Wallet,,1,pending,2026-06-07 03:24:21,0.0
TXN0004240,CUST000193,86.22,Debit Card,,0,pending,2025-11-19 05:47:21,0.0
TXN0004241,CUST000588,728.64,Credit Card,Card Declined,0,failed,2026-03-27 23:46:21,0.0
TXN0004242,CUST001432,16752.22,ACH,,0,success,2025-08-31 14:12:21,0.0
TXN0004243,CUST000417,516.13,ACH,,1,success,2026-01-09 23:27:21,0.0
TXN0004244,CUST000264,819.39,Credit Card,,0,success,2026-06-24 15:03:21,0.0
TXN0004245,CUST001336,712.92,Debit Card,,4,success,2026-08-14 04:01:21,0.0
TXN0004246,CUST001300,646.62,Wire Transfer,,0,success,2026-08-12 13:42:21,0.0
TXN0004247,CUST000788,1051.39,Bank Transfer,,3,success,2026-05-25 04:53:21,0.0
TXN0004248,CUST000852,2171.83,Debit Card,,0,success,2026-01-05 04:50:21,0.0
TXN0004249,CUST000851,7298.69,ACH,,0,success,2026-08-28 04:08:21,0.0
TXN0004250,CUST001875,585.45,Credit Card,Card Declined,0,failed,2026-08-12 03:38:21,0.0
TXN0004251,CUST000263,6173.47,ACH,Amount Limit Exceeded,3,failed,2025-10-30 15:26:21,3358.95
TXN0004252,CUST001960,909.36,Credit Card,,0,success,2026-01-23 15:14:21,0.0
TXN0004253,CUST001000,5804.51,Debit Card,,0,success,2026-07-10 16:33:21,0.0
TXN0004254,CUST000148,77.31,Digital Wallet,,0,success,2025-10-06 23:11:21,0.0
TXN0004255,CUST000247,9411.48,Credit Card,Card Declined,2,failed,2026-06-05 02:13:21,3483.4
TXN0004256,CUST000718,1367.89,Bank Transfer,Insufficient Funds,0,failed,2026-02-24 18:32:21,313.49
TXN0004257,CUST001779,1147.65,ACH,,0,success,2026-07-02 15:04:21,0.0
TXN0004258,CUST000553,418.43,Debit Card,,0,success,2026-07-24 13:51:21,0.0
TXN0004259,CUST000731,847.9,Credit Card,,0,success,2025-10-02 19:31:21,0.0
TXN0004260,CUST000686,7720.04,Debit Card,,0,success,2025-10-05 02:57:21,0.0
TXN0004261,CUST000770,4397.41,Credit Card,,0,success,2026-04-16 06:09:21,0.0
TXN0004262,CUST000054,9972.97,Credit Card,CVV Mismatch,0,failed,2025-11-20 22:28:21,1972.47
TXN0004263,CUST001522,10895.15,Credit Card,,0,pending,2026-05-13 23:39:21,0.0
TXN0004264,CUST000780,26.79,Credit Card,,0,success,2026-02-04 17:19:21,0.0
TXN0004265,CUST000090,1212.45,ACH,,0,success,2026-03-27 16:40:21,0.0
TXN0004266,CUST000835,485.87,Debit Card,Card Declined,0,failed,2026-04-08 19:42:21,0.0
TXN0004267,CUST000172,413.22,Debit Card,,0,success,2025-12-24 22:51:21,0.0
TXN0004268,CUST000305,819.2,Credit Card,,0,success,2026-06-30 23:44:21,0.0
TXN0004269,CUST000938,4487.88,Digital Wallet,,0,success,2026-01-01 13:36:21,0.0
TXN0004270,CUST000131,62.27,Credit Card,Card Declined,0,failed,2026-04-02 07:51:21,0.0
TXN0004271,CUST000500,373.8,Credit Card,,0,success,2025-09-28 19:01:21,0.0
TXN0004272,CUST000268,212.05,Debit Card,Card Declined,2,failed,2026-02-17 16:25:21,107.22
TXN0004273,CUST001881,78.88,Bank Transfer,,3,success,2026-07-15 23:15:21,0.0
TXN0004274,CUST000665,9213.62,Debit Card,Card Declined,2,failed,2026-05-02 18:58:21,2864.16
TXN0004275,CUST000350,923.41,Credit Card,,0,success,2026-08-20 16:37:21,0.0
TXN0004276,CUST001124,2065.62,ACH,,0,success,2026-08-04 12:46:21,0.0
TXN0004277,CUST001075,653.28,Credit Card,,0,success,2026-03-27 04:07:21,0.0
TXN0004278,CUST001719,153.39,Bank Transfer,,0,success,2025-09-29 08:19:21,0.0
TXN0004279,CUST001684,1882.88,Credit Card,,0,success,2026-05-19 00:29:21,0.0
TXN0004280,CUST000148,7163.41,Credit Card,,0,success,2026-04-16 02:43:21,0.0
TXN0004281,CUST000026,203.36,Credit Card,,0,success,2026-08-01 03:16:21,0.0
TXN0004282,CUST001284,1880.37,Digital Wallet,,1,success,2026-03-09 11:44:21,0.0
TXN0004283,CUST001864,3080.8,Debit Card,,0,success,2026-06-19 03:10:21,0.0
TXN0004284,CUST000197,3014.56,ACH,,1,pending,2026-06-11 08:03:21,0.0
TXN0004285,CUST000076,1755.23,Debit Card,Card Declined,0,failed,2026-03-17 08:51:21,362.92
TXN0004286,CUST000040,1230.97,ACH,Account Closed,0,failed,2026-04-23 01:34:21,0.0
TXN0004287,CUST000289,6458.3,Credit Card,Card Declined,0,failed,2026-04-08 07:26:21,0.0
TXN0004288,CUST000476,3713.5,Credit Card,,0,success,2025-11-01 04:17:21,0.0
TXN0004289,CUST000097,364.9,Credit Card,,0,success,2026-06-17 12:27:21,0.0
TXN0004290,CUST000019,2873.24,ACH,,0,success,2026-07-01 02:12:21,0.0
TXN0004291,CUST000429,225.83,Credit Card,Card Declined,3,failed,2026-05-03 12:17:21,119.15
TXN0004292,CUST001059,4949.38,ACH,,3,pending,2026-06-30 02:18:21,0.0
TXN0004293,CUST001894,1418.94,Debit Card,,0,success,2026-01-29 11:10:21,0.0
TXN0004294,CUST000444,14639.51,ACH,,0,pending,2025-12-14 20:09:21,0.0
TXN0004295,CUST000611,45.59,Credit Card,,0,success,2026-01-21 08:17:21,0.0
TXN0004296,CUST000415,50000.0,Debit Card,,0,success,2026-05-22 00:17:21,0.0
TXN0004297,CUST001495,1883.48,ACH,,0,success,2026-02-27 01:01:21,0.0
TXN0004298,CUST001304,459.19,Bank Transfer,,0,success,2025-10-12 01:11:21,0.0
TXN0004299,CUST001127,342.07,Bank Transfer,,0,success,2026-02-25 02:49:21,0.0
TXN0004300,CUST000476,707.11,ACH,,0,success,2026-07-11 21:44:21,0.0
TXN0004301,CUST001331,4000.43,Credit Card,,0,success,2026-02-02 20:36:21,0.0
TXN0004302,CUST001735,2339.81,Debit Card,,0,success,2026-02-10 03:05:21,0.0
TXN0004303,CUST001787,1808.73,ACH,,1,success,2026-07-27 12:30:21,0.0
TXN0004304,CUST000615,8331.8,Bank Transfer,Daily Limit Exceeded,0,failed,2026-02-20 01:13:21,1369.95
TXN0004305,CUST001192,2849.11,Bank Transfer,,1,success,2026-06-07 22:32:21,0.0
TXN0004306,CUST001944,947.8,Debit Card,Insufficient Funds,0,failed,2026-01-17 09:08:21,0.0
TXN0004307,CUST000693,1184.94,Credit Card,,0,success,2025-09-09 09:29:21,0.0
TXN0004308,CUST001561,2203.61,Bank Transfer,,0,success,2025-11-05 14:32:21,0.0
TXN0004309,CUST000512,601.14,Bank Transfer,Routing Error,0,failed,2025-08-30 19:57:21,0.0
TXN0004310,CUST000309,8051.48,ACH,,0,success,2026-07-18 02:47:21,0.0
TXN0004311,CUST001321,907.99,Debit Card,,0,success,2026-01-26 01:41:21,0.0
TXN0004312,CUST001908,1297.92,Credit Card,Expired Card,1,failed,2025-09-24 23:02:21,376.32
TXN0004313,CUST001025,52.94,Credit Card,,0,success,2026-04-23 10:52:21,0.0
TXN0004314,CUST000646,2314.19,Credit Card,,0,success,2025-11-26 04:10:21,0.0
TXN0004315,CUST001209,5834.57,ACH,,2,success,2025-10-16 12:40:21,0.0
TXN0004316,CUST001119,1086.54,Bank Transfer,,3,success,2026-07-19 19:22:21,0.0
TXN0004317,CUST000460,14126.62,Debit Card,,0,success,2025-12-15 06:22:21,0.0
TXN0004318,CUST001601,5863.44,Wire Transfer,,0,success,2026-05-19 09:59:21,0.0
TXN0004319,CUST001886,1430.53,Credit Card,Expired Card,0,failed,2025-12-29 04:04:21,269.17
TXN0004320,CUST001262,6260.94,Wire Transfer,,0,success,2026-08-26 05:11:21,0.0
TXN0004321,CUST000868,10.0,Digital Wallet,,1,success,2025-11-17 10:27:21,0.0
TXN0004322,CUST000287,119.6,Bank Transfer,,0,success,2026-04-09 14:15:21,0.0
TXN0004323,CUST001925,4480.54,Credit Card,,2,success,2026-02-06 01:51:21,0.0
TXN0004324,CUST001604,556.9,Credit Card,,0,success,2026-02-06 03:08:21,0.0
TXN0004325,CUST001717,2374.27,Credit Card,,0,success,2025-10-08 03:04:21,0.0
TXN0004326,CUST000608,4666.91,ACH,,1,pending,2026-02-02 01:30:21,0.0
TXN0004327,CUST001225,961.9,Bank Transfer,Routing Error,0,failed,2025-11-01 13:48:21,0.0
TXN0004328,CUST000024,537.31,Digital Wallet,,0,success,2026-04-15 15:34:21,0.0
TXN0004329,CUST001368,1351.71,Bank Transfer,,0,success,2025-09-02 19:43:21,0.0
TXN0004330,CUST001908,922.38,Digital Wallet,Device Not Verified,0,failed,2025-09-18 08:02:21,0.0
TXN0004331,CUST001128,562.41,Digital Wallet,,0,pending,2026-03-13 00:50:21,0.0
TXN0004332,CUST001330,337.3,Debit Card,,1,success,2026-07-04 03:06:21,0.0
TXN0004333,CUST001170,3503.72,Credit Card,Address Mismatch,0,failed,2026-04-23 13:50:21,0.0
TXN0004334,CUST001127,1556.05,Bank Transfer,,0,success,2026-07-18 02:14:21,0.0
TXN0004335,CUST001566,4118.83,ACH,Account Closed,0,failed,2025-09-26 01:45:21,0.0
TXN0004336,CUST000740,200.16,Digital Wallet,,0,pending,2025-11-12 14:37:21,0.0
TXN0004337,CUST000182,1008.55,Credit Card,,0,success,2026-07-22 18:57:21,0.0
TXN0004338,CUST000078,1075.22,Credit Card,Card Declined,0,failed,2025-11-23 06:22:21,0.0
TXN0004339,CUST001998,50000.0,Credit Card,,0,pending,2025-09-26 09:51:21,0.0
TXN0004340,CUST000171,2591.99,Credit Card,,0,success,2026-08-03 22:47:21,0.0
TXN0004341,CUST000331,1554.3,ACH,,0,success,2026-08-09 03:55:21,0.0
TXN0004342,CUST001806,546.64,Credit Card,,0,success,2026-01-27 05:03:21,0.0
TXN0004343,CUST000068,63.18,Debit Card,Insufficient Funds,0,failed,2026-08-08 01:10:21,0.0
TXN0004344,CUST001769,255.87,Digital Wallet,,0,pending,2026-03-12 22:53:21,0.0
TXN0004345,CUST000095,1361.39,Wire Transfer,,2,success,2026-05-12 22:16:21,0.0
TXN0004346,CUST001036,65.98,Bank Transfer,,3,success,2025-11-11 11:22:21,0.0
TXN0004347,CUST001924,2248.44,Digital Wallet,,0,success,2026-07-08 01:30:21,0.0
TXN0004348,CUST000121,480.7,Bank Transfer,Daily Limit Exceeded,1,failed,2025-09-03 05:38:21,171.31
TXN0004349,CUST000417,573.08,Bank Transfer,,1,success,2025-09-01 04:51:21,0.0
TXN0004350,CUST001897,442.02,Debit Card,Insufficient Funds,2,failed,2026-01-02 10:33:21,201.41
TXN0004351,CUST000172,1683.49,Digital Wallet,,0,success,2025-09-27 06:10:21,0.0
TXN0004352,CUST000177,378.7,Digital Wallet,,0,success,2026-01-04 12:09:21,0.0
TXN0004353,CUST001861,315.46,Debit Card,,0,success,2025-10-21 02:01:21,0.0
TXN0004354,CUST001045,1033.93,Digital Wallet,,2,success,2026-02-14 22:33:21,0.0
TXN0004355,CUST001240,2855.83,Debit Card,,0,success,2026-07-19 06:30:21,0.0
TXN0004356,CUST000618,95.31,Bank Transfer,,0,success,2026-07-02 11:04:21,0.0
TXN0004357,CUST001706,603.95,Credit Card,Expired Card,0,failed,2026-06-28 21:10:21,0.0
TXN0004358,CUST000156,1548.17,ACH,Routing Error,3,failed,2026-08-01 18:50:21,727.05
TXN0004359,CUST001978,378.92,Debit Card,,0,success,2026-02-11 06:02:21,0.0
TXN0004360,CUST001668,6993.79,Digital Wallet,,0,success,2026-06-03 22:17:21,0.0
TXN0004361,CUST001018,5714.43,Credit Card,,2,success,2026-07-21 08:20:21,0.0
TXN0004362,CUST000580,84.27,Credit Card,,0,success,2026-07-25 09:59:21,0.0
TXN0004363,CUST001224,397.42,Digital Wallet,,0,success,2026-04-08 15:55:21,0.0
TXN0004364,CUST000736,3689.74,Debit Card,,0,success,2025-10-22 22:56:21,0.0
TXN0004365,CUST001945,1170.67,ACH,,1,success,2026-07-30 08:05:21,0.0
TXN0004366,CUST000157,2790.3,Credit Card,,0,success,2026-03-02 10:30:21,0.0
TXN0004367,CUST000749,109.3,Bank Transfer,,0,pending,2025-12-12 22:32:21,0.0
TXN0004368,CUST001774,932.51,Credit Card,,0,success,2026-07-14 18:19:21,0.0
TXN0004369,CUST000273,4814.05,ACH,,0,pending,2026-02-22 08:12:21,0.0
TXN0004370,CUST000017,229.25,Credit Card,,0,success,2025-09-23 07:23:21,0.0
TXN0004371,CUST000256,27.88,Bank Transfer,Routing Error,3,failed,2026-02-15 15:47:21,11.18
TXN0004372,CUST000863,1597.35,ACH,,0,success,2026-04-17 06:38:21,0.0
TXN0004373,CUST000912,61.02,Credit Card,,0,success,2026-07-07 08:28:21,0.0
TXN0004374,CUST001665,4813.27,Debit Card,,0,success,2025-11-23 13:25:21,0.0
TXN0004375,CUST001991,1125.37,Digital Wallet,,0,success,2026-07-07 17:20:21,0.0
TXN0004376,CUST000016,530.75,Credit Card,,1,success,2026-06-03 01:56:21,0.0
TXN0004377,CUST000250,115.44,Bank Transfer,,0,success,2026-06-07 04:14:21,0.0
TXN0004378,CUST001903,2244.63,Credit Card,CVV Mismatch,0,failed,2026-04-05 07:54:21,516.1
TXN0004379,CUST000191,1212.28,Digital Wallet,,0,success,2025-12-02 02:06:21,0.0
TXN0004380,CUST001211,32.42,Credit Card,,0,success,2026-08-12 08:11:21,0.0
TXN0004381,CUST000225,181.21,Credit Card,,3,success,2026-06-30 01:05:21,0.0
TXN0004382,CUST000209,636.17,Digital Wallet,,0,success,2026-04-23 20:46:21,0.0
TXN0004383,CUST001472,825.82,Digital Wallet,,0,pending,2026-01-14 04:18:21,0.0
TXN0004384,CUST001087,3397.46,ACH,,0,success,2026-08-24 19:10:21,0.0
TXN0004385,CUST000382,1063.48,Bank Transfer,,0,success,2025-11-17 06:50:21,0.0
TXN0004386,CUST001074,734.07,Bank Transfer,Account Closed,0,failed,2026-08-15 23:22:21,0.0
TXN0004387,CUST001864,1375.93,Credit Card,,0,success,2026-03-13 01:09:21,0.0
TXN0004388,CUST000130,993.48,Digital Wallet,,0,success,2026-06-24 15:40:21,0.0
TXN0004389,CUST001905,990.04,Bank Transfer,,0,success,2026-04-02 16:53:21,0.0
TXN0004390,CUST000931,251.26,Credit Card,,0,success,2025-10-11 03:53:21,0.0
TXN0004391,CUST000967,131.35,Bank Transfer,,0,success,2025-09-16 14:29:21,0.0
TXN0004392,CUST000047,1100.78,Credit Card,,0,success,2026-03-04 16:30:21,0.0
TXN0004393,CUST001455,374.57,Bank Transfer,,1,success,2025-09-18 00:59:21,0.0
TXN0004394,CUST001584,267.97,Digital Wallet,Funding Source Declined,0,failed,2025-10-14 08:31:21,79.76
TXN0004395,CUST000514,1919.38,Credit Card,,0,success,2026-02-02 12:52:21,0.0
TXN0004396,CUST001559,646.33,Credit Card,,4,success,2026-03-04 16:38:21,0.0
TXN0004397,CUST001172,5598.63,Debit Card,,0,pending,2026-08-17 14:40:21,0.0
TXN0004398,CUST001467,4412.13,ACH,,1,success,2025-10-23 18:52:21,0.0
TXN0004399,CUST001413,1203.91,ACH,,0,pending,2026-06-10 15:50:21,0.0
TXN0004400,CUST000879,1957.45,Credit Card,Expired Card,0,failed,2026-08-03 20:07:21,0.0
TXN0004401,CUST000493,397.17,Digital Wallet,Session Expired,2,failed,2026-08-06 06:03:21,173.48
TXN0004402,CUST000910,798.07,Credit Card,,4,success,2026-05-05 18:46:21,0.0
TXN0004403,CUST000613,206.85,Debit Card,,0,success,2025-11-19 07:20:21,0.0
TXN0004404,CUST001301,10711.2,Debit Card,,0,success,2025-12-25 09:03:21,0.0
TXN0004405,CUST000330,5562.87,Credit Card,,0,success,2026-02-05 23:11:21,0.0
TXN0004406,CUST001585,1441.02,ACH,,0,success,2026-05-27 21:37:21,0.0
TXN0004407,CUST000019,8670.75,Debit Card,,0,success,2025-09-17 03:13:21,0.0
TXN0004408,CUST001846,1279.79,ACH,Amount Limit Exceeded,0,failed,2026-08-26 07:11:21,0.0
TXN0004409,CUST001478,1348.96,Debit Card,,0,pending,2026-03-11 22:13:21,0.0
TXN0004410,CUST000816,4482.11,Credit Card,,2,success,2026-03-13 15:07:21,0.0
TXN0004411,CUST000578,711.11,Bank Transfer,,0,success,2025-11-02 08:04:21,0.0
TXN0004412,CUST000193,85.7,Debit Card,,0,success,2026-02-16 08:18:21,0.0
TXN0004413,CUST001404,416.48,ACH,,1,success,2026-04-28 02:14:21,0.0
TXN0004414,CUST001271,423.68,Credit Card,,0,success,2025-09-16 13:10:21,0.0
TXN0004415,CUST001907,1852.15,ACH,Account Inactive,0,failed,2025-11-26 03:55:21,0.0
TXN0004416,CUST000095,106.0,Digital Wallet,Funding Source Declined,1,failed,2026-02-09 02:31:21,34.45
TXN0004417,CUST001265,2897.85,Debit Card,,0,success,2026-01-14 03:22:21,0.0
TXN0004418,CUST001949,372.26,Bank Transfer,Routing Error,0,failed,2026-08-14 23:23:21,0.0
TXN0004419,CUST001110,1105.59,Digital Wallet,,0,success,2026-05-30 05:06:21,0.0
TXN0004420,CUST001210,548.62,Credit Card,Expired Card,3,failed,2025-10-23 01:58:21,363.16
TXN0004421,CUST001709,163.41,Credit Card,Insufficient Funds,1,failed,2026-06-24 20:40:21,44.93
TXN0004422,CUST001558,132.44,Digital Wallet,Funding Source Declined,0,failed,2025-12-15 07:09:21,0.0
TXN0004423,CUST001921,847.66,ACH,,0,success,2026-08-25 03:19:21,0.0
TXN0004424,CUST001204,4552.09,ACH,,0,success,2026-08-04 04:52:21,0.0
TXN0004425,CUST000785,153.71,Credit Card,Card Declined,0,failed,2025-12-20 12:57:21,0.0
TXN0004426,CUST000812,845.9,Credit Card,Insufficient Funds,0,failed,2026-05-25 09:51:21,0.0
TXN0004427,CUST000882,202.4,Digital Wallet,Session Expired,0,failed,2025-09-15 23:44:21,0.0
TXN0004428,CUST001053,2463.01,Credit Card,,0,pending,2025-10-24 23:28:21,0.0
TXN0004429,CUST001187,2027.77,Wire Transfer,,0,success,2026-06-16 01:28:21,0.0
TXN0004430,CUST000399,35.67,Digital Wallet,,0,success,2026-05-09 03:41:21,0.0
TXN0004431,CUST000774,1536.19,Bank Transfer,,0,success,2025-12-31 17:30:21,0.0
TXN0004432,CUST001574,39.21,Digital Wallet,Session Expired,0,failed,2026-01-14 09:10:21,0.0
TXN0004433,CUST000910,642.05,Credit Card,Card Declined,0,failed,2025-10-17 22:40:21,0.0
TXN0004434,CUST001388,440.6,Bank Transfer,,0,success,2026-07-06 05:46:21,0.0
TXN0004435,CUST001022,87.62,Credit Card,,0,success,2026-01-24 10:01:21,0.0
TXN0004436,CUST000706,424.03,Debit Card,,0,pending,2025-12-29 11:31:21,0.0
TXN0004437,CUST000138,383.94,Credit Card,Card Declined,0,failed,2026-06-07 15:23:21,78.92
TXN0004438,CUST001328,867.09,Debit Card,,0,pending,2025-11-21 07:02:21,0.0
TXN0004439,CUST001633,1395.57,Debit Card,,0,success,2026-07-29 04:20:21,0.0
TXN0004440,CUST001055,5061.47,Debit Card,,0,success,2025-10-11 14:45:21,0.0
TXN0004441,CUST000050,810.29,Debit Card,,0,success,2025-12-26 12:01:21,0.0
TXN0004442,CUST000035,1568.0,Bank Transfer,Routing Error,0,failed,2026-06-25 15:06:21,434.33
TXN0004443,CUST000147,282.12,Credit Card,,1,success,2026-02-15 11:55:21,0.0
TXN0004444,CUST001326,41.16,Credit Card,,3,success,2026-01-28 00:30:21,0.0
TXN0004445,CUST000171,215.72,Digital Wallet,,0,pending,2026-06-11 13:09:21,0.0
TXN0004446,CUST001787,1438.8,Bank Transfer,Routing Error,0,failed,2026-03-09 00:52:21,0.0
TXN0004447,CUST001157,435.56,Credit Card,,0,success,2026-06-13 00:44:21,0.0
TXN0004448,CUST000425,3216.86,Debit Card,,0,success,2025-10-25 10:48:21,0.0
TXN0004449,CUST000779,2778.08,Credit Card,,0,pending,2026-05-14 03:58:21,0.0
TXN0004450,CUST001097,424.19,Debit Card,Account Locked,0,failed,2026-05-16 10:57:21,0.0
TXN0004451,CUST001168,1857.49,ACH,Routing Error,0,failed,2025-12-03 04:26:21,0.0
TXN0004452,CUST000429,1807.24,ACH,,3,success,2026-08-12 19:37:21,0.0
TXN0004453,CUST001435,4628.81,Debit Card,,0,success,2026-04-01 03:01:21,0.0
TXN0004454,CUST001625,1252.5,Credit Card,,0,success,2026-02-21 05:37:21,0.0
TXN0004455,CUST000455,816.39,Credit Card,,0,success,2026-03-19 21:14:21,0.0
TXN0004456,CUST001863,938.56,Bank Transfer,Insufficient Funds,0,failed,2026-03-20 19:49:21,0.0
TXN0004457,CUST000842,6526.71,Digital Wallet,,0,pending,2026-01-14 16:10:21,0.0
TXN0004458,CUST000328,354.74,Debit Card,,0,pending,2025-11-05 22:43:21,0.0
TXN0004459,CUST000247,285.95,Credit Card,Address Mismatch,0,failed,2026-06-18 22:28:21,0.0
TXN0004460,CUST001185,12143.24,ACH,Account Closed,3,failed,2025-11-27 21:34:21,5819.79
TXN0004461,CUST001205,419.53,Credit Card,,3,success,2026-06-24 17:32:21,0.0
TXN0004462,CUST001009,9595.93,ACH,Amount Limit Exceeded,0,failed,2025-09-03 07:49:21,2728.92
TXN0004463,CUST001593,474.36,Debit Card,,0,pending,2025-09-11 23:33:21,0.0
TXN0004464,CUST001986,8103.04,Credit Card,,0,success,2026-03-26 18:33:21,0.0
TXN0004465,CUST000761,6547.09,Credit Card,,4,success,2026-05-25 03:38:21,0.0
TXN0004466,CUST000783,341.24,Bank Transfer,,0,success,2025-09-08 09:46:21,0.0
TXN0004467,CUST000013,527.43,Bank Transfer,,0,success,2026-03-04 16:42:21,0.0
TXN0004468,CUST001758,43.82,Credit Card,,0,pending,2025-12-04 22:44:21,0.0
TXN0004469,CUST000940,646.14,Digital Wallet,,0,pending,2025-10-19 16:20:21,0.0
TXN0004470,CUST001828,774.68,Credit Card,,2,success,2026-06-16 01:16:21,0.0
TXN0004471,CUST001498,3830.79,Credit Card,,0,success,2025-09-07 06:29:21,0.0
TXN0004472,CUST001441,7206.01,Digital Wallet,Account Suspended,0,failed,2026-02-06 17:03:21,0.0
TXN0004473,CUST000912,2096.66,Credit Card,Card Declined,1,failed,2025-10-10 00:46:21,610.31
TXN0004474,CUST000054,3327.97,Credit Card,,1,success,2026-08-26 05:24:21,0.0
TXN0004475,CUST001809,490.83,Debit Card,,0,success,2026-06-12 07:36:21,0.0
TXN0004476,CUST000101,2892.88,Digital Wallet,,0,success,2025-12-05 22:56:21,0.0
TXN0004477,CUST000260,1110.57,Bank Transfer,,0,success,2026-04-20 15:15:21,0.0
TXN0004478,CUST001517,94.87,Debit Card,,4,success,2026-01-08 10:52:21,0.0
TXN0004479,CUST001940,482.56,Debit Card,,0,success,2026-06-03 09:54:21,0.0
TXN0004480,CUST001022,153.64,Credit Card,,0,success,2025-10-06 05:44:21,0.0
TXN0004481,CUST001123,51.89,Credit Card,,1,success,2025-10-04 11:12:21,0.0
TXN0004482,CUST000586,1170.58,ACH,,0,success,2025-10-26 04:27:21,0.0
TXN0004483,CUST000759,882.67,Debit Card,,0,success,2026-04-06 13:43:21,0.0
TXN0004484,CUST000233,7421.24,Digital Wallet,,0,success,2026-06-14 23:49:21,0.0
TXN0004485,CUST001776,714.05,Credit Card,CVV Mismatch,0,failed,2026-05-09 21:25:21,0.0
TXN0004486,CUST001985,1885.6,Credit Card,,0,success,2026-08-28 06:22:21,0.0
TXN0004487,CUST000598,653.25,Bank Transfer,,0,success,2025-12-27 20:38:21,0.0
TXN0004488,CUST001466,464.36,Credit Card,,0,success,2025-08-30 12:25:21,0.0
TXN0004489,CUST000100,636.49,Bank Transfer,,0,success,2025-12-10 13:48:21,0.0
TXN0004490,CUST001506,1203.47,Digital Wallet,Session Expired,0,failed,2026-07-27 23:25:21,0.0
TXN0004491,CUST001941,2123.95,Debit Card,,0,success,2026-02-11 16:07:21,0.0
TXN0004492,CUST000034,2422.41,ACH,,0,success,2026-05-22 15:48:21,0.0
TXN0004493,CUST000563,1217.98,Digital Wallet,Session Expired,0,failed,2026-02-28 16:25:21,0.0
TXN0004494,CUST001290,43.01,Debit Card,Card Declined,2,failed,2026-03-18 20:10:21,20.54
TXN0004495,CUST000998,1839.39,ACH,,0,success,2026-04-16 07:23:21,0.0
TXN0004496,CUST001246,2321.42,ACH,Account Closed,0,failed,2025-09-26 05:03:21,0.0
TXN0004497,CUST001080,443.96,Credit Card,,0,success,2026-05-15 16:44:21,0.0
TXN0004498,CUST001513,737.84,Debit Card,Account Locked,0,failed,2026-02-09 18:37:21,0.0
TXN0004499,CUST000866,1622.41,Debit Card,Daily Limit Exceeded,0,failed,2025-12-30 20:00:21,0.0
TXN0004500,CUST001508,435.07,Credit Card,,0,success,2026-05-16 11:16:21,0.0
TXN0004501,CUST000341,72.0,Credit Card,,4,success,2026-08-06 09:08:21,0.0
TXN0004502,CUST000682,3742.46,Bank Transfer,,0,success,2026-02-18 02:12:21,0.0
TXN0004503,CUST001105,1213.13,Credit Card,Card Declined,3,failed,2026-03-13 17:43:21,756.07
TXN0004504,CUST000339,203.95,Credit Card,Card Declined,0,failed,2026-04-23 13:47:21,0.0
TXN0004505,CUST001559,40189.57,Wire Transfer,,4,success,2026-04-06 03:04:21,0.0
TXN0004506,CUST000291,279.75,Credit Card,Insufficient Funds,0,failed,2025-09-03 17:07:21,0.0
TXN0004507,CUST000137,2655.71,Digital Wallet,,0,success,2026-04-12 19:01:21,0.0
TXN0004508,CUST001239,304.62,Bank Transfer,,0,success,2026-08-26 02:28:21,0.0
TXN0004509,CUST001790,14498.09,Debit Card,,0,success,2026-06-08 18:17:21,0.0
TXN0004510,CUST000787,6729.19,Credit Card,,1,success,2025-11-14 12:14:21,0.0
TXN0004511,CUST000322,134.49,Debit Card,,1,success,2025-08-30 07:18:21,0.0
TXN0004512,CUST001792,53.22,Digital Wallet,,0,success,2026-03-27 19:22:21,0.0
TXN0004513,CUST000010,537.81,Debit Card,,0,success,2026-01-01 01:30:21,0.0
TXN0004514,CUST000994,1046.79,Debit Card,Daily Limit Exceeded,0,failed,2026-08-23 11:59:21,0.0
TXN0004515,CUST000459,250.31,Debit Card,,0,success,2026-06-03 16:38:21,0.0
TXN0004516,CUST000934,737.23,Debit Card,,0,success,2026-06-30 04:32:21,0.0
TXN0004517,CUST000600,1109.12,Credit Card,Card Declined,1,failed,2025-12-24 11:56:21,424.57
TXN0004518,CUST000407,2029.56,Digital Wallet,,0,success,2026-08-23 17:30:21,0.0
TXN0004519,CUST000125,1545.44,ACH,Amount Limit Exceeded,0,failed,2026-04-08 04:16:21,0.0
TXN0004520,CUST000480,155.88,Credit Card,,0,success,2025-09-15 07:06:21,0.0
TXN0004521,CUST000991,3292.91,Credit Card,,0,success,2025-09-07 11:00:21,0.0
TXN0004522,CUST000193,1035.72,Debit Card,,0,success,2025-08-28 18:29:21,0.0
TXN0004523,CUST001259,79.39,Digital Wallet,Session Expired,0,failed,2026-01-17 20:39:21,0.0
TXN0004524,CUST001577,5900.92,Credit Card,,0,pending,2025-10-21 12:42:21,0.0
TXN0004525,CUST001074,1282.72,Digital Wallet,,0,success,2026-05-20 22:39:21,0.0
TXN0004526,CUST000548,2328.29,Credit Card,,3,success,2026-02-22 04:18:21,0.0
TXN0004527,CUST001720,795.35,Credit Card,Insufficient Funds,0,failed,2025-09-16 19:45:21,0.0
TXN0004528,CUST000402,222.84,Digital Wallet,,2,success,2025-10-13 01:44:21,0.0
TXN0004529,CUST001429,439.72,Bank Transfer,,0,success,2026-04-18 00:49:21,0.0
TXN0004530,CUST000940,930.98,ACH,Routing Error,0,failed,2026-04-25 19:25:21,0.0
TXN0004531,CUST000686,32114.22,ACH,,0,success,2025-10-04 14:21:21,0.0
TXN0004532,CUST001196,864.14,Digital Wallet,Account Suspended,2,failed,2026-02-05 09:35:21,383.69
TXN0004533,CUST000859,587.13,Credit Card,,0,success,2026-06-20 20:06:21,0.0
TXN0004534,CUST001470,5250.1,Debit Card,Card Declined,1,failed,2025-12-31 21:50:21,1984.19
TXN0004535,CUST001140,4471.65,ACH,,0,success,2026-05-16 01:08:21,0.0
TXN0004536,CUST001467,732.61,Credit Card,,1,success,2026-02-25 16:31:21,0.0
TXN0004537,CUST001409,1565.14,Digital Wallet,Device Not Verified,0,failed,2026-07-13 00:04:21,0.0
TXN0004538,CUST001426,2956.09,Bank Transfer,,0,success,2025-10-07 19:34:21,0.0
TXN0004539,CUST001172,959.25,Bank Transfer,,0,success,2026-08-17 02:23:21,0.0
TXN0004540,CUST001946,1003.12,Credit Card,CVV Mismatch,0,failed,2026-01-23 21:19:21,0.0
TXN0004541,CUST000291,1568.93,Debit Card,Card Declined,2,failed,2026-04-14 13:31:21,640.21
TXN0004542,CUST001716,375.55,Credit Card,,1,success,2026-04-02 08:26:21,0.0
TXN0004543,CUST001412,160.99,Credit Card,,0,success,2026-06-17 07:54:21,0.0
TXN0004544,CUST000102,654.51,Digital Wallet,Device Not Verified,0,failed,2026-03-18 05:51:21,0.0
TXN0004545,CUST001083,187.14,Credit Card,,0,pending,2026-06-15 16:32:21,0.0
TXN0004546,CUST000308,559.45,Credit Card,,0,success,2025-10-01 09:42:21,0.0
TXN0004547,CUST001759,1232.4,Digital Wallet,,0,success,2026-01-24 11:30:21,0.0
TXN0004548,CUST000341,922.04,ACH,,4,success,2026-07-14 07:25:21,0.0
TXN0004549,CUST001207,624.39,Bank Transfer,,0,success,2025-10-31 01:24:21,0.0
TXN0004550,CUST001068,699.45,Credit Card,CVV Mismatch,2,failed,2026-03-22 15:26:21,393.74
TXN0004551,CUST000026,165.89,Bank Transfer,,0,pending,2026-04-08 06:07:21,0.0
TXN0004552,CUST001932,9419.99,Credit Card,,0,success,2026-05-27 12:45:21,0.0
TXN0004553,CUST001575,421.9,Digital Wallet,Session Expired,0,failed,2025-10-07 18:02:21,0.0
TXN0004554,CUST000497,17932.05,ACH,,0,success,2026-02-08 02:54:21,0.0
TXN0004555,CUST000051,1906.48,Credit Card,,1,success,2026-07-17 04:20:21,0.0
TXN0004556,CUST000879,372.05,Digital Wallet,,0,success,2026-03-02 14:09:21,0.0
TXN0004557,CUST001832,410.23,Debit Card,Card Declined,0,failed,2026-08-26 20:30:21,0.0
TXN0004558,CUST000151,355.56,Digital Wallet,,0,success,2026-07-14 07:06:21,0.0
TXN0004559,CUST001940,1509.03,ACH,Amount Limit Exceeded,2,failed,2025-10-18 18:57:21,767.22
TXN0004560,CUST001239,4023.75,Debit Card,,0,success,2025-12-13 23:20:21,0.0
TXN0004561,CUST001158,576.67,Credit Card,,0,success,2026-06-17 11:01:21,0.0
TXN0004562,CUST000972,1654.94,ACH,,1,success,2026-02-26 12:27:21,0.0
TXN0004563,CUST000213,514.52,Credit Card,,0,success,2025-12-22 18:58:21,0.0
TXN0004564,CUST000202,2284.47,ACH,,0,success,2025-12-25 19:33:21,0.0
TXN0004565,CUST001348,51.22,Credit Card,,0,success,2026-05-09 18:29:21,0.0
TXN0004566,CUST001593,1196.97,Credit Card,,0,success,2025-09-21 11:06:21,0.0
TXN0004567,CUST000013,581.84,Credit Card,,0,success,2025-10-05 02:59:21,0.0
TXN0004568,CUST000353,7446.05,Credit Card,,0,success,2026-05-25 19:01:21,0.0
TXN0004569,CUST001055,1680.93,Debit Card,,0,success,2025-12-08 07:52:21,0.0
TXN0004570,CUST000399,1118.55,Credit Card,,0,success,2026-02-06 06:03:21,0.0
TXN0004571,CUST000666,6674.8,Debit Card,Card Declined,0,failed,2025-10-03 12:45:21,0.0
TXN0004572,CUST001102,5547.85,Debit Card,Account Locked,2,failed,2025-11-03 00:37:21,1964.13
TXN0004573,CUST001097,162.64,Debit Card,Insufficient Funds,0,failed,2025-10-13 16:58:21,0.0
TXN0004574,CUST000889,2668.47,Debit Card,,0,success,2025-10-23 17:04:21,0.0
TXN0004575,CUST001513,315.26,Credit Card,,0,success,2025-11-15 20:41:21,0.0
TXN0004576,CUST000650,3530.37,Bank Transfer,Insufficient Funds,0,failed,2026-01-15 04:31:21,0.0
TXN0004577,CUST000794,963.82,Credit Card,,0,success,2025-11-18 14:16:21,0.0
TXN0004578,CUST001953,14241.21,Wire Transfer,,1,success,2025-10-29 20:33:21,0.0
TXN0004579,CUST001642,861.37,Wire Transfer,Sender Unverified,3,failed,2026-06-30 22:55:21,392.28
TXN0004580,CUST000115,1621.13,Wire Transfer,,0,success,2026-02-25 07:28:21,0.0
TXN0004581,CUST000377,1692.46,Bank Transfer,,0,pending,2025-10-27 09:48:21,0.0
TXN0004582,CUST001108,1769.31,Debit Card,,0,success,2025-12-19 20:48:21,0.0
TXN0004583,CUST000102,1427.34,Bank Transfer,,0,success,2025-10-04 07:39:21,0.0
TXN0004584,CUST000118,2570.63,Credit Card,Card Declined,0,failed,2026-06-12 21:48:21,0.0
TXN0004585,CUST001061,232.28,Credit Card,,0,success,2025-10-12 06:57:21,0.0
TXN0004586,CUST000165,141.46,Bank Transfer,,2,success,2025-10-02 13:06:21,0.0
TXN0004587,CUST000018,288.87,Debit Card,,0,pending,2026-05-23 18:50:21,0.0
TXN0004588,CUST001657,330.36,Credit Card,,0,success,2026-08-19 20:18:21,0.0
TXN0004589,CUST000028,234.32,Debit Card,,0,success,2025-12-15 12:16:21,0.0
TXN0004590,CUST000203,610.67,Digital Wallet,,2,success,2026-05-31 19:47:21,0.0
TXN0004591,CUST000285,95.51,Credit Card,,0,success,2026-01-08 21:13:21,0.0
TXN0004592,CUST001624,2569.61,Bank Transfer,,3,success,2026-04-03 07:44:21,0.0
TXN0004593,CUST001014,541.22,Digital Wallet,,0,success,2025-09-09 05:37:21,0.0
TXN0004594,CUST000568,962.39,Credit Card,,0,success,2025-10-26 20:31:21,0.0
TXN0004595,CUST001592,153.1,Debit Card,,0,success,2026-04-20 06:42:21,0.0
TXN0004596,CUST001850,654.08,Credit Card,,0,success,2026-05-13 20:47:21,0.0
TXN0004597,CUST001925,1364.81,Credit Card,,2,pending,2026-04-19 21:42:21,0.0
TXN0004598,CUST000297,5849.02,Wire Transfer,,0,success,2025-11-19 14:46:21,0.0
TXN0004599,CUST000725,3254.23,Debit Card,,0,success,2025-09-20 08:33:21,0.0
TXN0004600,CUST000169,1034.06,Credit Card,,1,success,2025-11-13 08:34:21,0.0
TXN0004601,CUST001746,90.32,Bank Transfer,,0,success,2026-01-20 12:18:21,0.0
TXN0004602,CUST001705,358.03,Debit Card,,0,success,2026-01-17 19:35:21,0.0
TXN0004603,CUST000606,134.42,Credit Card,Card Declined,0,failed,2025-09-22 17:58:21,33.33
TXN0004604,CUST000965,5667.42,ACH,Routing Error,1,failed,2025-09-28 18:39:21,1884.22
TXN0004605,CUST001149,37.03,Bank Transfer,Insufficient Funds,0,failed,2026-01-19 12:44:21,0.0
TXN0004606,CUST001097,6251.42,Digital Wallet,Account Suspended,0,failed,2026-03-24 21:37:21,0.0
TXN0004607,CUST001670,1057.78,Credit Card,,0,success,2025-11-29 00:03:21,0.0
TXN0004608,CUST001501,277.41,Credit Card,,0,success,2026-08-01 18:16:21,0.0
TXN0004609,CUST001811,12.41,Credit Card,,0,success,2025-09-05 18:00:21,0.0
TXN0004610,CUST001918,94.89,Digital Wallet,,0,success,2025-10-29 22:11:21,0.0
TXN0004611,CUST001889,5023.02,Bank Transfer,,0,success,2025-10-10 11:28:21,0.0
TXN0004612,CUST000735,2601.52,Credit Card,Card Declined,1,failed,2025-11-14 21:21:21,1167.44
TXN0004613,CUST001386,757.98,Credit Card,CVV Mismatch,0,failed,2026-08-25 23:07:21,0.0
TXN0004614,CUST000070,146.69,Digital Wallet,,0,success,2026-07-10 23:15:21,0.0
TXN0004615,CUST001812,894.72,Credit Card,CVV Mismatch,0,failed,2025-10-26 23:39:21,0.0
TXN0004616,CUST001377,15.14,Digital Wallet,,0,success,2026-05-05 16:49:21,0.0
TXN0004617,CUST001554,17004.04,ACH,,0,success,2026-07-18 08:42:21,0.0
TXN0004618,CUST000229,764.0,Credit Card,Expired Card,0,failed,2025-11-07 08:11:21,0.0
TXN0004619,CUST000342,12451.41,Credit Card,,0,success,2026-05-25 17:36:21,0.0
TXN0004620,CUST000600,149.56,Credit Card,,1,success,2025-09-16 19:31:21,0.0
TXN0004621,CUST001165,212.79,Credit Card,Address Mismatch,0,failed,2026-02-22 17:14:21,0.0
TXN0004622,CUST001135,229.29,Credit Card,,0,success,2026-03-01 21:10:21,0.0
TXN0004623,CUST000165,1251.22,Debit Card,Insufficient Funds,0,failed,2026-08-07 12:36:21,0.0
TXN0004624,CUST000166,2369.09,Bank Transfer,,0,success,2026-03-16 05:23:21,0.0
TXN0004625,CUST001848,2532.43,Digital Wallet,,0,success,2026-03-04 21:08:21,0.0
TXN0004626,CUST000451,8273.25,ACH,,0,success,2025-09-05 06:29:21,0.0
TXN0004627,CUST000278,465.63,ACH,,2,success,2025-11-23 05:02:21,0.0
TXN0004628,CUST000507,10898.77,Bank Transfer,,2,success,2026-02-12 04:35:21,0.0
TXN0004629,CUST001326,551.04,Digital Wallet,,3,success,2025-12-27 21:01:21,0.0
TXN0004630,CUST001562,640.83,ACH,Account Closed,0,failed,2026-07-08 02:40:21,0.0
TXN0004631,CUST001053,433.9,Debit Card,Insufficient Funds,0,failed,2025-09-26 18:03:21,0.0
TXN0004632,CUST000523,149.02,Debit Card,,1,success,2026-05-01 05:50:21,0.0
TXN0004633,CUST000493,2867.83,Wire Transfer,Account Closed,0,failed,2025-10-25 22:24:21,0.0
TXN0004634,CUST001012,361.71,Credit Card,Expired Card,1,failed,2026-03-12 08:49:21,157.0
TXN0004635,CUST001106,201.11,Credit Card,,0,success,2025-09-15 09:42:21,0.0
TXN0004636,CUST000467,7147.58,ACH,Amount Limit Exceeded,0,failed,2026-05-09 23:38:21,0.0
TXN0004637,CUST000172,5519.48,Bank Transfer,,0,success,2025-11-30 07:09:21,0.0
TXN0004638,CUST001742,417.98,Digital Wallet,,0,success,2025-09-25 22:47:21,0.0
TXN0004639,CUST001145,1428.34,Credit Card,,0,success,2026-04-25 20:09:21,0.0
TXN0004640,CUST001760,502.2,Credit Card,,0,success,2025-11-18 02:38:21,0.0
TXN0004641,CUST000220,5362.51,Credit Card,Insufficient Funds,3,failed,2026-02-23 21:00:21,3511.6
TXN0004642,CUST000379,483.78,Debit Card,,0,success,2026-07-27 04:43:21,0.0
TXN0004643,CUST001210,5405.33,Credit Card,Card Declined,0,failed,2026-04-18 01:31:21,0.0
TXN0004644,CUST000595,1296.54,Credit Card,,0,success,2026-04-22 18:32:21,0.0
TXN0004645,CUST000461,1092.58,Bank Transfer,,0,success,2026-07-16 06:45:21,0.0
TXN0004646,CUST000322,12085.0,Wire Transfer,,1,success,2025-11-01 16:58:21,0.0
TXN0004647,CUST001375,1658.81,Credit Card,,1,pending,2026-02-01 03:45:21,0.0
TXN0004648,CUST001943,1751.34,ACH,,0,success,2025-12-31 13:20:21,0.0
TXN0004649,CUST001603,146.82,Digital Wallet,,0,success,2026-07-26 18:15:21,0.0
TXN0004650,CUST001043,856.06,Debit Card,Insufficient Funds,2,failed,2025-09-11 13:23:21,346.45
TXN0004651,CUST001498,367.76,Digital Wallet,,0,success,2026-05-02 13:19:21,0.0
TXN0004652,CUST000291,1057.4,Credit Card,Card Declined,1,failed,2026-07-20 22:00:21,363.07
TXN0004653,CUST001704,636.66,Bank Transfer,,0,success,2025-12-24 04:39:21,0.0
TXN0004654,CUST000639,819.73,Credit Card,,0,success,2025-09-12 17:57:21,0.0
TXN0004655,CUST001877,409.68,Bank Transfer,,0,success,2025-10-27 08:49:21,0.0
TXN0004656,CUST000166,4931.29,Bank Transfer,,0,pending,2026-05-20 07:12:21,0.0
TXN0004657,CUST001430,541.4,ACH,Amount Limit Exceeded,0,failed,2025-10-01 19:41:21,0.0
TXN0004658,CUST000500,617.16,Credit Card,,0,success,2025-11-16 13:26:21,0.0
TXN0004659,CUST001526,428.37,Digital Wallet,,0,success,2025-10-05 20:32:21,0.0
TXN0004660,CUST001554,341.03,Credit Card,,0,success,2026-01-08 20:25:21,0.0
TXN0004661,CUST001418,7817.26,Bank Transfer,Routing Error,0,failed,2025-09-11 09:59:21,0.0
TXN0004662,CUST000610,157.67,Credit Card,,0,success,2025-11-26 09:42:21,0.0
TXN0004663,CUST001332,100.63,Debit Card,,0,success,2026-07-10 07:24:21,0.0
TXN0004664,CUST001701,147.23,Credit Card,,0,success,2026-06-21 18:17:21,0.0
TXN0004665,CUST000504,1184.21,ACH,Amount Limit Exceeded,0,failed,2026-07-29 04:54:21,0.0
TXN0004666,CUST000305,7630.64,Wire Transfer,Account Closed,0,failed,2025-11-21 03:05:21,0.0
TXN0004667,CUST000356,8349.67,Bank Transfer,,0,success,2026-05-19 10:42:21,0.0
TXN0004668,CUST001229,236.23,Digital Wallet,,0,success,2025-10-05 19:14:21,0.0
TXN0004669,CUST000019,12.66,Digital Wallet,,0,pending,2025-11-11 10:46:21,0.0
TXN0004670,CUST001329,190.61,Credit Card,,0,success,2026-04-24 09:04:21,0.0
TXN0004671,CUST000955,673.86,ACH,,0,success,2025-10-28 10:09:21,0.0
TXN0004672,CUST000878,3819.57,ACH,,0,success,2026-08-05 07:27:21,0.0
TXN0004673,CUST000166,3421.47,ACH,Account Inactive,0,failed,2025-12-29 07:59:21,0.0
TXN0004674,CUST001336,1137.85,Credit Card,,4,pending,2026-02-23 07:38:21,0.0
TXN0004675,CUST001092,637.23,Credit Card,,0,pending,2026-05-28 01:59:21,0.0
TXN0004676,CUST001047,364.43,Credit Card,Insufficient Funds,1,failed,2025-11-02 05:49:21,136.02
TXN0004677,CUST000170,383.03,Credit Card,,0,success,2026-02-22 18:50:21,0.0
TXN0004678,CUST001264,126.07,Credit Card,,3,success,2026-03-07 19:36:21,0.0
TXN0004679,CUST001198,187.34,Digital Wallet,,0,success,2025-12-16 06:13:21,0.0
TXN0004680,CUST001504,512.05,Debit Card,Insufficient Funds,0,failed,2025-12-14 16:02:21,0.0
TXN0004681,CUST001734,1537.7,Credit Card,,0,success,2025-11-01 21:03:21,0.0
TXN0004682,CUST001649,1628.41,ACH,,1,success,2026-02-13 17:54:21,0.0
TXN0004683,CUST001244,106.0,Digital Wallet,,0,success,2025-12-18 01:59:21,0.0
TXN0004684,CUST001205,174.31,Debit Card,,3,success,2025-12-02 16:41:21,0.0
TXN0004685,CUST000025,781.83,Digital Wallet,,0,pending,2026-06-18 01:45:21,0.0
TXN0004686,CUST001470,457.22,Digital Wallet,,1,success,2026-04-02 11:04:21,0.0
TXN0004687,CUST000619,1030.97,Digital Wallet,,0,success,2026-02-08 20:17:21,0.0
TXN0004688,CUST000420,790.19,Debit Card,Account Locked,0,failed,2026-07-03 05:37:21,0.0
TXN0004689,CUST001596,2814.76,Wire Transfer,Amount Limit Exceeded,0,failed,2025-09-19 05:05:21,676.27
TXN0004690,CUST000296,2371.72,Debit Card,,0,pending,2025-10-24 19:54:21,0.0
TXN0004691,CUST000425,2426.32,Debit Card,,0,success,2026-01-27 23:58:21,0.0
TXN0004692,CUST001223,191.5,Credit Card,,0,success,2026-02-15 14:52:21,0.0
TXN0004693,CUST001046,6726.57,Credit Card,,0,success,2026-05-09 19:53:21,0.0
TXN0004694,CUST001969,79.06,Credit Card,CVV Mismatch,1,failed,2025-11-24 00:57:21,35.42
TXN0004695,CUST001886,420.65,ACH,,0,success,2026-02-03 09:14:21,0.0
TXN0004696,CUST000162,456.38,Credit Card,,0,success,2025-11-06 02:41:21,0.0
TXN0004697,CUST001597,154.74,Credit Card,,0,success,2025-10-28 04:46:21,0.0
TXN0004698,CUST000989,749.47,Debit Card,,3,success,2026-02-12 21:50:21,0.0
TXN0004699,CUST000748,200.27,Bank Transfer,Insufficient Funds,2,failed,2025-09-11 03:51:21,117.7
TXN0004700,CUST001168,1404.32,ACH,,0,success,2026-06-23 16:18:21,0.0
TXN0004701,CUST000452,1174.18,Credit Card,,0,success,2026-08-18 05:54:21,0.0
TXN0004702,CUST001641,518.18,Credit Card,,2,success,2025-12-25 21:45:21,0.0
TXN0004703,CUST001256,550.0,Bank Transfer,,0,success,2025-12-04 12:12:21,0.0
TXN0004704,CUST000978,487.93,Digital Wallet,,0,success,2025-11-03 13:00:21,0.0
TXN0004705,CUST000117,552.48,Debit Card,Daily Limit Exceeded,0,failed,2026-06-20 04:57:21,0.0
TXN0004706,CUST001343,2027.78,Debit Card,,0,success,2026-01-30 22:02:21,0.0
TXN0004707,CUST001511,4378.87,Wire Transfer,Routing Error,0,failed,2026-08-23 19:24:21,0.0
TXN0004708,CUST001295,3161.91,ACH,,0,success,2025-08-31 22:02:21,0.0
TXN0004709,CUST000194,1488.03,Digital Wallet,,0,success,2026-05-18 05:18:21,0.0
TXN0004710,CUST001957,102.07,Credit Card,,0,success,2026-02-28 17:36:21,0.0
TXN0004711,CUST000239,5712.72,Digital Wallet,Session Expired,0,failed,2026-05-08 16:30:21,1445.44
TXN0004712,CUST000146,380.06,ACH,Amount Limit Exceeded,0,failed,2025-09-08 09:51:21,0.0
TXN0004713,CUST001817,2160.78,Wire Transfer,,0,success,2026-02-08 16:18:21,0.0
TXN0004714,CUST000234,577.44,Digital Wallet,,0,success,2025-10-03 07:57:21,0.0
TXN0004715,CUST001661,40.96,Bank Transfer,,1,pending,2025-09-12 10:18:21,0.0
TXN0004716,CUST001337,310.59,Debit Card,,0,success,2025-09-09 02:02:21,0.0
TXN0004717,CUST001644,999.77,Credit Card,,0,success,2026-07-19 16:49:21,0.0
TXN0004718,CUST000675,11977.63,ACH,,0,pending,2026-08-10 07:09:21,0.0
TXN0004719,CUST001710,1596.8,Debit Card,Card Declined,0,failed,2026-06-05 13:06:21,0.0
TXN0004720,CUST000761,346.24,Credit Card,,4,success,2026-03-10 16:14:21,0.0
TXN0004721,CUST000863,2991.12,Bank Transfer,,0,success,2026-04-29 10:50:21,0.0
TXN0004722,CUST001123,357.42,Debit Card,,1,success,2026-06-26 03:58:21,0.0
TXN0004723,CUST001501,484.47,Digital Wallet,,0,pending,2025-10-09 04:19:21,0.0
TXN0004724,CUST001592,1832.97,Wire Transfer,,0,success,2026-03-06 05:00:21,0.0
TXN0004725,CUST000143,314.85,Digital Wallet,,0,success,2025-09-03 09:17:21,0.0
TXN0004726,CUST001804,211.79,Credit Card,,2,success,2025-10-09 08:35:21,0.0
TXN0004727,CUST001943,2223.57,Bank Transfer,,0,success,2025-12-18 18:31:21,0.0
TXN0004728,CUST001036,2305.36,Debit Card,,3,success,2026-05-26 10:16:21,0.0
TXN0004729,CUST000077,142.59,Digital Wallet,Device Not Verified,1,failed,2025-10-26 00:06:21,62.15
TXN0004730,CUST000213,3999.36,Wire Transfer,,0,success,2025-11-17 00:08:21,0.0
TXN0004731,CUST001440,10636.64,Digital Wallet,,0,success,2026-08-01 13:13:21,0.0
TXN0004732,CUST000662,6572.9,ACH,,0,success,2025-12-04 10:41:21,0.0
TXN0004733,CUST001962,363.02,Debit Card,,0,success,2026-01-20 09:46:21,0.0
TXN0004734,CUST001807,2307.05,Debit Card,,1,success,2025-11-25 18:20:21,0.0
TXN0004735,CUST001874,2889.65,Debit Card,,0,success,2025-11-13 08:49:21,0.0
TXN0004736,CUST000361,457.38,Credit Card,,0,success,2026-01-04 16:48:21,0.0
TXN0004737,CUST000386,10633.88,Debit Card,,0,pending,2026-07-11 19:03:21,0.0
TXN0004738,CUST000137,3967.12,Credit Card,,0,success,2026-05-09 12:58:21,0.0
TXN0004739,CUST001176,492.24,Credit Card,,1,success,2025-12-26 10:20:21,0.0
TXN0004740,CUST000539,362.48,Bank Transfer,,1,success,2026-08-22 09:30:21,0.0
TXN0004741,CUST001210,2781.21,Bank Transfer,,3,success,2025-10-02 02:41:21,0.0
TXN0004742,CUST000554,17286.9,Credit Card,,0,success,2026-05-03 07:02:21,0.0
TXN0004743,CUST000504,111.79,Credit Card,Card Declined,3,failed,2026-03-20 22:31:21,59.97
TXN0004744,CUST000247,1290.31,Digital Wallet,Session Expired,1,failed,2026-06-02 22:40:21,396.37
TXN0004745,CUST001788,253.42,Debit Card,,1,success,2026-06-09 10:46:21,0.0
TXN0004746,CUST000628,2827.11,Digital Wallet,Session Expired,2,failed,2025-10-24 23:00:21,1322.42
TXN0004747,CUST001437,96.13,Credit Card,,0,success,2026-07-13 04:46:21,0.0
TXN0004748,CUST000873,423.11,Credit Card,,0,success,2026-03-08 19:11:21,0.0
TXN0004749,CUST001710,2153.25,Digital Wallet,,0,pending,2026-03-22 17:06:21,0.0
TXN0004750,CUST001265,2483.31,Wire Transfer,,0,success,2026-07-26 01:59:21,0.0
TXN0004751,CUST000014,5502.34,Credit Card,,0,success,2026-06-20 22:35:21,0.0
TXN0004752,CUST000192,550.8,Digital Wallet,,0,success,2025-10-13 06:56:21,0.0
TXN0004753,CUST000367,259.48,Digital Wallet,,0,success,2026-07-20 10:31:21,0.0
TXN0004754,CUST000145,30.56,Bank Transfer,Routing Error,4,failed,2026-03-17 13:11:21,15.14
TXN0004755,CUST001874,504.95,Credit Card,,0,success,2026-05-31 06:48:21,0.0
TXN0004756,CUST000496,7364.39,Wire Transfer,,0,success,2025-08-28 20:01:21,0.0
TXN0004757,CUST001919,20340.93,Bank Transfer,,2,success,2025-10-25 02:39:21,0.0
TXN0004758,CUST001945,221.26,Credit Card,Card Declined,0,failed,2026-07-11 14:12:21,0.0
TXN0004759,CUST000688,4155.28,Credit Card,,1,success,2025-11-24 01:50:21,0.0
TXN0004760,CUST001712,230.04,Bank Transfer,,0,success,2026-05-01 23:20:21,0.0
TXN0004761,CUST000817,1056.09,Credit Card,,1,pending,2026-02-15 18:45:21,0.0
TXN0004762,CUST000315,17769.25,Wire Transfer,,2,pending,2026-05-23 01:37:21,0.0
TXN0004763,CUST000865,567.98,Bank Transfer,,1,success,2026-05-03 01:12:21,0.0
TXN0004764,CUST001105,94.02,Bank Transfer,Daily Limit Exceeded,0,failed,2025-10-18 23:42:21,0.0
TXN0004765,CUST001489,378.43,Credit Card,,0,success,2026-02-23 23:17:21,0.0
TXN0004766,CUST001149,286.68,Debit Card,Card Declined,0,failed,2026-06-20 15:07:21,0.0
TXN0004767,CUST000922,2694.94,Credit Card,,0,pending,2026-03-07 07:52:21,0.0
TXN0004768,CUST000335,8295.15,Credit Card,,0,success,2025-11-14 11:31:21,0.0
TXN0004769,CUST001653,504.85,Credit Card,,3,success,2026-02-17 13:11:21,0.0
TXN0004770,CUST001887,226.94,Credit Card,,4,success,2025-10-09 08:13:21,0.0
TXN0004771,CUST001653,2168.13,Debit Card,,3,success,2026-01-23 23:08:21,0.0
TXN0004772,CUST000001,16422.66,Credit Card,,0,success,2025-12-30 20:07:21,0.0
TXN0004773,CUST000584,3010.09,Credit Card,Insufficient Funds,1,failed,2026-05-17 08:26:21,762.13
TXN0004774,CUST001635,1071.78,Debit Card,,0,success,2026-04-10 03:53:21,0.0
TXN0004775,CUST000933,521.88,Debit Card,Card Declined,1,failed,2026-04-04 08:42:21,220.85
TXN0004776,CUST000824,731.51,Credit Card,,0,success,2026-01-17 19:00:21,0.0
TXN0004777,CUST001252,801.52,Credit Card,,0,success,2026-01-30 10:22:21,0.0
TXN0004778,CUST001748,2853.58,Debit Card,,0,success,2026-08-16 18:51:21,0.0
TXN0004779,CUST000906,2977.76,Credit Card,,0,success,2026-07-17 06:27:21,0.0
TXN0004780,CUST000441,3236.38,Bank Transfer,,0,success,2026-04-16 09:29:21,0.0
TXN0004781,CUST000211,12977.55,Debit Card,,0,success,2025-12-25 21:02:21,0.0
TXN0004782,CUST000668,80.71,Credit Card,CVV Mismatch,1,failed,2025-11-23 08:56:21,20.36
TXN0004783,CUST000041,5156.68,Credit Card,,0,success,2026-02-12 16:46:21,0.0
TXN0004784,CUST000735,474.78,Credit Card,,1,success,2025-09-13 03:15:21,0.0
TXN0004785,CUST000934,115.35,Credit Card,,0,success,2026-02-20 12:32:21,0.0
TXN0004786,CUST000891,3657.42,Digital Wallet,,0,success,2026-03-14 07:32:21,0.0
TXN0004787,CUST001898,43.0,Credit Card,,0,pending,2026-08-19 12:07:21,0.0
TXN0004788,CUST000837,2991.13,Credit Card,,0,success,2026-05-02 17:07:21,0.0
TXN0004789,CUST000278,980.97,Bank Transfer,,2,success,2026-04-15 02:38:21,0.0
TXN0004790,CUST000148,4942.82,Wire Transfer,,0,success,2025-09-02 14:51:21,0.0
TXN0004791,CUST000053,338.58,Bank Transfer,,0,success,2026-06-25 23:26:21,0.0
TXN0004792,CUST000677,10.0,Bank Transfer,Routing Error,0,failed,2025-08-31 17:01:21,1.05
TXN0004793,CUST001548,600.46,Credit Card,,0,pending,2026-03-26 15:38:21,0.0
TXN0004794,CUST000341,80.63,Digital Wallet,,4,success,2026-04-22 15:47:21,0.0
TXN0004795,CUST001148,265.97,Debit Card,,0,success,2026-01-31 14:33:21,0.0
TXN0004796,CUST001143,463.55,Bank Transfer,Insufficient Funds,0,failed,2026-07-16 07:39:21,0.0
TXN0004797,CUST001284,540.98,Bank Transfer,,1,success,2025-11-05 19:50:21,0.0
TXN0004798,CUST001981,838.39,Wire Transfer,,0,success,2025-09-30 02:28:21,0.0
TXN0004799,CUST001317,426.87,Digital Wallet,,0,success,2026-02-21 03:30:21,0.0
TXN0004800,CUST001451,11496.02,Wire Transfer,,0,success,2026-03-01 16:04:21,0.0
TXN0004801,CUST000100,521.9,Credit Card,,0,success,2026-02-10 22:02:21,0.0
TXN0004802,CUST000268,3774.17,Wire Transfer,,2,success,2026-05-10 00:09:21,0.0
TXN0004803,CUST000433,1883.01,Bank Transfer,,0,success,2026-04-17 19:56:21,0.0
TXN0004804,CUST000774,1900.22,Debit Card,,0,success,2026-04-25 01:22:21,0.0
TXN0004805,CUST001381,55.09,Digital Wallet,,0,success,2026-05-20 01:05:21,0.0
TXN0004806,CUST000864,2408.89,Bank Transfer,,0,success,2026-08-03 17:32:21,0.0
TXN0004807,CUST000452,5869.7,Debit Card,,0,success,2026-03-26 23:33:21,0.0
TXN0004808,CUST000946,318.8,Credit Card,,0,success,2026-05-31 11:02:21,0.0
TXN0004809,CUST000795,361.48,Digital Wallet,Device Not Verified,0,failed,2026-03-20 10:26:21,0.0
TXN0004810,CUST001847,561.03,Bank Transfer,,0,success,2025-10-22 16:36:21,0.0
TXN0004811,CUST001605,880.65,Credit Card,,0,success,2026-02-17 13:11:21,0.0
TXN0004812,CUST001332,1191.11,Credit Card,,0,pending,2026-04-03 15:43:21,0.0
TXN0004813,CUST001204,1700.01,Debit Card,,0,success,2026-05-22 17:41:21,0.0
TXN0004814,CUST000520,6166.97,Bank Transfer,,4,success,2026-08-14 00:58:21,0.0
TXN0004815,CUST000860,1018.28,Debit Card,,1,success,2026-04-06 08:12:21,0.0
TXN0004816,CUST000047,658.13,Credit Card,,0,success,2025-12-25 18:59:21,0.0
TXN0004817,CUST000632,2926.59,Debit Card,,0,success,2026-03-02 02:09:21,0.0
TXN0004818,CUST001895,207.8,Digital Wallet,,4,success,2026-05-13 11:39:21,0.0
TXN0004819,CUST001262,39.47,Credit Card,,0,success,2025-10-02 10:26:21,0.0
TXN0004820,CUST000569,789.72,Wire Transfer,,0,success,2026-01-30 21:03:21,0.0
TXN0004821,CUST001037,1376.23,Debit Card,Card Declined,0,failed,2026-04-15 22:13:21,0.0
TXN0004822,CUST001964,422.97,Bank Transfer,,0,success,2025-09-26 11:01:21,0.0
TXN0004823,CUST000701,1547.29,Credit Card,,0,success,2026-05-17 11:20:21,0.0
TXN0004824,CUST000881,532.44,Bank Transfer,,0,success,2025-10-08 10:30:21,0.0
TXN0004825,CUST001562,2040.01,Credit Card,Card Declined,0,failed,2026-04-16 18:27:21,0.0
TXN0004826,CUST001169,937.45,Debit Card,,0,success,2026-07-24 06:41:21,0.0
TXN0004827,CUST001583,9423.0,Wire Transfer,,0,success,2025-09-21 20:36:21,0.0
TXN0004828,CUST000162,197.66,Bank Transfer,,0,success,2025-10-25 15:52:21,0.0
TXN0004829,CUST000818,88.47,Bank Transfer,,0,success,2026-07-18 05:53:21,0.0
TXN0004830,CUST001822,132.6,Bank Transfer,,0,success,2026-01-11 00:03:21,0.0
TXN0004831,CUST000639,96.83,Credit Card,,0,success,2025-12-30 18:01:21,0.0
TXN0004832,CUST001046,404.83,Credit Card,,0,success,2025-09-30 18:56:21,0.0
TXN0004833,CUST000001,8481.52,Wire Transfer,,0,pending,2026-01-03 08:51:21,0.0
TXN0004834,CUST001375,602.3,Credit Card,,1,success,2026-02-12 14:32:21,0.0
TXN0004835,CUST000053,1623.41,Bank Transfer,,0,success,2025-08-29 04:05:21,0.0
TXN0004836,CUST001230,265.12,Digital Wallet,,3,success,2026-08-19 15:47:21,0.0
TXN0004837,CUST000566,776.36,Credit Card,,0,success,2025-09-03 00:44:21,0.0
TXN0004838,CUST000823,2499.84,ACH,,3,success,2026-05-24 17:01:21,0.0
TXN0004839,CUST001752,1996.69,Wire Transfer,Amount Limit Exceeded,0,failed,2025-09-14 00:49:21,0.0
TXN0004840,CUST000358,424.4,Credit Card,Expired Card,2,failed,2026-07-25 01:32:21,160.8
TXN0004841,CUST001815,97.89,Credit Card,,0,pending,2026-03-23 17:09:21,0.0
TXN0004842,CUST000499,3770.16,Credit Card,,0,pending,2025-10-30 06:12:21,0.0
TXN0004843,CUST001517,5097.11,Bank Transfer,,4,success,2026-06-03 23:59:21,0.0
TXN0004844,CUST001182,536.26,Credit Card,,0,success,2026-08-27 02:08:21,0.0
TXN0004845,CUST000578,2655.98,Digital Wallet,Funding Source Declined,0,failed,2026-05-04 15:58:21,0.0
TXN0004846,CUST001717,1223.1,Credit Card,,0,success,2026-07-16 14:30:21,0.0
TXN0004847,CUST001433,74.41,Credit Card,,1,success,2026-01-31 19:09:21,0.0
TXN0004848,CUST001771,881.75,Digital Wallet,,0,pending,2026-05-16 06:15:21,0.0
TXN0004849,CUST000157,557.26,Digital Wallet,,0,success,2026-05-24 08:19:21,0.0
TXN0004850,CUST000766,117.27,Digital Wallet,Device Not Verified,0,failed,2025-11-28 06:06:21,0.0
TXN0004851,CUST001262,321.52,Credit Card,,0,success,2026-02-22 12:18:21,0.0
TXN0004852,CUST001002,824.79,Bank Transfer,,0,pending,2025-10-13 13:25:21,0.0
TXN0004853,CUST001071,334.78,Credit Card,,0,success,2026-07-21 02:53:21,0.0
TXN0004854,CUST000677,3197.32,Credit Card,,0,pending,2025-12-06 05:04:21,0.0
TXN0004855,CUST001553,550.05,Digital Wallet,,0,success,2026-05-09 15:15:21,0.0
TXN0004856,CUST000199,291.0,Debit Card,,0,success,2026-03-21 14:40:21,0.0
TXN0004857,CUST000188,895.45,Credit Card,,0,success,2026-08-06 09:25:21,0.0
TXN0004858,CUST001968,1083.43,Credit Card,,0,success,2026-04-17 20:16:21,0.0
TXN0004859,CUST001724,2696.2,Digital Wallet,,0,success,2026-06-09 04:44:21,0.0
TXN0004860,CUST000758,731.66,Credit Card,,2,success,2026-04-27 06:35:21,0.0
TXN0004861,CUST001892,10.0,Bank Transfer,Account Closed,0,failed,2026-06-09 16:31:21,0.0
TXN0004862,CUST000989,1018.09,Debit Card,,3,success,2026-03-29 09:03:21,0.0
TXN0004863,CUST001966,422.78,Credit Card,Address Mismatch,0,failed,2026-02-26 21:16:21,0.0
TXN0004864,CUST001951,7194.71,Credit Card,Insufficient Funds,3,failed,2026-05-23 06:37:21,3906.35
TXN0004865,CUST000022,810.53,Bank Transfer,,0,success,2025-11-29 05:46:21,0.0
TXN0004866,CUST001831,832.24,Debit Card,Card Declined,0,failed,2026-01-31 20:49:21,132.49
TXN0004867,CUST001360,65.28,Credit Card,,0,success,2026-03-17 18:02:21,0.0
TXN0004868,CUST001450,903.17,Digital Wallet,,0,success,2026-03-24 21:32:21,0.0
TXN0004869,CUST001604,63.6,Debit Card,,0,success,2026-05-25 12:51:21,0.0
TXN0004870,CUST000199,2389.73,Wire Transfer,,0,success,2025-10-26 00:07:21,0.0
TXN0004871,CUST000318,2284.78,Credit Card,,0,success,2026-07-16 12:30:21,0.0
TXN0004872,CUST000211,1099.9,Credit Card,Address Mismatch,0,failed,2025-09-06 09:04:21,0.0
TXN0004873,CUST000780,5656.23,Credit Card,,0,success,2026-07-12 08:25:21,0.0
TXN0004874,CUST001820,1161.08,Debit Card,,0,success,2025-09-02 08:55:21,0.0
TXN0004875,CUST000328,1240.45,Wire Transfer,,0,success,2026-06-20 09:21:21,0.0
TXN0004876,CUST000290,481.61,Debit Card,,2,success,2025-12-14 04:19:21,0.0
TXN0004877,CUST001297,526.36,Bank Transfer,,0,success,2026-02-26 12:03:21,0.0
TXN0004878,CUST001054,4383.61,Bank Transfer,,3,success,2025-11-09 20:19:21,0.0
TXN0004879,CUST000656,61.36,Credit Card,,0,success,2025-12-16 13:37:21,0.0
TXN0004880,CUST000177,7934.9,Wire Transfer,,0,success,2026-08-22 20:52:21,0.0
TXN0004881,CUST001539,145.66,Debit Card,,0,success,2026-06-21 14:48:21,0.0
TXN0004882,CUST001441,298.11,Credit Card,CVV Mismatch,1,failed,2026-08-04 11:46:21,110.4
TXN0004883,CUST001732,1562.82,ACH,,2,pending,2026-03-07 12:57:21,0.0
TXN0004884,CUST000521,414.46,Credit Card,,0,success,2025-11-16 18:21:21,0.0
TXN0004885,CUST000479,1988.97,Debit Card,Daily Limit Exceeded,0,failed,2026-08-05 21:45:21,0.0
TXN0004886,CUST001812,381.11,Digital Wallet,,0,success,2025-10-04 07:43:21,0.0
TXN0004887,CUST001871,353.12,Credit Card,,0,success,2026-08-19 20:26:21,0.0
TXN0004888,CUST000735,295.73,Debit Card,,1,pending,2026-05-27 00:28:21,0.0
TXN0004889,CUST000735,189.06,Debit Card,,1,success,2025-12-27 00:00:21,0.0
TXN0004890,CUST000818,295.84,Digital Wallet,,0,success,2025-10-21 22:26:21,0.0
TXN0004891,CUST000048,2066.13,Wire Transfer,,0,pending,2026-07-16 11:56:21,0.0
TXN0004892,CUST001197,2906.12,Credit Card,,0,success,2026-01-16 19:44:21,0.0
TXN0004893,CUST000167,840.07,Credit Card,Insufficient Funds,0,failed,2025-10-10 21:01:21,230.84
TXN0004894,CUST000452,127.42,Digital Wallet,,0,success,2025-12-19 15:56:21,0.0
TXN0004895,CUST000907,148.68,Bank Transfer,,0,success,2026-02-13 21:01:21,0.0
TXN0004896,CUST001867,106.32,Bank Transfer,,0,success,2025-10-13 01:24:21,0.0
TXN0004897,CUST001100,292.72,Credit Card,,1,success,2026-06-24 03:35:21,0.0
TXN0004898,CUST001812,101.8,Credit Card,Card Declined,2,failed,2026-05-20 15:04:21,48.84
TXN0004899,CUST000628,1066.16,ACH,,2,success,2025-10-30 23:46:21,0.0
TXN0004900,CUST001849,1860.28,Debit Card,,0,success,2025-11-05 13:28:21,0.0
TXN0004901,CUST001559,1863.41,Credit Card,CVV Mismatch,0,failed,2026-04-18 15:51:21,0.0
TXN0004902,CUST001568,253.98,Credit Card,,0,pending,2026-04-24 15:18:21,0.0
TXN0004903,CUST001167,1530.9,Credit Card,,0,success,2026-07-21 13:43:21,0.0
TXN0004904,CUST000532,14488.91,Digital Wallet,,0,success,2025-11-12 09:25:21,0.0
TXN0004905,CUST000478,1474.69,Digital Wallet,,2,pending,2026-06-23 15:13:21,0.0
TXN0004906,CUST001808,132.98,Debit Card,Account Locked,0,failed,2025-12-29 01:48:21,0.0
TXN0004907,CUST000166,363.13,Bank Transfer,,0,pending,2026-05-07 03:46:21,0.0
TXN0004908,CUST001011,13179.93,Wire Transfer,Amount Limit Exceeded,0,failed,2025-12-06 19:36:21,0.0
TXN0004909,CUST001533,5929.23,Credit Card,,0,success,2026-03-11 19:44:21,0.0
TXN0004910,CUST001215,751.49,Debit Card,,0,success,2026-02-20 10:46:21,0.0
TXN0004911,CUST000381,627.9,Debit Card,Card Declined,0,failed,2025-11-27 07:40:21,0.0
TXN0004912,CUST001080,967.99,Credit Card,CVV Mismatch,1,failed,2026-05-13 07:01:21,239.37
TXN0004913,CUST001054,712.62,Debit Card,,3,pending,2025-11-26 09:09:21,0.0
TXN0004914,CUST001704,462.26,Credit Card,,0,success,2026-01-30 11:57:21,0.0
TXN0004915,CUST001251,110.08,Credit Card,,0,success,2026-04-07 21:37:21,0.0
TXN0004916,CUST000983,1301.85,Credit Card,,0,success,2026-04-06 14:08:21,0.0
TXN0004917,CUST000973,538.93,Bank Transfer,Insufficient Funds,0,failed,2026-07-17 17:08:21,0.0
TXN0004918,CUST001401,402.11,Credit Card,,0,pending,2025-10-11 02:29:21,0.0
TXN0004919,CUST001276,4349.96,Bank Transfer,,0,success,2025-11-25 09:59:21,0.0
TXN0004920,CUST000179,2627.36,Credit Card,,1,success,2026-07-26 09:48:21,0.0
TXN0004921,CUST000646,542.05,Credit Card,,0,success,2026-06-08 19:00:21,0.0
TXN0004922,CUST000247,1120.68,ACH,,2,success,2025-09-29 04:38:21,0.0
TXN0004923,CUST001010,342.02,Credit Card,,0,success,2026-03-10 01:11:21,0.0
TXN0004924,CUST000729,443.45,Bank Transfer,,0,success,2026-07-22 20:39:21,0.0
TXN0004925,CUST000637,2702.63,Bank Transfer,,0,success,2025-10-18 20:00:21,0.0
TXN0004926,CUST000875,1158.51,Debit Card,,0,success,2026-08-02 14:15:21,0.0
TXN0004927,CUST001033,2851.88,Credit Card,Insufficient Funds,1,failed,2026-05-22 07:23:21,895.21
TXN0004928,CUST000671,100.75,Bank Transfer,,0,success,2026-06-10 02:29:21,0.0
TXN0004929,CUST000151,922.89,Bank Transfer,,0,success,2025-11-23 09:15:21,0.0
TXN0004930,CUST001358,2840.96,Digital Wallet,,0,success,2025-12-25 20:02:21,0.0
TXN0004931,CUST001163,1775.05,Credit Card,,0,success,2026-01-16 11:44:21,0.0
TXN0004932,CUST000125,1027.48,Debit Card,,0,success,2025-12-12 07:11:21,0.0
TXN0004933,CUST000372,502.41,Digital Wallet,,0,pending,2026-03-27 15:28:21,0.0
TXN0004934,CUST000976,767.54,Bank Transfer,,0,success,2026-01-15 09:13:21,0.0
TXN0004935,CUST001805,50.48,Credit Card,,0,success,2026-02-04 08:57:21,0.0
TXN0004936,CUST001676,3198.48,Credit Card,,0,success,2026-04-10 18:32:21,0.0
TXN0004937,CUST000193,190.27,Debit Card,,0,success,2026-02-08 06:49:21,0.0
TXN0004938,CUST000993,467.84,Digital Wallet,,0,success,2026-02-02 11:44:21,0.0
TXN0004939,CUST000203,4857.41,ACH,Routing Error,0,failed,2026-02-06 09:34:21,0.0
TXN0004940,CUST001279,1512.64,Credit Card,,0,success,2026-07-04 12:44:21,0.0
TXN0004941,CUST000121,1781.74,Credit Card,,1,success,2026-03-02 19:00:21,0.0
TXN0004942,CUST001896,1185.18,ACH,,0,success,2025-12-14 20:41:21,0.0
TXN0004943,CUST001604,1062.2,Digital Wallet,,0,success,2026-02-26 21:42:21,0.0
TXN0004944,CUST001607,2410.06,Debit Card,,0,success,2025-11-16 00:33:21,0.0
TXN0004945,CUST001003,283.96,Debit Card,,0,success,2026-03-17 15:20:21,0.0
TXN0004946,CUST000633,9919.85,Bank Transfer,,2,success,2026-01-27 00:15:21,0.0
TXN0004947,CUST000760,497.96,Bank Transfer,,0,success,2025-10-03 16:11:21,0.0
TXN0004948,CUST000519,45.92,Debit Card,Insufficient Funds,0,failed,2026-08-16 16:35:21,0.0
TXN0004949,CUST001365,17928.27,Digital Wallet,,0,success,2025-11-10 04:50:21,0.0
TXN0004950,CUST000935,867.17,ACH,,0,success,2026-02-20 06:19:21,0.0
TXN0004951,CUST001410,1774.93,ACH,,0,pending,2026-07-09 22:50:21,0.0
TXN0004952,CUST000695,1496.59,Credit Card,Card Declined,0,failed,2025-10-14 15:17:21,0.0
TXN0004953,CUST001379,973.79,Credit Card,,1,success,2025-12-06 12:07:21,0.0
TXN0004954,CUST000975,1892.35,Credit Card,,1,pending,2026-01-12 19:06:21,0.0
TXN0004955,CUST000654,1197.3,Credit Card,,1,success,2026-08-09 17:27:21,0.0
TXN0004956,CUST000621,140.91,Digital Wallet,,0,success,2026-04-15 11:38:21,0.0
TXN0004957,CUST001308,836.59,ACH,,3,success,2026-05-06 18:54:21,0.0
TXN0004958,CUST001009,205.1,Debit Card,Account Locked,0,failed,2025-11-13 03:19:21,0.0
TXN0004959,CUST001700,597.64,Bank Transfer,,1,success,2025-10-19 06:57:21,0.0
TXN0004960,CUST001945,8774.9,Credit Card,,1,success,2026-03-29 05:06:21,0.0
TXN0004961,CUST001951,9538.79,Credit Card,,3,success,2026-06-26 06:46:21,0.0
TXN0004962,CUST001506,1055.32,Credit Card,,0,success,2025-10-02 23:59:21,0.0
TXN0004963,CUST000469,387.14,Digital Wallet,,0,success,2025-10-18 00:13:21,0.0
TXN0004964,CUST001677,4484.6,Digital Wallet,,0,success,2026-04-15 09:54:21,0.0
TXN0004965,CUST000355,3529.27,Debit Card,,0,success,2025-12-14 22:03:21,0.0
TXN0004966,CUST000802,12111.96,Wire Transfer,,0,success,2025-09-30 08:48:21,0.0
TXN0004967,CUST000196,114.54,Credit Card,,2,success,2026-03-12 12:05:21,0.0
TXN0004968,CUST001269,416.56,Credit Card,Insufficient Funds,0,failed,2025-11-26 21:05:21,0.0
TXN0004969,CUST000037,740.28,ACH,,0,success,2025-11-02 20:57:21,0.0
TXN0004970,CUST000618,369.04,Credit Card,,0,success,2026-02-23 16:22:21,0.0
TXN0004971,CUST000825,152.72,Debit Card,Daily Limit Exceeded,0,failed,2025-11-29 23:48:21,0.0
TXN0004972,CUST001591,209.3,Credit Card,Expired Card,2,failed,2025-09-26 12:09:21,66.23
TXN0004973,CUST000616,7811.94,Credit Card,Insufficient Funds,1,failed,2026-02-03 14:00:21,1799.61
TXN0004974,CUST000197,3000.42,Credit Card,CVV Mismatch,0,failed,2025-09-19 13:57:21,0.0
TXN0004975,CUST001652,240.39,Digital Wallet,,3,success,2026-04-24 23:21:21,0.0
TXN0004976,CUST001462,420.63,Credit Card,Card Declined,1,failed,2026-08-06 15:43:21,131.5
TXN0004977,CUST001020,4006.88,Credit Card,,0,success,2026-02-03 07:21:21,0.0
TXN0004978,CUST000392,209.23,Credit Card,,0,success,2026-08-19 05:59:21,0.0
TXN0004979,CUST001389,186.52,Digital Wallet,Account Suspended,0,failed,2026-01-15 09:26:21,20.44
TXN0004980,CUST000943,2270.81,Digital Wallet,,0,success,2025-11-07 06:57:21,0.0
TXN0004981,CUST001436,92.42,Digital Wallet,,3,success,2025-11-30 22:08:21,0.0
TXN0004982,CUST000815,330.65,Debit Card,Account Locked,0,failed,2026-02-22 13:37:21,96.45
TXN0004983,CUST001362,1459.81,Bank Transfer,,0,success,2025-11-01 19:00:21,0.0
TXN0004984,CUST000512,162.91,Debit Card,,0,success,2026-05-18 18:57:21,0.0
TXN0004985,CUST000754,785.52,Bank Transfer,,0,success,2026-02-26 09:55:21,0.0
TXN0004986,CUST000094,8998.64,Digital Wallet,,0,success,2026-01-08 04:20:21,0.0
TXN0004987,CUST000440,137.04,Digital Wallet,Funding Source Declined,2,failed,2026-03-05 04:40:21,74.78
TXN0004988,CUST000052,3453.16,ACH,Amount Limit Exceeded,0,failed,2025-12-31 23:18:21,0.0
TXN0004989,CUST000635,2434.77,Debit Card,,0,success,2026-05-03 19:03:21,0.0
TXN0004990,CUST001891,194.57,Digital Wallet,Device Not Verified,0,failed,2025-11-10 19:00:21,0.0
TXN0004991,CUST001812,536.54,Credit Card,Insufficient Funds,0,failed,2025-12-05 08:16:21,88.71
TXN0004992,CUST001750,857.42,Debit Card,,0,success,2025-09-21 07:46:21,0.0
TXN0004993,CUST001652,421.36,Credit Card,,3,success,2026-05-03 20:39:21,0.0
TXN0004994,CUST001728,415.97,Bank Transfer,,0,pending,2026-06-10 19:36:21,0.0
TXN0004995,CUST001280,800.55,Bank Transfer,,0,success,2026-03-06 02:46:21,0.0
TXN0004996,CUST001837,480.54,Digital Wallet,,0,success,2025-10-29 23:43:21,0.0
TXN0004997,CUST000140,192.01,Credit Card,CVV Mismatch,0,failed,2025-12-03 20:01:21,21.91
TXN0004998,CUST000213,2752.32,ACH,Amount Limit Exceeded,0,failed,2026-05-20 03:24:21,0.0
TXN0004999,CUST000125,985.15,Bank Transfer,,0,success,2026-06-07 20:23:21,0.0
TXN0005000,CUST001200,4235.49,Credit Card,,0,success,2025-10-03 14:52:21,0.0
